Seat,State,DivisionID,Eliminated,AliveSet,Recipient,Votes,ScenarioTotal,Share,Method,VoteBasis,CandidateCount,LastSurvivorCandidate,LastSurvivorSubtype,LastSurvivorIdeologyFamily,LastSurvivorPrimaryCoverage,DefaultEvidenceMultiplier,EffectiveEvidenceMultiplier,OverrideApplied,Source,EvidenceSourceModel,GeographicUse,DevelopmentOnly
Aston,VIC,197,ON,ALP+GRN+LNP,ALP,548.9370629370629,3738.0,0.1468531468531468,PROPORTIONAL_PRIMARY_ORIGIN_PASS_THROUGH,ALL_CATEGORY_PRIMARY_VOTES_TRACED_PROPORTIONALLY,1,John De Wacht,ON,,1.0,1.0,1.0,False,AEC_CANDIDATE_ROUNDS_CATEGORY_EXIT,FEDERAL_2025_VIC,STATEWIDE_POOL_ONLY,True
Aston,VIC,197,ON,ALP+GRN+LNP,GRN,909.4698509038132,3738.0,0.2433038659453753,PROPORTIONAL_PRIMARY_ORIGIN_PASS_THROUGH,ALL_CATEGORY_PRIMARY_VOTES_TRACED_PROPORTIONALLY,1,John De Wacht,ON,,1.0,1.0,1.0,False,AEC_CANDIDATE_ROUNDS_CATEGORY_EXIT,FEDERAL_2025_VIC,STATEWIDE_POOL_ONLY,True
Aston,VIC,197,ON,ALP+GRN+LNP,LNP,2279.593086159124,3738.0,0.6098429872014779,PROPORTIONAL_PRIMARY_ORIGIN_PASS_THROUGH,ALL_CATEGORY_PRIMARY_VOTES_TRACED_PROPORTIONALLY,1,John De Wacht,ON,,1.0,1.0,1.0,False,AEC_CANDIDATE_ROUNDS_CATEGORY_EXIT,FEDERAL_2025_VIC,STATEWIDE_POOL_ONLY,True
Aston,VIC,197,OTH,ALP+GRN+LNP+ON,ALP,2228.0,11134.0,0.2001077779773666,PROPORTIONAL_PRIMARY_ORIGIN_PASS_THROUGH,ALL_CATEGORY_PRIMARY_VOTES_TRACED_PROPORTIONALLY,5,Mark Grondman,IND_MINOR,LEFT,0.2190587389976648,1.0,1.0,False,AEC_CANDIDATE_ROUNDS_CATEGORY_EXIT,FEDERAL_2025_VIC,STATEWIDE_POOL_ONLY,True
Aston,VIC,197,OTH,ALP+GRN+LNP+ON,GRN,2558.0,11134.0,0.2297467217531884,PROPORTIONAL_PRIMARY_ORIGIN_PASS_THROUGH,ALL_CATEGORY_PRIMARY_VOTES_TRACED_PROPORTIONALLY,5,Mark Grondman,IND_MINOR,LEFT,0.2190587389976648,1.0,1.0,False,AEC_CANDIDATE_ROUNDS_CATEGORY_EXIT,FEDERAL_2025_VIC,STATEWIDE_POOL_ONLY,True
Aston,VIC,197,OTH,ALP+GRN+LNP+ON,LNP,2507.0,11134.0,0.2251661577151068,PROPORTIONAL_PRIMARY_ORIGIN_PASS_THROUGH,ALL_CATEGORY_PRIMARY_VOTES_TRACED_PROPORTIONALLY,5,Mark Grondman,IND_MINOR,LEFT,0.2190587389976648,1.0,1.0,False,AEC_CANDIDATE_ROUNDS_CATEGORY_EXIT,FEDERAL_2025_VIC,STATEWIDE_POOL_ONLY,True
Aston,VIC,197,OTH,ALP+GRN+LNP+ON,ON,3841.0,11134.0,0.344979342554338,PROPORTIONAL_PRIMARY_ORIGIN_PASS_THROUGH,ALL_CATEGORY_PRIMARY_VOTES_TRACED_PROPORTIONALLY,5,Mark Grondman,IND_MINOR,LEFT,0.2190587389976648,1.0,1.0,False,AEC_CANDIDATE_ROUNDS_CATEGORY_EXIT,FEDERAL_2025_VIC,STATEWIDE_POOL_ONLY,True
Ballarat,VIC,198,ON,ALP+GRN+LNP,ALP,1724.0138321574452,8029.0,0.2147233568510954,PROPORTIONAL_PRIMARY_ORIGIN_PASS_THROUGH,ALL_CATEGORY_PRIMARY_VOTES_TRACED_PROPORTIONALLY,1,Terri Pryse-Smith,ON,,1.0,1.0,1.0,False,AEC_CANDIDATE_ROUNDS_CATEGORY_EXIT,FEDERAL_2025_VIC,STATEWIDE_POOL_ONLY,True
Ballarat,VIC,198,ON,ALP+GRN+LNP,GRN,1285.743130337913,8029.0,0.1601373932417378,PROPORTIONAL_PRIMARY_ORIGIN_PASS_THROUGH,ALL_CATEGORY_PRIMARY_VOTES_TRACED_PROPORTIONALLY,1,Terri Pryse-Smith,ON,,1.0,1.0,1.0,False,AEC_CANDIDATE_ROUNDS_CATEGORY_EXIT,FEDERAL_2025_VIC,STATEWIDE_POOL_ONLY,True
Ballarat,VIC,198,ON,ALP+GRN+LNP,LNP,5019.2430375046415,8029.0,0.6251392499071667,PROPORTIONAL_PRIMARY_ORIGIN_PASS_THROUGH,ALL_CATEGORY_PRIMARY_VOTES_TRACED_PROPORTIONALLY,1,Terri Pryse-Smith,ON,,1.0,1.0,1.0,False,AEC_CANDIDATE_ROUNDS_CATEGORY_EXIT,FEDERAL_2025_VIC,STATEWIDE_POOL_ONLY,True
Ballarat,VIC,198,OTH,ALP+GRN+LNP+ON,ALP,1624.0,7371.0,0.2203228869895536,PROPORTIONAL_PRIMARY_ORIGIN_PASS_THROUGH,ALL_CATEGORY_PRIMARY_VOTES_TRACED_PROPORTIONALLY,3,Ian Maxwell Harkness,OTH_FFPA,RIGHT,0.4147334147334147,1.0,1.0,False,AEC_CANDIDATE_ROUNDS_CATEGORY_EXIT,FEDERAL_2025_VIC,STATEWIDE_POOL_ONLY,True
Ballarat,VIC,198,OTH,ALP+GRN+LNP+ON,GRN,1308.0,7371.0,0.1774521774521774,PROPORTIONAL_PRIMARY_ORIGIN_PASS_THROUGH,ALL_CATEGORY_PRIMARY_VOTES_TRACED_PROPORTIONALLY,3,Ian Maxwell Harkness,OTH_FFPA,RIGHT,0.4147334147334147,1.0,1.0,False,AEC_CANDIDATE_ROUNDS_CATEGORY_EXIT,FEDERAL_2025_VIC,STATEWIDE_POOL_ONLY,True
Ballarat,VIC,198,OTH,ALP+GRN+LNP+ON,LNP,1696.0,7371.0,0.2300908967575634,PROPORTIONAL_PRIMARY_ORIGIN_PASS_THROUGH,ALL_CATEGORY_PRIMARY_VOTES_TRACED_PROPORTIONALLY,3,Ian Maxwell Harkness,OTH_FFPA,RIGHT,0.4147334147334147,1.0,1.0,False,AEC_CANDIDATE_ROUNDS_CATEGORY_EXIT,FEDERAL_2025_VIC,STATEWIDE_POOL_ONLY,True
Ballarat,VIC,198,OTH,ALP+GRN+LNP+ON,ON,2743.0,7371.0,0.3721340388007054,PROPORTIONAL_PRIMARY_ORIGIN_PASS_THROUGH,ALL_CATEGORY_PRIMARY_VOTES_TRACED_PROPORTIONALLY,3,Ian Maxwell Harkness,OTH_FFPA,RIGHT,0.4147334147334147,1.0,1.0,False,AEC_CANDIDATE_ROUNDS_CATEGORY_EXIT,FEDERAL_2025_VIC,STATEWIDE_POOL_ONLY,True
Bendigo,VIC,200,ON,ALP+GRN+LNP,ALP,715.6053231939164,5262.0,0.1359949302915082,PROPORTIONAL_PRIMARY_ORIGIN_PASS_THROUGH,ALL_CATEGORY_PRIMARY_VOTES_TRACED_PROPORTIONALLY,1,Heather Freeman,ON,,1.0,1.0,1.0,False,AEC_CANDIDATE_ROUNDS_CATEGORY_EXIT,FEDERAL_2025_VIC,STATEWIDE_POOL_ONLY,True
Bendigo,VIC,200,ON,ALP+GRN+LNP,GRN,728.2768060836502,5262.0,0.138403041825095,PROPORTIONAL_PRIMARY_ORIGIN_PASS_THROUGH,ALL_CATEGORY_PRIMARY_VOTES_TRACED_PROPORTIONALLY,1,Heather Freeman,ON,,1.0,1.0,1.0,False,AEC_CANDIDATE_ROUNDS_CATEGORY_EXIT,FEDERAL_2025_VIC,STATEWIDE_POOL_ONLY,True
Bendigo,VIC,200,ON,ALP+GRN+LNP,LNP,3818.1178707224335,5262.0,0.7256020278833968,PROPORTIONAL_PRIMARY_ORIGIN_PASS_THROUGH,ALL_CATEGORY_PRIMARY_VOTES_TRACED_PROPORTIONALLY,1,Heather Freeman,ON,,1.0,1.0,1.0,False,AEC_CANDIDATE_ROUNDS_CATEGORY_EXIT,FEDERAL_2025_VIC,STATEWIDE_POOL_ONLY,True
Bendigo,VIC,200,OTH,ALP+GRN+LNP+ON,ALP,1782.0,10622.0,0.1677650160045189,PROPORTIONAL_PRIMARY_ORIGIN_PASS_THROUGH,ALL_CATEGORY_PRIMARY_VOTES_TRACED_PROPORTIONALLY,5,Wayne Taylor,OTH_HMP,CENTRE_LEFT,0.3451327433628318,1.0,1.0,False,AEC_CANDIDATE_ROUNDS_CATEGORY_EXIT,FEDERAL_2025_VIC,STATEWIDE_POOL_ONLY,True
Bendigo,VIC,200,OTH,ALP+GRN+LNP+ON,GRN,3545.0,10622.0,0.3337412916588213,PROPORTIONAL_PRIMARY_ORIGIN_PASS_THROUGH,ALL_CATEGORY_PRIMARY_VOTES_TRACED_PROPORTIONALLY,5,Wayne Taylor,OTH_HMP,CENTRE_LEFT,0.3451327433628318,1.0,1.0,False,AEC_CANDIDATE_ROUNDS_CATEGORY_EXIT,FEDERAL_2025_VIC,STATEWIDE_POOL_ONLY,True
Bendigo,VIC,200,OTH,ALP+GRN+LNP+ON,LNP,2667.0,10622.0,0.2510826586330258,PROPORTIONAL_PRIMARY_ORIGIN_PASS_THROUGH,ALL_CATEGORY_PRIMARY_VOTES_TRACED_PROPORTIONALLY,5,Wayne Taylor,OTH_HMP,CENTRE_LEFT,0.3451327433628318,1.0,1.0,False,AEC_CANDIDATE_ROUNDS_CATEGORY_EXIT,FEDERAL_2025_VIC,STATEWIDE_POOL_ONLY,True
Bendigo,VIC,200,OTH,ALP+GRN+LNP+ON,ON,2628.0,10622.0,0.2474110337036339,PROPORTIONAL_PRIMARY_ORIGIN_PASS_THROUGH,ALL_CATEGORY_PRIMARY_VOTES_TRACED_PROPORTIONALLY,5,Wayne Taylor,OTH_HMP,CENTRE_LEFT,0.3451327433628318,1.0,1.0,False,AEC_CANDIDATE_ROUNDS_CATEGORY_EXIT,FEDERAL_2025_VIC,STATEWIDE_POOL_ONLY,True
Bruce,VIC,201,ON,ALP+GRN+LNP,ALP,1770.3669311601973,8931.0,0.1982271784973908,PROPORTIONAL_PRIMARY_ORIGIN_PASS_THROUGH,ALL_CATEGORY_PRIMARY_VOTES_TRACED_PROPORTIONALLY,1,Bianca Colecchia,ON,,1.0,1.0,1.0,False,AEC_CANDIDATE_ROUNDS_CATEGORY_EXIT,FEDERAL_2025_VIC,STATEWIDE_POOL_ONLY,True
Bruce,VIC,201,ON,ALP+GRN+LNP,GRN,2163.001501179498,8931.0,0.2421902923725784,PROPORTIONAL_PRIMARY_ORIGIN_PASS_THROUGH,ALL_CATEGORY_PRIMARY_VOTES_TRACED_PROPORTIONALLY,1,Bianca Colecchia,ON,,1.0,1.0,1.0,False,AEC_CANDIDATE_ROUNDS_CATEGORY_EXIT,FEDERAL_2025_VIC,STATEWIDE_POOL_ONLY,True
Bruce,VIC,201,ON,ALP+GRN+LNP,LNP,4997.631567660304,8931.0,0.5595825291300308,PROPORTIONAL_PRIMARY_ORIGIN_PASS_THROUGH,ALL_CATEGORY_PRIMARY_VOTES_TRACED_PROPORTIONALLY,1,Bianca Colecchia,ON,,1.0,1.0,1.0,False,AEC_CANDIDATE_ROUNDS_CATEGORY_EXIT,FEDERAL_2025_VIC,STATEWIDE_POOL_ONLY,True
Bruce,VIC,201,OTH,ALP+GRN+LNP+ON,ALP,2499.0,12578.0,0.1986802353315312,PROPORTIONAL_PRIMARY_ORIGIN_PASS_THROUGH,ALL_CATEGORY_PRIMARY_VOTES_TRACED_PROPORTIONALLY,4,Wendy Birchall,OTH_FFPA,RIGHT,0.3335983463189696,1.0,1.0,False,AEC_CANDIDATE_ROUNDS_CATEGORY_EXIT,FEDERAL_2025_VIC,STATEWIDE_POOL_ONLY,True
Bruce,VIC,201,OTH,ALP+GRN+LNP+ON,GRN,2287.0,12578.0,0.1818254094450628,PROPORTIONAL_PRIMARY_ORIGIN_PASS_THROUGH,ALL_CATEGORY_PRIMARY_VOTES_TRACED_PROPORTIONALLY,4,Wendy Birchall,OTH_FFPA,RIGHT,0.3335983463189696,1.0,1.0,False,AEC_CANDIDATE_ROUNDS_CATEGORY_EXIT,FEDERAL_2025_VIC,STATEWIDE_POOL_ONLY,True
Bruce,VIC,201,OTH,ALP+GRN+LNP+ON,LNP,2734.0,12578.0,0.2173636508188901,PROPORTIONAL_PRIMARY_ORIGIN_PASS_THROUGH,ALL_CATEGORY_PRIMARY_VOTES_TRACED_PROPORTIONALLY,4,Wendy Birchall,OTH_FFPA,RIGHT,0.3335983463189696,1.0,1.0,False,AEC_CANDIDATE_ROUNDS_CATEGORY_EXIT,FEDERAL_2025_VIC,STATEWIDE_POOL_ONLY,True
Bruce,VIC,201,OTH,ALP+GRN+LNP+ON,ON,5058.0,12578.0,0.4021307044045158,PROPORTIONAL_PRIMARY_ORIGIN_PASS_THROUGH,ALL_CATEGORY_PRIMARY_VOTES_TRACED_PROPORTIONALLY,4,Wendy Birchall,OTH_FFPA,RIGHT,0.3335983463189696,1.0,1.0,False,AEC_CANDIDATE_ROUNDS_CATEGORY_EXIT,FEDERAL_2025_VIC,STATEWIDE_POOL_ONLY,True
Calwell,VIC,203,ON,ALP+GRN+IND+LNP,ALP,335.61301916932905,3375.0,0.09944089456869,PROPORTIONAL_PRIMARY_ORIGIN_PASS_THROUGH,ALL_CATEGORY_PRIMARY_VOTES_TRACED_PROPORTIONALLY,1,Luay Toma,ON,,1.0,1.0,1.0,False,AEC_CANDIDATE_ROUNDS_CATEGORY_EXIT,FEDERAL_2025_VIC,STATEWIDE_POOL_ONLY,True
Calwell,VIC,203,ON,ALP+GRN+IND+LNP,GRN,220.3724041533546,3375.0,0.0652955271565495,PROPORTIONAL_PRIMARY_ORIGIN_PASS_THROUGH,ALL_CATEGORY_PRIMARY_VOTES_TRACED_PROPORTIONALLY,1,Luay Toma,ON,,1.0,1.0,1.0,False,AEC_CANDIDATE_ROUNDS_CATEGORY_EXIT,FEDERAL_2025_VIC,STATEWIDE_POOL_ONLY,True
Calwell,VIC,203,ON,ALP+GRN+IND+LNP,IND,1969.19928115016,3375.0,0.5834664536741215,PROPORTIONAL_PRIMARY_ORIGIN_PASS_THROUGH,ALL_CATEGORY_PRIMARY_VOTES_TRACED_PROPORTIONALLY,1,Luay Toma,ON,,1.0,1.0,1.0,False,AEC_CANDIDATE_ROUNDS_CATEGORY_EXIT,FEDERAL_2025_VIC,STATEWIDE_POOL_ONLY,True
Calwell,VIC,203,ON,ALP+GRN+IND+LNP,LNP,849.8152955271565,3375.0,0.2517971246006389,PROPORTIONAL_PRIMARY_ORIGIN_PASS_THROUGH,ALL_CATEGORY_PRIMARY_VOTES_TRACED_PROPORTIONALLY,1,Luay Toma,ON,,1.0,1.0,1.0,False,AEC_CANDIDATE_ROUNDS_CATEGORY_EXIT,FEDERAL_2025_VIC,STATEWIDE_POOL_ONLY,True
Calwell,VIC,203,OTH,ALP+GRN+IND+LNP+ON,ALP,2092.0,10974.0,0.1906324038636777,PROPORTIONAL_PRIMARY_ORIGIN_PASS_THROUGH,ALL_CATEGORY_PRIMARY_VOTES_TRACED_PROPORTIONALLY,6,Gianni Del Rosario-Makridis,OTH_HMP,CENTRE_LEFT,0.2590668853654091,1.0,1.0,False,AEC_CANDIDATE_ROUNDS_CATEGORY_EXIT,FEDERAL_2025_VIC,STATEWIDE_POOL_ONLY,True
Calwell,VIC,203,OTH,ALP+GRN+IND+LNP+ON,GRN,1405.0,10974.0,0.1280298888281392,PROPORTIONAL_PRIMARY_ORIGIN_PASS_THROUGH,ALL_CATEGORY_PRIMARY_VOTES_TRACED_PROPORTIONALLY,6,Gianni Del Rosario-Makridis,OTH_HMP,CENTRE_LEFT,0.2590668853654091,1.0,1.0,False,AEC_CANDIDATE_ROUNDS_CATEGORY_EXIT,FEDERAL_2025_VIC,STATEWIDE_POOL_ONLY,True
Calwell,VIC,203,OTH,ALP+GRN+IND+LNP+ON,IND,4556.000000000001,10974.0,0.4151631128121014,PROPORTIONAL_PRIMARY_ORIGIN_PASS_THROUGH,ALL_CATEGORY_PRIMARY_VOTES_TRACED_PROPORTIONALLY,6,Gianni Del Rosario-Makridis,OTH_HMP,CENTRE_LEFT,0.2590668853654091,1.0,1.0,False,AEC_CANDIDATE_ROUNDS_CATEGORY_EXIT,FEDERAL_2025_VIC,STATEWIDE_POOL_ONLY,True
Calwell,VIC,203,OTH,ALP+GRN+IND+LNP+ON,LNP,1288.0,10974.0,0.1173683251321305,PROPORTIONAL_PRIMARY_ORIGIN_PASS_THROUGH,ALL_CATEGORY_PRIMARY_VOTES_TRACED_PROPORTIONALLY,6,Gianni Del Rosario-Makridis,OTH_HMP,CENTRE_LEFT,0.2590668853654091,1.0,1.0,False,AEC_CANDIDATE_ROUNDS_CATEGORY_EXIT,FEDERAL_2025_VIC,STATEWIDE_POOL_ONLY,True
Calwell,VIC,203,OTH,ALP+GRN+IND+LNP+ON,ON,1633.0000000000002,10974.0,0.1488062693639511,PROPORTIONAL_PRIMARY_ORIGIN_PASS_THROUGH,ALL_CATEGORY_PRIMARY_VOTES_TRACED_PROPORTIONALLY,6,Gianni Del Rosario-Makridis,OTH_HMP,CENTRE_LEFT,0.2590668853654091,1.0,1.0,False,AEC_CANDIDATE_ROUNDS_CATEGORY_EXIT,FEDERAL_2025_VIC,STATEWIDE_POOL_ONLY,True
Casey,VIC,204,ON,ALP+GRN+IND+LNP,ALP,517.0475447357469,5603.0,0.0922804827299209,PROPORTIONAL_PRIMARY_ORIGIN_PASS_THROUGH,ALL_CATEGORY_PRIMARY_VOTES_TRACED_PROPORTIONALLY,1,Ambere Livori,ON,,1.0,1.0,1.0,False,AEC_CANDIDATE_ROUNDS_CATEGORY_EXIT,FEDERAL_2025_VIC,STATEWIDE_POOL_ONLY,True
Casey,VIC,204,ON,ALP+GRN+IND+LNP,GRN,601.5705368289638,5603.0,0.1073657927590511,PROPORTIONAL_PRIMARY_ORIGIN_PASS_THROUGH,ALL_CATEGORY_PRIMARY_VOTES_TRACED_PROPORTIONALLY,1,Ambere Livori,ON,,1.0,1.0,1.0,False,AEC_CANDIDATE_ROUNDS_CATEGORY_EXIT,FEDERAL_2025_VIC,STATEWIDE_POOL_ONLY,True
Casey,VIC,204,ON,ALP+GRN+IND+LNP,IND,1485.8559092800665,5603.0,0.2651893466500208,PROPORTIONAL_PRIMARY_ORIGIN_PASS_THROUGH,ALL_CATEGORY_PRIMARY_VOTES_TRACED_PROPORTIONALLY,1,Ambere Livori,ON,,1.0,1.0,1.0,False,AEC_CANDIDATE_ROUNDS_CATEGORY_EXIT,FEDERAL_2025_VIC,STATEWIDE_POOL_ONLY,True
Casey,VIC,204,ON,ALP+GRN+IND+LNP,LNP,2998.5260091552227,5603.0,0.5351643778610072,PROPORTIONAL_PRIMARY_ORIGIN_PASS_THROUGH,ALL_CATEGORY_PRIMARY_VOTES_TRACED_PROPORTIONALLY,1,Ambere Livori,ON,,1.0,1.0,1.0,False,AEC_CANDIDATE_ROUNDS_CATEGORY_EXIT,FEDERAL_2025_VIC,STATEWIDE_POOL_ONLY,True
Casey,VIC,204,OTH,ALP+GRN+IND+LNP+ON,ALP,776.0,9249.0,0.0839009622661909,PROPORTIONAL_PRIMARY_ORIGIN_PASS_THROUGH,ALL_CATEGORY_PRIMARY_VOTES_TRACED_PROPORTIONALLY,3,Phillip Courtis,OTH_CYA,RIGHT,0.4017731646664504,1.0,1.0,False,AEC_CANDIDATE_ROUNDS_CATEGORY_EXIT,FEDERAL_2025_VIC,STATEWIDE_POOL_ONLY,True
Casey,VIC,204,OTH,ALP+GRN+IND+LNP+ON,GRN,1378.0,9249.0,0.1489890799005297,PROPORTIONAL_PRIMARY_ORIGIN_PASS_THROUGH,ALL_CATEGORY_PRIMARY_VOTES_TRACED_PROPORTIONALLY,3,Phillip Courtis,OTH_CYA,RIGHT,0.4017731646664504,1.0,1.0,False,AEC_CANDIDATE_ROUNDS_CATEGORY_EXIT,FEDERAL_2025_VIC,STATEWIDE_POOL_ONLY,True
Casey,VIC,204,OTH,ALP+GRN+IND+LNP+ON,IND,1265.0,9249.0,0.1367715428694994,PROPORTIONAL_PRIMARY_ORIGIN_PASS_THROUGH,ALL_CATEGORY_PRIMARY_VOTES_TRACED_PROPORTIONALLY,3,Phillip Courtis,OTH_CYA,RIGHT,0.4017731646664504,1.0,1.0,False,AEC_CANDIDATE_ROUNDS_CATEGORY_EXIT,FEDERAL_2025_VIC,STATEWIDE_POOL_ONLY,True
Casey,VIC,204,OTH,ALP+GRN+IND+LNP+ON,LNP,1821.0,9249.0,0.1968861498540382,PROPORTIONAL_PRIMARY_ORIGIN_PASS_THROUGH,ALL_CATEGORY_PRIMARY_VOTES_TRACED_PROPORTIONALLY,3,Phillip Courtis,OTH_CYA,RIGHT,0.4017731646664504,1.0,1.0,False,AEC_CANDIDATE_ROUNDS_CATEGORY_EXIT,FEDERAL_2025_VIC,STATEWIDE_POOL_ONLY,True
Casey,VIC,204,OTH,ALP+GRN+IND+LNP+ON,ON,4008.999999999999,9249.0,0.4334522651097416,PROPORTIONAL_PRIMARY_ORIGIN_PASS_THROUGH,ALL_CATEGORY_PRIMARY_VOTES_TRACED_PROPORTIONALLY,3,Phillip Courtis,OTH_CYA,RIGHT,0.4017731646664504,1.0,1.0,False,AEC_CANDIDATE_ROUNDS_CATEGORY_EXIT,FEDERAL_2025_VIC,STATEWIDE_POOL_ONLY,True
Chisholm,VIC,205,ON,ALP+GRN+IND+LNP,ALP,154.37029121025915,2156.0,0.0716003205984504,PROPORTIONAL_PRIMARY_ORIGIN_PASS_THROUGH,ALL_CATEGORY_PRIMARY_VOTES_TRACED_PROPORTIONALLY,1,Guy Livori,ON,,1.0,1.0,1.0,False,AEC_CANDIDATE_ROUNDS_CATEGORY_EXIT,FEDERAL_2025_VIC,STATEWIDE_POOL_ONLY,True
Chisholm,VIC,205,ON,ALP+GRN+IND+LNP,GRN,152.0662570130911,2156.0,0.070531659096981,PROPORTIONAL_PRIMARY_ORIGIN_PASS_THROUGH,ALL_CATEGORY_PRIMARY_VOTES_TRACED_PROPORTIONALLY,1,Guy Livori,ON,,1.0,1.0,1.0,False,AEC_CANDIDATE_ROUNDS_CATEGORY_EXIT,FEDERAL_2025_VIC,STATEWIDE_POOL_ONLY,True
Chisholm,VIC,205,ON,ALP+GRN+IND+LNP,IND,558.7282928132514,2156.0,0.2591504141063318,PROPORTIONAL_PRIMARY_ORIGIN_PASS_THROUGH,ALL_CATEGORY_PRIMARY_VOTES_TRACED_PROPORTIONALLY,1,Guy Livori,ON,,1.0,1.0,1.0,False,AEC_CANDIDATE_ROUNDS_CATEGORY_EXIT,FEDERAL_2025_VIC,STATEWIDE_POOL_ONLY,True
Chisholm,VIC,205,ON,ALP+GRN+IND+LNP,LNP,1290.8351589633985,2156.0,0.5987176061982368,PROPORTIONAL_PRIMARY_ORIGIN_PASS_THROUGH,ALL_CATEGORY_PRIMARY_VOTES_TRACED_PROPORTIONALLY,1,Guy Livori,ON,,1.0,1.0,1.0,False,AEC_CANDIDATE_ROUNDS_CATEGORY_EXIT,FEDERAL_2025_VIC,STATEWIDE_POOL_ONLY,True
Chisholm,VIC,205,OTH,ALP+GRN+IND+LNP+ON,ALP,455.0,4148.0,0.1096914175506268,PROPORTIONAL_PRIMARY_ORIGIN_PASS_THROUGH,ALL_CATEGORY_PRIMARY_VOTES_TRACED_PROPORTIONALLY,2,Gary Ong,OTH_FFPA,RIGHT,0.5831726133076182,1.0,1.0,False,AEC_CANDIDATE_ROUNDS_CATEGORY_EXIT,FEDERAL_2025_VIC,STATEWIDE_POOL_ONLY,True
Chisholm,VIC,205,OTH,ALP+GRN+IND+LNP+ON,GRN,428.0,4148.0,0.103182256509161,PROPORTIONAL_PRIMARY_ORIGIN_PASS_THROUGH,ALL_CATEGORY_PRIMARY_VOTES_TRACED_PROPORTIONALLY,2,Gary Ong,OTH_FFPA,RIGHT,0.5831726133076182,1.0,1.0,False,AEC_CANDIDATE_ROUNDS_CATEGORY_EXIT,FEDERAL_2025_VIC,STATEWIDE_POOL_ONLY,True
Chisholm,VIC,205,OTH,ALP+GRN+IND+LNP+ON,IND,555.0,4148.0,0.1337994214079074,PROPORTIONAL_PRIMARY_ORIGIN_PASS_THROUGH,ALL_CATEGORY_PRIMARY_VOTES_TRACED_PROPORTIONALLY,2,Gary Ong,OTH_FFPA,RIGHT,0.5831726133076182,1.0,1.0,False,AEC_CANDIDATE_ROUNDS_CATEGORY_EXIT,FEDERAL_2025_VIC,STATEWIDE_POOL_ONLY,True
Chisholm,VIC,205,OTH,ALP+GRN+IND+LNP+ON,LNP,1123.0,4148.0,0.2707328833172613,PROPORTIONAL_PRIMARY_ORIGIN_PASS_THROUGH,ALL_CATEGORY_PRIMARY_VOTES_TRACED_PROPORTIONALLY,2,Gary Ong,OTH_FFPA,RIGHT,0.5831726133076182,1.0,1.0,False,AEC_CANDIDATE_ROUNDS_CATEGORY_EXIT,FEDERAL_2025_VIC,STATEWIDE_POOL_ONLY,True
Chisholm,VIC,205,OTH,ALP+GRN+IND+LNP+ON,ON,1587.0,4148.0,0.3825940212150434,PROPORTIONAL_PRIMARY_ORIGIN_PASS_THROUGH,ALL_CATEGORY_PRIMARY_VOTES_TRACED_PROPORTIONALLY,2,Gary Ong,OTH_FFPA,RIGHT,0.5831726133076182,1.0,1.0,False,AEC_CANDIDATE_ROUNDS_CATEGORY_EXIT,FEDERAL_2025_VIC,STATEWIDE_POOL_ONLY,True
Cooper,VIC,320,ON,ALP+GRN+LNP+OTH,ALP,1258.9218573046433,5684.0,0.2214851965701342,PROPORTIONAL_PRIMARY_ORIGIN_PASS_THROUGH,ALL_CATEGORY_PRIMARY_VOTES_TRACED_PROPORTIONALLY,1,William Turner,ON,,1.0,1.0,1.0,False,AEC_CANDIDATE_ROUNDS_CATEGORY_EXIT,FEDERAL_2025_VIC,STATEWIDE_POOL_ONLY,True
Cooper,VIC,320,ON,ALP+GRN+LNP+OTH,GRN,408.2989807474519,5684.0,0.0718330367254489,PROPORTIONAL_PRIMARY_ORIGIN_PASS_THROUGH,ALL_CATEGORY_PRIMARY_VOTES_TRACED_PROPORTIONALLY,1,William Turner,ON,,1.0,1.0,1.0,False,AEC_CANDIDATE_ROUNDS_CATEGORY_EXIT,FEDERAL_2025_VIC,STATEWIDE_POOL_ONLY,True
Cooper,VIC,320,ON,ALP+GRN+LNP+OTH,LNP,3042.0113250283125,5684.0,0.535188480828345,PROPORTIONAL_PRIMARY_ORIGIN_PASS_THROUGH,ALL_CATEGORY_PRIMARY_VOTES_TRACED_PROPORTIONALLY,1,William Turner,ON,,1.0,1.0,1.0,False,AEC_CANDIDATE_ROUNDS_CATEGORY_EXIT,FEDERAL_2025_VIC,STATEWIDE_POOL_ONLY,True
Cooper,VIC,320,ON,ALP+GRN+LNP+OTH,OTH,974.7678369195922,5684.0,0.1714932858760718,PROPORTIONAL_PRIMARY_ORIGIN_PASS_THROUGH,ALL_CATEGORY_PRIMARY_VOTES_TRACED_PROPORTIONALLY,1,William Turner,ON,,1.0,1.0,1.0,False,AEC_CANDIDATE_ROUNDS_CATEGORY_EXIT,FEDERAL_2025_VIC,STATEWIDE_POOL_ONLY,True
Corangamite,VIC,328,ON,ALP+GRN+LNP+OTH,ALP,371.0362637362637,3343.0,0.1109890109890109,PROPORTIONAL_PRIMARY_ORIGIN_PASS_THROUGH,ALL_CATEGORY_PRIMARY_VOTES_TRACED_PROPORTIONALLY,1,Colin Seabrook,ON,,1.0,1.0,1.0,False,AEC_CANDIDATE_ROUNDS_CATEGORY_EXIT,FEDERAL_2025_VIC,STATEWIDE_POOL_ONLY,True
Corangamite,VIC,328,ON,ALP+GRN+LNP+OTH,GRN,214.29487179487177,3343.0,0.0641025641025641,PROPORTIONAL_PRIMARY_ORIGIN_PASS_THROUGH,ALL_CATEGORY_PRIMARY_VOTES_TRACED_PROPORTIONALLY,1,Colin Seabrook,ON,,1.0,1.0,1.0,False,AEC_CANDIDATE_ROUNDS_CATEGORY_EXIT,FEDERAL_2025_VIC,STATEWIDE_POOL_ONLY,True
Corangamite,VIC,328,ON,ALP+GRN+LNP+OTH,LNP,1665.9895604395604,3343.0,0.4983516483516483,PROPORTIONAL_PRIMARY_ORIGIN_PASS_THROUGH,ALL_CATEGORY_PRIMARY_VOTES_TRACED_PROPORTIONALLY,1,Colin Seabrook,ON,,1.0,1.0,1.0,False,AEC_CANDIDATE_ROUNDS_CATEGORY_EXIT,FEDERAL_2025_VIC,STATEWIDE_POOL_ONLY,True
Corangamite,VIC,328,ON,ALP+GRN+LNP+OTH,OTH,1091.679304029304,3343.0,0.3265567765567767,PROPORTIONAL_PRIMARY_ORIGIN_PASS_THROUGH,ALL_CATEGORY_PRIMARY_VOTES_TRACED_PROPORTIONALLY,1,Colin Seabrook,ON,,1.0,1.0,1.0,False,AEC_CANDIDATE_ROUNDS_CATEGORY_EXIT,FEDERAL_2025_VIC,STATEWIDE_POOL_ONLY,True
Corio,VIC,208,ON,ALP+GRN+LNP,ALP,2100.458850931677,10953.0,0.1917701863354037,PROPORTIONAL_PRIMARY_ORIGIN_PASS_THROUGH,ALL_CATEGORY_PRIMARY_VOTES_TRACED_PROPORTIONALLY,1,Adam Helman,ON,,1.0,1.0,1.0,False,AEC_CANDIDATE_ROUNDS_CATEGORY_EXIT,FEDERAL_2025_VIC,STATEWIDE_POOL_ONLY,True
Corio,VIC,208,ON,ALP+GRN+LNP,GRN,3098.814596273292,10953.0,0.2829192546583851,PROPORTIONAL_PRIMARY_ORIGIN_PASS_THROUGH,ALL_CATEGORY_PRIMARY_VOTES_TRACED_PROPORTIONALLY,1,Adam Helman,ON,,1.0,1.0,1.0,False,AEC_CANDIDATE_ROUNDS_CATEGORY_EXIT,FEDERAL_2025_VIC,STATEWIDE_POOL_ONLY,True
Corio,VIC,208,ON,ALP+GRN+LNP,LNP,5753.72655279503,10953.0,0.5253105590062113,PROPORTIONAL_PRIMARY_ORIGIN_PASS_THROUGH,ALL_CATEGORY_PRIMARY_VOTES_TRACED_PROPORTIONALLY,1,Adam Helman,ON,,1.0,1.0,1.0,False,AEC_CANDIDATE_ROUNDS_CATEGORY_EXIT,FEDERAL_2025_VIC,STATEWIDE_POOL_ONLY,True
Corio,VIC,208,OTH,ALP+GRN+LNP+ON,ALP,1369.0,7139.0,0.1917635523182518,PROPORTIONAL_PRIMARY_ORIGIN_PASS_THROUGH,ALL_CATEGORY_PRIMARY_VOTES_TRACED_PROPORTIONALLY,2,John De Lorenzo,IND_MINOR,CENTRE,0.5504972685250035,1.0,1.0,False,AEC_CANDIDATE_ROUNDS_CATEGORY_EXIT,FEDERAL_2025_VIC,STATEWIDE_POOL_ONLY,True
Corio,VIC,208,OTH,ALP+GRN+LNP+ON,GRN,3011.0,7139.0,0.4217677545874772,PROPORTIONAL_PRIMARY_ORIGIN_PASS_THROUGH,ALL_CATEGORY_PRIMARY_VOTES_TRACED_PROPORTIONALLY,2,John De Lorenzo,IND_MINOR,CENTRE,0.5504972685250035,1.0,1.0,False,AEC_CANDIDATE_ROUNDS_CATEGORY_EXIT,FEDERAL_2025_VIC,STATEWIDE_POOL_ONLY,True
Corio,VIC,208,OTH,ALP+GRN+LNP+ON,LNP,832.0,7139.0,0.1165429331839193,PROPORTIONAL_PRIMARY_ORIGIN_PASS_THROUGH,ALL_CATEGORY_PRIMARY_VOTES_TRACED_PROPORTIONALLY,2,John De Lorenzo,IND_MINOR,CENTRE,0.5504972685250035,1.0,1.0,False,AEC_CANDIDATE_ROUNDS_CATEGORY_EXIT,FEDERAL_2025_VIC,STATEWIDE_POOL_ONLY,True
Corio,VIC,208,OTH,ALP+GRN+LNP+ON,ON,1927.0,7139.0,0.2699257599103516,PROPORTIONAL_PRIMARY_ORIGIN_PASS_THROUGH,ALL_CATEGORY_PRIMARY_VOTES_TRACED_PROPORTIONALLY,2,John De Lorenzo,IND_MINOR,CENTRE,0.5504972685250035,1.0,1.0,False,AEC_CANDIDATE_ROUNDS_CATEGORY_EXIT,FEDERAL_2025_VIC,STATEWIDE_POOL_ONLY,True
Deakin,VIC,209,ON,ALP+GRN+IND+LNP,ALP,190.99501569134208,3043.0,0.0627653682850286,PROPORTIONAL_PRIMARY_ORIGIN_PASS_THROUGH,ALL_CATEGORY_PRIMARY_VOTES_TRACED_PROPORTIONALLY,1,Anne Cooke,ON,,1.0,1.0,1.0,False,AEC_CANDIDATE_ROUNDS_CATEGORY_EXIT,FEDERAL_2025_VIC,STATEWIDE_POOL_ONLY,True
Deakin,VIC,209,ON,ALP+GRN+IND+LNP,GRN,165.7162636145468,3043.0,0.0544581871884807,PROPORTIONAL_PRIMARY_ORIGIN_PASS_THROUGH,ALL_CATEGORY_PRIMARY_VOTES_TRACED_PROPORTIONALLY,1,Anne Cooke,ON,,1.0,1.0,1.0,False,AEC_CANDIDATE_ROUNDS_CATEGORY_EXIT,FEDERAL_2025_VIC,STATEWIDE_POOL_ONLY,True
Deakin,VIC,209,ON,ALP+GRN+IND+LNP,IND,968.4570795643344,3043.0,0.3182573380099686,PROPORTIONAL_PRIMARY_ORIGIN_PASS_THROUGH,ALL_CATEGORY_PRIMARY_VOTES_TRACED_PROPORTIONALLY,1,Anne Cooke,ON,,1.0,1.0,1.0,False,AEC_CANDIDATE_ROUNDS_CATEGORY_EXIT,FEDERAL_2025_VIC,STATEWIDE_POOL_ONLY,True
Deakin,VIC,209,ON,ALP+GRN+IND+LNP,LNP,1717.8316411297765,3043.0,0.5645191065165222,PROPORTIONAL_PRIMARY_ORIGIN_PASS_THROUGH,ALL_CATEGORY_PRIMARY_VOTES_TRACED_PROPORTIONALLY,1,Anne Cooke,ON,,1.0,1.0,1.0,False,AEC_CANDIDATE_ROUNDS_CATEGORY_EXIT,FEDERAL_2025_VIC,STATEWIDE_POOL_ONLY,True
Deakin,VIC,209,OTH,ALP+GRN+IND+LNP+ON,ALP,429.0,5544.0,0.0773809523809523,PROPORTIONAL_PRIMARY_ORIGIN_PASS_THROUGH,ALL_CATEGORY_PRIMARY_VOTES_TRACED_PROPORTIONALLY,3,Richard Griffith-Jones,OTH_FFPA,RIGHT,0.3798701298701298,1.0,1.0,False,AEC_CANDIDATE_ROUNDS_CATEGORY_EXIT,FEDERAL_2025_VIC,STATEWIDE_POOL_ONLY,True
Deakin,VIC,209,OTH,ALP+GRN+IND+LNP+ON,GRN,450.0,5544.0,0.0811688311688311,PROPORTIONAL_PRIMARY_ORIGIN_PASS_THROUGH,ALL_CATEGORY_PRIMARY_VOTES_TRACED_PROPORTIONALLY,3,Richard Griffith-Jones,OTH_FFPA,RIGHT,0.3798701298701298,1.0,1.0,False,AEC_CANDIDATE_ROUNDS_CATEGORY_EXIT,FEDERAL_2025_VIC,STATEWIDE_POOL_ONLY,True
Deakin,VIC,209,OTH,ALP+GRN+IND+LNP+ON,IND,757.0,5544.0,0.1365440115440115,PROPORTIONAL_PRIMARY_ORIGIN_PASS_THROUGH,ALL_CATEGORY_PRIMARY_VOTES_TRACED_PROPORTIONALLY,3,Richard Griffith-Jones,OTH_FFPA,RIGHT,0.3798701298701298,1.0,1.0,False,AEC_CANDIDATE_ROUNDS_CATEGORY_EXIT,FEDERAL_2025_VIC,STATEWIDE_POOL_ONLY,True
Deakin,VIC,209,OTH,ALP+GRN+IND+LNP+ON,LNP,1534.0,5544.0,0.2766955266955268,PROPORTIONAL_PRIMARY_ORIGIN_PASS_THROUGH,ALL_CATEGORY_PRIMARY_VOTES_TRACED_PROPORTIONALLY,3,Richard Griffith-Jones,OTH_FFPA,RIGHT,0.3798701298701298,1.0,1.0,False,AEC_CANDIDATE_ROUNDS_CATEGORY_EXIT,FEDERAL_2025_VIC,STATEWIDE_POOL_ONLY,True
Deakin,VIC,209,OTH,ALP+GRN+IND+LNP+ON,ON,2374.0,5544.0,0.4282106782106783,PROPORTIONAL_PRIMARY_ORIGIN_PASS_THROUGH,ALL_CATEGORY_PRIMARY_VOTES_TRACED_PROPORTIONALLY,3,Richard Griffith-Jones,OTH_FFPA,RIGHT,0.3798701298701298,1.0,1.0,False,AEC_CANDIDATE_ROUNDS_CATEGORY_EXIT,FEDERAL_2025_VIC,STATEWIDE_POOL_ONLY,True
Dunkley,VIC,210,ON,ALP+GRN+LNP,ALP,1275.426503340757,7494.0,0.1701930215293244,PROPORTIONAL_PRIMARY_ORIGIN_PASS_THROUGH,ALL_CATEGORY_PRIMARY_VOTES_TRACED_PROPORTIONALLY,1,Jessica Davis,ON,,1.0,1.0,1.0,False,AEC_CANDIDATE_ROUNDS_CATEGORY_EXIT,FEDERAL_2025_VIC,STATEWIDE_POOL_ONLY,True
Dunkley,VIC,210,ON,ALP+GRN+LNP,GRN,1717.7227171492204,7494.0,0.2292130660727542,PROPORTIONAL_PRIMARY_ORIGIN_PASS_THROUGH,ALL_CATEGORY_PRIMARY_VOTES_TRACED_PROPORTIONALLY,1,Jessica Davis,ON,,1.0,1.0,1.0,False,AEC_CANDIDATE_ROUNDS_CATEGORY_EXIT,FEDERAL_2025_VIC,STATEWIDE_POOL_ONLY,True
Dunkley,VIC,210,ON,ALP+GRN+LNP,LNP,4500.850779510022,7494.0,0.6005939123979214,PROPORTIONAL_PRIMARY_ORIGIN_PASS_THROUGH,ALL_CATEGORY_PRIMARY_VOTES_TRACED_PROPORTIONALLY,1,Jessica Davis,ON,,1.0,1.0,1.0,False,AEC_CANDIDATE_ROUNDS_CATEGORY_EXIT,FEDERAL_2025_VIC,STATEWIDE_POOL_ONLY,True
Dunkley,VIC,210,OTH,ALP+GRN+LNP+ON,ALP,3033.0,11951.0,0.253786294033972,PROPORTIONAL_PRIMARY_ORIGIN_PASS_THROUGH,ALL_CATEGORY_PRIMARY_VOTES_TRACED_PROPORTIONALLY,4,Lisa Abbott,OTH_HMP,CENTRE_LEFT,0.4387080579031043,1.0,1.0,False,AEC_CANDIDATE_ROUNDS_CATEGORY_EXIT,FEDERAL_2025_VIC,STATEWIDE_POOL_ONLY,True
Dunkley,VIC,210,OTH,ALP+GRN+LNP+ON,GRN,3499.0,11951.0,0.2927788469584135,PROPORTIONAL_PRIMARY_ORIGIN_PASS_THROUGH,ALL_CATEGORY_PRIMARY_VOTES_TRACED_PROPORTIONALLY,4,Lisa Abbott,OTH_HMP,CENTRE_LEFT,0.4387080579031043,1.0,1.0,False,AEC_CANDIDATE_ROUNDS_CATEGORY_EXIT,FEDERAL_2025_VIC,STATEWIDE_POOL_ONLY,True
Dunkley,VIC,210,OTH,ALP+GRN+LNP+ON,LNP,2137.0,11951.0,0.1788134884110116,PROPORTIONAL_PRIMARY_ORIGIN_PASS_THROUGH,ALL_CATEGORY_PRIMARY_VOTES_TRACED_PROPORTIONALLY,4,Lisa Abbott,OTH_HMP,CENTRE_LEFT,0.4387080579031043,1.0,1.0,False,AEC_CANDIDATE_ROUNDS_CATEGORY_EXIT,FEDERAL_2025_VIC,STATEWIDE_POOL_ONLY,True
Dunkley,VIC,210,OTH,ALP+GRN+LNP+ON,ON,3281.9999999999995,11951.0,0.2746213705966027,PROPORTIONAL_PRIMARY_ORIGIN_PASS_THROUGH,ALL_CATEGORY_PRIMARY_VOTES_TRACED_PROPORTIONALLY,4,Lisa Abbott,OTH_HMP,CENTRE_LEFT,0.4387080579031043,1.0,1.0,False,AEC_CANDIDATE_ROUNDS_CATEGORY_EXIT,FEDERAL_2025_VIC,STATEWIDE_POOL_ONLY,True
Flinders,VIC,211,ON,ALP+GRN+IND+LNP,ALP,569.8798225567953,6091.0,0.093560962494959,PROPORTIONAL_PRIMARY_ORIGIN_PASS_THROUGH,ALL_CATEGORY_PRIMARY_VOTES_TRACED_PROPORTIONALLY,1,Mike Brown,ON,,1.0,1.0,1.0,False,AEC_CANDIDATE_ROUNDS_CATEGORY_EXIT,FEDERAL_2025_VIC,STATEWIDE_POOL_ONLY,True
Flinders,VIC,211,ON,ALP+GRN+IND+LNP,GRN,294.76542546041134,6091.0,0.048393601290496,PROPORTIONAL_PRIMARY_ORIGIN_PASS_THROUGH,ALL_CATEGORY_PRIMARY_VOTES_TRACED_PROPORTIONALLY,1,Mike Brown,ON,,1.0,1.0,1.0,False,AEC_CANDIDATE_ROUNDS_CATEGORY_EXIT,FEDERAL_2025_VIC,STATEWIDE_POOL_ONLY,True
Flinders,VIC,211,ON,ALP+GRN+IND+LNP,IND,1414.0552493614734,6091.0,0.2321548595241296,PROPORTIONAL_PRIMARY_ORIGIN_PASS_THROUGH,ALL_CATEGORY_PRIMARY_VOTES_TRACED_PROPORTIONALLY,1,Mike Brown,ON,,1.0,1.0,1.0,False,AEC_CANDIDATE_ROUNDS_CATEGORY_EXIT,FEDERAL_2025_VIC,STATEWIDE_POOL_ONLY,True
Flinders,VIC,211,ON,ALP+GRN+IND+LNP,LNP,3812.29950262132,6091.0,0.6258905766904154,PROPORTIONAL_PRIMARY_ORIGIN_PASS_THROUGH,ALL_CATEGORY_PRIMARY_VOTES_TRACED_PROPORTIONALLY,1,Mike Brown,ON,,1.0,1.0,1.0,False,AEC_CANDIDATE_ROUNDS_CATEGORY_EXIT,FEDERAL_2025_VIC,STATEWIDE_POOL_ONLY,True
Flinders,VIC,211,OTH,ALP+GRN+IND+LNP+ON,ALP,351.0,4124.0,0.0851115421920465,PROPORTIONAL_PRIMARY_ORIGIN_PASS_THROUGH,ALL_CATEGORY_PRIMARY_VOTES_TRACED_PROPORTIONALLY,2,Jason Smart,OTH_CYA,RIGHT,0.7623666343355965,1.0,1.0,False,AEC_CANDIDATE_ROUNDS_CATEGORY_EXIT,FEDERAL_2025_VIC,STATEWIDE_POOL_ONLY,True
Flinders,VIC,211,OTH,ALP+GRN+IND+LNP+ON,GRN,306.0,4124.0,0.074199806013579,PROPORTIONAL_PRIMARY_ORIGIN_PASS_THROUGH,ALL_CATEGORY_PRIMARY_VOTES_TRACED_PROPORTIONALLY,2,Jason Smart,OTH_CYA,RIGHT,0.7623666343355965,1.0,1.0,False,AEC_CANDIDATE_ROUNDS_CATEGORY_EXIT,FEDERAL_2025_VIC,STATEWIDE_POOL_ONLY,True
Flinders,VIC,211,OTH,ALP+GRN+IND+LNP+ON,IND,1278.0,4124.0,0.3098933074684772,PROPORTIONAL_PRIMARY_ORIGIN_PASS_THROUGH,ALL_CATEGORY_PRIMARY_VOTES_TRACED_PROPORTIONALLY,2,Jason Smart,OTH_CYA,RIGHT,0.7623666343355965,1.0,1.0,False,AEC_CANDIDATE_ROUNDS_CATEGORY_EXIT,FEDERAL_2025_VIC,STATEWIDE_POOL_ONLY,True
Flinders,VIC,211,OTH,ALP+GRN+IND+LNP+ON,LNP,841.0,4124.0,0.2039282250242483,PROPORTIONAL_PRIMARY_ORIGIN_PASS_THROUGH,ALL_CATEGORY_PRIMARY_VOTES_TRACED_PROPORTIONALLY,2,Jason Smart,OTH_CYA,RIGHT,0.7623666343355965,1.0,1.0,False,AEC_CANDIDATE_ROUNDS_CATEGORY_EXIT,FEDERAL_2025_VIC,STATEWIDE_POOL_ONLY,True
Flinders,VIC,211,OTH,ALP+GRN+IND+LNP+ON,ON,1348.0,4124.0,0.3268671193016489,PROPORTIONAL_PRIMARY_ORIGIN_PASS_THROUGH,ALL_CATEGORY_PRIMARY_VOTES_TRACED_PROPORTIONALLY,2,Jason Smart,OTH_CYA,RIGHT,0.7623666343355965,1.0,1.0,False,AEC_CANDIDATE_ROUNDS_CATEGORY_EXIT,FEDERAL_2025_VIC,STATEWIDE_POOL_ONLY,True
Fraser,VIC,321,ON,ALP+GRN+LNP+OTH,ALP,707.4888888888889,5135.0,0.1377777777777777,PROPORTIONAL_PRIMARY_ORIGIN_PASS_THROUGH,ALL_CATEGORY_PRIMARY_VOTES_TRACED_PROPORTIONALLY,1,George Rozario,ON,,1.0,1.0,1.0,False,AEC_CANDIDATE_ROUNDS_CATEGORY_EXIT,FEDERAL_2025_VIC,STATEWIDE_POOL_ONLY,True
Fraser,VIC,321,ON,ALP+GRN+LNP+OTH,GRN,742.1157088122606,5135.0,0.1445210727969348,PROPORTIONAL_PRIMARY_ORIGIN_PASS_THROUGH,ALL_CATEGORY_PRIMARY_VOTES_TRACED_PROPORTIONALLY,1,George Rozario,ON,,1.0,1.0,1.0,False,AEC_CANDIDATE_ROUNDS_CATEGORY_EXIT,FEDERAL_2025_VIC,STATEWIDE_POOL_ONLY,True
Fraser,VIC,321,ON,ALP+GRN+LNP+OTH,LNP,2704.039846743295,5135.0,0.5265900383141764,PROPORTIONAL_PRIMARY_ORIGIN_PASS_THROUGH,ALL_CATEGORY_PRIMARY_VOTES_TRACED_PROPORTIONALLY,1,George Rozario,ON,,1.0,1.0,1.0,False,AEC_CANDIDATE_ROUNDS_CATEGORY_EXIT,FEDERAL_2025_VIC,STATEWIDE_POOL_ONLY,True
Fraser,VIC,321,ON,ALP+GRN+LNP+OTH,OTH,981.3555555555556,5135.0,0.1911111111111111,PROPORTIONAL_PRIMARY_ORIGIN_PASS_THROUGH,ALL_CATEGORY_PRIMARY_VOTES_TRACED_PROPORTIONALLY,1,George Rozario,ON,,1.0,1.0,1.0,False,AEC_CANDIDATE_ROUNDS_CATEGORY_EXIT,FEDERAL_2025_VIC,STATEWIDE_POOL_ONLY,True
Gellibrand,VIC,212,ON,ALP+GRN+LNP,ALP,1382.7431262729124,6290.0,0.2198319755600814,PROPORTIONAL_PRIMARY_ORIGIN_PASS_THROUGH,ALL_CATEGORY_PRIMARY_VOTES_TRACED_PROPORTIONALLY,1,Stephen Bennett,ON,,1.0,1.0,1.0,False,AEC_CANDIDATE_ROUNDS_CATEGORY_EXIT,FEDERAL_2025_VIC,STATEWIDE_POOL_ONLY,True
Gellibrand,VIC,212,ON,ALP+GRN+LNP,GRN,1099.3088085539714,6290.0,0.1747708757637474,PROPORTIONAL_PRIMARY_ORIGIN_PASS_THROUGH,ALL_CATEGORY_PRIMARY_VOTES_TRACED_PROPORTIONALLY,1,Stephen Bennett,ON,,1.0,1.0,1.0,False,AEC_CANDIDATE_ROUNDS_CATEGORY_EXIT,FEDERAL_2025_VIC,STATEWIDE_POOL_ONLY,True
Gellibrand,VIC,212,ON,ALP+GRN+LNP,LNP,3807.948065173117,6290.0,0.6053971486761712,PROPORTIONAL_PRIMARY_ORIGIN_PASS_THROUGH,ALL_CATEGORY_PRIMARY_VOTES_TRACED_PROPORTIONALLY,1,Stephen Bennett,ON,,1.0,1.0,1.0,False,AEC_CANDIDATE_ROUNDS_CATEGORY_EXIT,FEDERAL_2025_VIC,STATEWIDE_POOL_ONLY,True
Gellibrand,VIC,212,OTH,ALP+GRN+LNP+ON,ALP,840.0000000000001,4396.0,0.1910828025477707,PROPORTIONAL_PRIMARY_ORIGIN_PASS_THROUGH,ALL_CATEGORY_PRIMARY_VOTES_TRACED_PROPORTIONALLY,1,Jo Garcia,OTH_FFPA,RIGHT,1.0,1.0,1.0,False,AEC_CANDIDATE_ROUNDS_CATEGORY_EXIT,FEDERAL_2025_VIC,STATEWIDE_POOL_ONLY,True
Gellibrand,VIC,212,OTH,ALP+GRN+LNP+ON,GRN,1045.0,4396.0,0.2377161055505004,PROPORTIONAL_PRIMARY_ORIGIN_PASS_THROUGH,ALL_CATEGORY_PRIMARY_VOTES_TRACED_PROPORTIONALLY,1,Jo Garcia,OTH_FFPA,RIGHT,1.0,1.0,1.0,False,AEC_CANDIDATE_ROUNDS_CATEGORY_EXIT,FEDERAL_2025_VIC,STATEWIDE_POOL_ONLY,True
Gellibrand,VIC,212,OTH,ALP+GRN+LNP+ON,LNP,945.0,4396.0,0.214968152866242,PROPORTIONAL_PRIMARY_ORIGIN_PASS_THROUGH,ALL_CATEGORY_PRIMARY_VOTES_TRACED_PROPORTIONALLY,1,Jo Garcia,OTH_FFPA,RIGHT,1.0,1.0,1.0,False,AEC_CANDIDATE_ROUNDS_CATEGORY_EXIT,FEDERAL_2025_VIC,STATEWIDE_POOL_ONLY,True
Gellibrand,VIC,212,OTH,ALP+GRN+LNP+ON,ON,1566.0,4396.0,0.3562329390354868,PROPORTIONAL_PRIMARY_ORIGIN_PASS_THROUGH,ALL_CATEGORY_PRIMARY_VOTES_TRACED_PROPORTIONALLY,1,Jo Garcia,OTH_FFPA,RIGHT,1.0,1.0,1.0,False,AEC_CANDIDATE_ROUNDS_CATEGORY_EXIT,FEDERAL_2025_VIC,STATEWIDE_POOL_ONLY,True
Gippsland,VIC,213,GRN,ALP+LNP+ON,ALP,6609.9726443769,8897.0,0.7429439861050804,PROPORTIONAL_PRIMARY_ORIGIN_PASS_THROUGH,ALL_CATEGORY_PRIMARY_VOTES_TRACED_PROPORTIONALLY,1,Rochelle Hine,GRN,,1.0,1.0,1.0,False,AEC_CANDIDATE_ROUNDS_CATEGORY_EXIT,FEDERAL_2025_VIC,STATEWIDE_POOL_ONLY,True
Gippsland,VIC,213,GRN,ALP+LNP+ON,LNP,1651.5273556231002,8897.0,0.1856274424663482,PROPORTIONAL_PRIMARY_ORIGIN_PASS_THROUGH,ALL_CATEGORY_PRIMARY_VOTES_TRACED_PROPORTIONALLY,1,Rochelle Hine,GRN,,1.0,1.0,1.0,False,AEC_CANDIDATE_ROUNDS_CATEGORY_EXIT,FEDERAL_2025_VIC,STATEWIDE_POOL_ONLY,True
Gippsland,VIC,213,GRN,ALP+LNP+ON,ON,635.5,8897.0,0.0714285714285714,PROPORTIONAL_PRIMARY_ORIGIN_PASS_THROUGH,ALL_CATEGORY_PRIMARY_VOTES_TRACED_PROPORTIONALLY,1,Rochelle Hine,GRN,,1.0,1.0,1.0,False,AEC_CANDIDATE_ROUNDS_CATEGORY_EXIT,FEDERAL_2025_VIC,STATEWIDE_POOL_ONLY,True
Gippsland,VIC,213,ON,ALP+LNP,ALP,2308.5345118334594,15118.0,0.1527010525091585,PROPORTIONAL_PRIMARY_ORIGIN_PASS_THROUGH,ALL_CATEGORY_PRIMARY_VOTES_TRACED_PROPORTIONALLY,1,Gregory Hansford,ON,,1.0,1.0,1.0,False,AEC_CANDIDATE_ROUNDS_CATEGORY_EXIT,FEDERAL_2025_VIC,STATEWIDE_POOL_ONLY,True
Gippsland,VIC,213,ON,ALP+LNP,LNP,12809.46548816654,15118.0,0.8472989474908414,PROPORTIONAL_PRIMARY_ORIGIN_PASS_THROUGH,ALL_CATEGORY_PRIMARY_VOTES_TRACED_PROPORTIONALLY,1,Gregory Hansford,ON,,1.0,1.0,1.0,False,AEC_CANDIDATE_ROUNDS_CATEGORY_EXIT,FEDERAL_2025_VIC,STATEWIDE_POOL_ONLY,True
Gippsland,VIC,213,OTH,ALP+GRN+LNP+ON,ALP,341.0,3416.0,0.0998243559718969,PROPORTIONAL_PRIMARY_ORIGIN_PASS_THROUGH,ALL_CATEGORY_PRIMARY_VOTES_TRACED_PROPORTIONALLY,1,Simon Wilson,OTH_LTP,RIGHT,1.0,1.0,1.0,False,AEC_CANDIDATE_ROUNDS_CATEGORY_EXIT,FEDERAL_2025_VIC,STATEWIDE_POOL_ONLY,True
Gippsland,VIC,213,OTH,ALP+GRN+LNP+ON,GRN,315.0,3416.0,0.0922131147540983,PROPORTIONAL_PRIMARY_ORIGIN_PASS_THROUGH,ALL_CATEGORY_PRIMARY_VOTES_TRACED_PROPORTIONALLY,1,Simon Wilson,OTH_LTP,RIGHT,1.0,1.0,1.0,False,AEC_CANDIDATE_ROUNDS_CATEGORY_EXIT,FEDERAL_2025_VIC,STATEWIDE_POOL_ONLY,True
Gippsland,VIC,213,OTH,ALP+GRN+LNP+ON,LNP,1339.0,3416.0,0.3919789227166277,PROPORTIONAL_PRIMARY_ORIGIN_PASS_THROUGH,ALL_CATEGORY_PRIMARY_VOTES_TRACED_PROPORTIONALLY,1,Simon Wilson,OTH_LTP,RIGHT,1.0,1.0,1.0,False,AEC_CANDIDATE_ROUNDS_CATEGORY_EXIT,FEDERAL_2025_VIC,STATEWIDE_POOL_ONLY,True
Gippsland,VIC,213,OTH,ALP+GRN+LNP+ON,ON,1421.0,3416.0,0.4159836065573771,PROPORTIONAL_PRIMARY_ORIGIN_PASS_THROUGH,ALL_CATEGORY_PRIMARY_VOTES_TRACED_PROPORTIONALLY,1,Simon Wilson,OTH_LTP,RIGHT,1.0,1.0,1.0,False,AEC_CANDIDATE_ROUNDS_CATEGORY_EXIT,FEDERAL_2025_VIC,STATEWIDE_POOL_ONLY,True
Goldstein,VIC,214,ON,ALP+GRN+IND+LNP,ALP,142.47347893915756,2037.0,0.0699427977119084,PROPORTIONAL_PRIMARY_ORIGIN_PASS_THROUGH,ALL_CATEGORY_PRIMARY_VOTES_TRACED_PROPORTIONALLY,1,Leon Gardiner,ON,,1.0,1.0,1.0,False,AEC_CANDIDATE_ROUNDS_CATEGORY_EXIT,FEDERAL_2025_VIC,STATEWIDE_POOL_ONLY,True
Goldstein,VIC,214,ON,ALP+GRN+IND+LNP,GRN,104.86895475819033,2037.0,0.0514820592823713,PROPORTIONAL_PRIMARY_ORIGIN_PASS_THROUGH,ALL_CATEGORY_PRIMARY_VOTES_TRACED_PROPORTIONALLY,1,Leon Gardiner,ON,,1.0,1.0,1.0,False,AEC_CANDIDATE_ROUNDS_CATEGORY_EXIT,FEDERAL_2025_VIC,STATEWIDE_POOL_ONLY,True
Goldstein,VIC,214,ON,ALP+GRN+IND+LNP,IND,377.1045241809673,2037.0,0.1851274050962038,PROPORTIONAL_PRIMARY_ORIGIN_PASS_THROUGH,ALL_CATEGORY_PRIMARY_VOTES_TRACED_PROPORTIONALLY,1,Leon Gardiner,ON,,1.0,1.0,1.0,False,AEC_CANDIDATE_ROUNDS_CATEGORY_EXIT,FEDERAL_2025_VIC,STATEWIDE_POOL_ONLY,True
Goldstein,VIC,214,ON,ALP+GRN+IND+LNP,LNP,1412.553042121685,2037.0,0.6934477379095165,PROPORTIONAL_PRIMARY_ORIGIN_PASS_THROUGH,ALL_CATEGORY_PRIMARY_VOTES_TRACED_PROPORTIONALLY,1,Leon Gardiner,ON,,1.0,1.0,1.0,False,AEC_CANDIDATE_ROUNDS_CATEGORY_EXIT,FEDERAL_2025_VIC,STATEWIDE_POOL_ONLY,True
Goldstein,VIC,214,OTH,ALP+GRN+IND+LNP+ON,ALP,506.99999999999994,3743.0,0.1354528453112476,PROPORTIONAL_PRIMARY_ORIGIN_PASS_THROUGH,ALL_CATEGORY_PRIMARY_VOTES_TRACED_PROPORTIONALLY,2,Vicki Jane Williams,OTH_CYA,RIGHT,0.55196366550895,1.0,1.0,False,AEC_CANDIDATE_ROUNDS_CATEGORY_EXIT,FEDERAL_2025_VIC,STATEWIDE_POOL_ONLY,True
Goldstein,VIC,214,OTH,ALP+GRN+IND+LNP+ON,GRN,210.0,3743.0,0.056104728827144,PROPORTIONAL_PRIMARY_ORIGIN_PASS_THROUGH,ALL_CATEGORY_PRIMARY_VOTES_TRACED_PROPORTIONALLY,2,Vicki Jane Williams,OTH_CYA,RIGHT,0.55196366550895,1.0,1.0,False,AEC_CANDIDATE_ROUNDS_CATEGORY_EXIT,FEDERAL_2025_VIC,STATEWIDE_POOL_ONLY,True
Goldstein,VIC,214,OTH,ALP+GRN+IND+LNP+ON,IND,347.0,3743.0,0.0927063852524712,PROPORTIONAL_PRIMARY_ORIGIN_PASS_THROUGH,ALL_CATEGORY_PRIMARY_VOTES_TRACED_PROPORTIONALLY,2,Vicki Jane Williams,OTH_CYA,RIGHT,0.55196366550895,1.0,1.0,False,AEC_CANDIDATE_ROUNDS_CATEGORY_EXIT,FEDERAL_2025_VIC,STATEWIDE_POOL_ONLY,True
Goldstein,VIC,214,OTH,ALP+GRN+IND+LNP+ON,LNP,870.0,3743.0,0.2324338765695965,PROPORTIONAL_PRIMARY_ORIGIN_PASS_THROUGH,ALL_CATEGORY_PRIMARY_VOTES_TRACED_PROPORTIONALLY,2,Vicki Jane Williams,OTH_CYA,RIGHT,0.55196366550895,1.0,1.0,False,AEC_CANDIDATE_ROUNDS_CATEGORY_EXIT,FEDERAL_2025_VIC,STATEWIDE_POOL_ONLY,True
Goldstein,VIC,214,OTH,ALP+GRN+IND+LNP+ON,ON,1809.0,3743.0,0.4833021640395405,PROPORTIONAL_PRIMARY_ORIGIN_PASS_THROUGH,ALL_CATEGORY_PRIMARY_VOTES_TRACED_PROPORTIONALLY,2,Vicki Jane Williams,OTH_CYA,RIGHT,0.55196366550895,1.0,1.0,False,AEC_CANDIDATE_ROUNDS_CATEGORY_EXIT,FEDERAL_2025_VIC,STATEWIDE_POOL_ONLY,True
Gorton,VIC,309,ON,ALP+GRN+LNP,ALP,1623.5226687784598,7137.0,0.2274797069887151,PROPORTIONAL_PRIMARY_ORIGIN_PASS_THROUGH,ALL_CATEGORY_PRIMARY_VOTES_TRACED_PROPORTIONALLY,1,Alan Reid,ON,,1.0,1.0,1.0,False,AEC_CANDIDATE_ROUNDS_CATEGORY_EXIT,FEDERAL_2025_VIC,STATEWIDE_POOL_ONLY,True
Gorton,VIC,309,ON,ALP+GRN+LNP,GRN,1540.8628984359532,7137.0,0.2158978420114828,PROPORTIONAL_PRIMARY_ORIGIN_PASS_THROUGH,ALL_CATEGORY_PRIMARY_VOTES_TRACED_PROPORTIONALLY,1,Alan Reid,ON,,1.0,1.0,1.0,False,AEC_CANDIDATE_ROUNDS_CATEGORY_EXIT,FEDERAL_2025_VIC,STATEWIDE_POOL_ONLY,True
Gorton,VIC,309,ON,ALP+GRN+LNP,LNP,3972.614432785587,7137.0,0.5566224509998021,PROPORTIONAL_PRIMARY_ORIGIN_PASS_THROUGH,ALL_CATEGORY_PRIMARY_VOTES_TRACED_PROPORTIONALLY,1,Alan Reid,ON,,1.0,1.0,1.0,False,AEC_CANDIDATE_ROUNDS_CATEGORY_EXIT,FEDERAL_2025_VIC,STATEWIDE_POOL_ONLY,True
Gorton,VIC,309,OTH,ALP+GRN+LNP+ON,ALP,4167.0,12128.0,0.3435850923482849,PROPORTIONAL_PRIMARY_ORIGIN_PASS_THROUGH,ALL_CATEGORY_PRIMARY_VOTES_TRACED_PROPORTIONALLY,3,Xavier Menta,OTH_HMP,CENTRE_LEFT,0.5388357519788918,1.0,1.0,False,AEC_CANDIDATE_ROUNDS_CATEGORY_EXIT,FEDERAL_2025_VIC,STATEWIDE_POOL_ONLY,True
Gorton,VIC,309,OTH,ALP+GRN+LNP+ON,GRN,2757.0,12128.0,0.227325197889182,PROPORTIONAL_PRIMARY_ORIGIN_PASS_THROUGH,ALL_CATEGORY_PRIMARY_VOTES_TRACED_PROPORTIONALLY,3,Xavier Menta,OTH_HMP,CENTRE_LEFT,0.5388357519788918,1.0,1.0,False,AEC_CANDIDATE_ROUNDS_CATEGORY_EXIT,FEDERAL_2025_VIC,STATEWIDE_POOL_ONLY,True
Gorton,VIC,309,OTH,ALP+GRN+LNP+ON,LNP,2239.0,12128.0,0.1846141160949868,PROPORTIONAL_PRIMARY_ORIGIN_PASS_THROUGH,ALL_CATEGORY_PRIMARY_VOTES_TRACED_PROPORTIONALLY,3,Xavier Menta,OTH_HMP,CENTRE_LEFT,0.5388357519788918,1.0,1.0,False,AEC_CANDIDATE_ROUNDS_CATEGORY_EXIT,FEDERAL_2025_VIC,STATEWIDE_POOL_ONLY,True
Gorton,VIC,309,OTH,ALP+GRN+LNP+ON,ON,2965.0,12128.0,0.2444755936675461,PROPORTIONAL_PRIMARY_ORIGIN_PASS_THROUGH,ALL_CATEGORY_PRIMARY_VOTES_TRACED_PROPORTIONALLY,3,Xavier Menta,OTH_HMP,CENTRE_LEFT,0.5388357519788918,1.0,1.0,False,AEC_CANDIDATE_ROUNDS_CATEGORY_EXIT,FEDERAL_2025_VIC,STATEWIDE_POOL_ONLY,True
Hawke,VIC,326,ON,ALP+GRN+LNP,ALP,1990.089237839908,10035.0,0.1983148219073152,PROPORTIONAL_PRIMARY_ORIGIN_PASS_THROUGH,ALL_CATEGORY_PRIMARY_VOTES_TRACED_PROPORTIONALLY,1,Matthew Katselis,ON,,1.0,1.0,1.0,False,AEC_CANDIDATE_ROUNDS_CATEGORY_EXIT,FEDERAL_2025_VIC,STATEWIDE_POOL_ONLY,True
Hawke,VIC,326,ON,ALP+GRN+LNP,GRN,2186.869015702796,10035.0,0.2179241669858292,PROPORTIONAL_PRIMARY_ORIGIN_PASS_THROUGH,ALL_CATEGORY_PRIMARY_VOTES_TRACED_PROPORTIONALLY,1,Matthew Katselis,ON,,1.0,1.0,1.0,False,AEC_CANDIDATE_ROUNDS_CATEGORY_EXIT,FEDERAL_2025_VIC,STATEWIDE_POOL_ONLY,True
Hawke,VIC,326,ON,ALP+GRN+LNP,LNP,5858.0417464572965,10035.0,0.5837610111068556,PROPORTIONAL_PRIMARY_ORIGIN_PASS_THROUGH,ALL_CATEGORY_PRIMARY_VOTES_TRACED_PROPORTIONALLY,1,Matthew Katselis,ON,,1.0,1.0,1.0,False,AEC_CANDIDATE_ROUNDS_CATEGORY_EXIT,FEDERAL_2025_VIC,STATEWIDE_POOL_ONLY,True
Hawke,VIC,326,OTH,ALP+GRN+LNP+ON,ALP,2496.0,11602.0,0.2151353214962937,PROPORTIONAL_PRIMARY_ORIGIN_PASS_THROUGH,ALL_CATEGORY_PRIMARY_VOTES_TRACED_PROPORTIONALLY,3,Devon Starbuck,OTH_HMP,CENTRE_LEFT,0.4462161696259266,1.0,1.0,False,AEC_CANDIDATE_ROUNDS_CATEGORY_EXIT,FEDERAL_2025_VIC,STATEWIDE_POOL_ONLY,True
Hawke,VIC,326,OTH,ALP+GRN+LNP+ON,GRN,4252.0,11602.0,0.3664885364592312,PROPORTIONAL_PRIMARY_ORIGIN_PASS_THROUGH,ALL_CATEGORY_PRIMARY_VOTES_TRACED_PROPORTIONALLY,3,Devon Starbuck,OTH_HMP,CENTRE_LEFT,0.4462161696259266,1.0,1.0,False,AEC_CANDIDATE_ROUNDS_CATEGORY_EXIT,FEDERAL_2025_VIC,STATEWIDE_POOL_ONLY,True
Hawke,VIC,326,OTH,ALP+GRN+LNP+ON,LNP,1834.0,11602.0,0.1580761937596966,PROPORTIONAL_PRIMARY_ORIGIN_PASS_THROUGH,ALL_CATEGORY_PRIMARY_VOTES_TRACED_PROPORTIONALLY,3,Devon Starbuck,OTH_HMP,CENTRE_LEFT,0.4462161696259266,1.0,1.0,False,AEC_CANDIDATE_ROUNDS_CATEGORY_EXIT,FEDERAL_2025_VIC,STATEWIDE_POOL_ONLY,True
Hawke,VIC,326,OTH,ALP+GRN+LNP+ON,ON,3020.0,11602.0,0.2602999482847785,PROPORTIONAL_PRIMARY_ORIGIN_PASS_THROUGH,ALL_CATEGORY_PRIMARY_VOTES_TRACED_PROPORTIONALLY,3,Devon Starbuck,OTH_HMP,CENTRE_LEFT,0.4462161696259266,1.0,1.0,False,AEC_CANDIDATE_ROUNDS_CATEGORY_EXIT,FEDERAL_2025_VIC,STATEWIDE_POOL_ONLY,True
Holt,VIC,216,ON,ALP+GRN+LNP,ALP,1722.513976090135,8655.0,0.1990195235228347,PROPORTIONAL_PRIMARY_ORIGIN_PASS_THROUGH,ALL_CATEGORY_PRIMARY_VOTES_TRACED_PROPORTIONALLY,1,Trevor Hammond,ON,,1.0,1.0,1.0,False,AEC_CANDIDATE_ROUNDS_CATEGORY_EXIT,FEDERAL_2025_VIC,STATEWIDE_POOL_ONLY,True
Holt,VIC,216,ON,ALP+GRN+LNP,GRN,2231.675410682033,8655.0,0.2578481121527479,PROPORTIONAL_PRIMARY_ORIGIN_PASS_THROUGH,ALL_CATEGORY_PRIMARY_VOTES_TRACED_PROPORTIONALLY,1,Trevor Hammond,ON,,1.0,1.0,1.0,False,AEC_CANDIDATE_ROUNDS_CATEGORY_EXIT,FEDERAL_2025_VIC,STATEWIDE_POOL_ONLY,True
Holt,VIC,216,ON,ALP+GRN+LNP,LNP,4700.810613227832,8655.0,0.5431323643244174,PROPORTIONAL_PRIMARY_ORIGIN_PASS_THROUGH,ALL_CATEGORY_PRIMARY_VOTES_TRACED_PROPORTIONALLY,1,Trevor Hammond,ON,,1.0,1.0,1.0,False,AEC_CANDIDATE_ROUNDS_CATEGORY_EXIT,FEDERAL_2025_VIC,STATEWIDE_POOL_ONLY,True
Holt,VIC,216,OTH,ALP+GRN+LNP+ON,ALP,2236.0,9930.0,0.2251762336354481,PROPORTIONAL_PRIMARY_ORIGIN_PASS_THROUGH,ALL_CATEGORY_PRIMARY_VOTES_TRACED_PROPORTIONALLY,2,Shane Foreman,OTH_FFPA,RIGHT,0.5221550855991943,1.0,1.0,False,AEC_CANDIDATE_ROUNDS_CATEGORY_EXIT,FEDERAL_2025_VIC,STATEWIDE_POOL_ONLY,True
Holt,VIC,216,OTH,ALP+GRN+LNP+ON,GRN,3189.0,9930.0,0.3211480362537764,PROPORTIONAL_PRIMARY_ORIGIN_PASS_THROUGH,ALL_CATEGORY_PRIMARY_VOTES_TRACED_PROPORTIONALLY,2,Shane Foreman,OTH_FFPA,RIGHT,0.5221550855991943,1.0,1.0,False,AEC_CANDIDATE_ROUNDS_CATEGORY_EXIT,FEDERAL_2025_VIC,STATEWIDE_POOL_ONLY,True
Holt,VIC,216,OTH,ALP+GRN+LNP+ON,LNP,1533.0,9930.0,0.1543806646525679,PROPORTIONAL_PRIMARY_ORIGIN_PASS_THROUGH,ALL_CATEGORY_PRIMARY_VOTES_TRACED_PROPORTIONALLY,2,Shane Foreman,OTH_FFPA,RIGHT,0.5221550855991943,1.0,1.0,False,AEC_CANDIDATE_ROUNDS_CATEGORY_EXIT,FEDERAL_2025_VIC,STATEWIDE_POOL_ONLY,True
Holt,VIC,216,OTH,ALP+GRN+LNP+ON,ON,2972.0,9930.0,0.2992950654582074,PROPORTIONAL_PRIMARY_ORIGIN_PASS_THROUGH,ALL_CATEGORY_PRIMARY_VOTES_TRACED_PROPORTIONALLY,2,Shane Foreman,OTH_FFPA,RIGHT,0.5221550855991943,1.0,1.0,False,AEC_CANDIDATE_ROUNDS_CATEGORY_EXIT,FEDERAL_2025_VIC,STATEWIDE_POOL_ONLY,True
Hotham,VIC,217,ON,ALP+GRN+LNP,ALP,800.7255717255716,4959.0,0.1614691614691614,PROPORTIONAL_PRIMARY_ORIGIN_PASS_THROUGH,ALL_CATEGORY_PRIMARY_VOTES_TRACED_PROPORTIONALLY,1,Stuart Fogarty,ON,,1.0,1.0,1.0,False,AEC_CANDIDATE_ROUNDS_CATEGORY_EXIT,FEDERAL_2025_VIC,STATEWIDE_POOL_ONLY,True
Hotham,VIC,217,ON,ALP+GRN+LNP,GRN,1213.116424116424,4959.0,0.2446292446292446,PROPORTIONAL_PRIMARY_ORIGIN_PASS_THROUGH,ALL_CATEGORY_PRIMARY_VOTES_TRACED_PROPORTIONALLY,1,Stuart Fogarty,ON,,1.0,1.0,1.0,False,AEC_CANDIDATE_ROUNDS_CATEGORY_EXIT,FEDERAL_2025_VIC,STATEWIDE_POOL_ONLY,True
Hotham,VIC,217,ON,ALP+GRN+LNP,LNP,2945.158004158004,4959.0,0.593901593901594,PROPORTIONAL_PRIMARY_ORIGIN_PASS_THROUGH,ALL_CATEGORY_PRIMARY_VOTES_TRACED_PROPORTIONALLY,1,Stuart Fogarty,ON,,1.0,1.0,1.0,False,AEC_CANDIDATE_ROUNDS_CATEGORY_EXIT,FEDERAL_2025_VIC,STATEWIDE_POOL_ONLY,True
Hotham,VIC,217,OTH,ALP+GRN+LNP+ON,ALP,1068.0,6246.0,0.1709894332372718,PROPORTIONAL_PRIMARY_ORIGIN_PASS_THROUGH,ALL_CATEGORY_PRIMARY_VOTES_TRACED_PROPORTIONALLY,2,Mark Brown,OTH_FFPA,RIGHT,0.5750880563560679,1.0,1.0,False,AEC_CANDIDATE_ROUNDS_CATEGORY_EXIT,FEDERAL_2025_VIC,STATEWIDE_POOL_ONLY,True
Hotham,VIC,217,OTH,ALP+GRN+LNP+ON,GRN,1733.0,6246.0,0.2774575728466218,PROPORTIONAL_PRIMARY_ORIGIN_PASS_THROUGH,ALL_CATEGORY_PRIMARY_VOTES_TRACED_PROPORTIONALLY,2,Mark Brown,OTH_FFPA,RIGHT,0.5750880563560679,1.0,1.0,False,AEC_CANDIDATE_ROUNDS_CATEGORY_EXIT,FEDERAL_2025_VIC,STATEWIDE_POOL_ONLY,True
Hotham,VIC,217,OTH,ALP+GRN+LNP+ON,LNP,1189.0,6246.0,0.1903618315722062,PROPORTIONAL_PRIMARY_ORIGIN_PASS_THROUGH,ALL_CATEGORY_PRIMARY_VOTES_TRACED_PROPORTIONALLY,2,Mark Brown,OTH_FFPA,RIGHT,0.5750880563560679,1.0,1.0,False,AEC_CANDIDATE_ROUNDS_CATEGORY_EXIT,FEDERAL_2025_VIC,STATEWIDE_POOL_ONLY,True
Hotham,VIC,217,OTH,ALP+GRN+LNP+ON,ON,2256.0,6246.0,0.3611911623439001,PROPORTIONAL_PRIMARY_ORIGIN_PASS_THROUGH,ALL_CATEGORY_PRIMARY_VOTES_TRACED_PROPORTIONALLY,2,Mark Brown,OTH_FFPA,RIGHT,0.5750880563560679,1.0,1.0,False,AEC_CANDIDATE_ROUNDS_CATEGORY_EXIT,FEDERAL_2025_VIC,STATEWIDE_POOL_ONLY,True
Indi,VIC,218,ALP,IND+LNP+ON,IND,6444.503642817112,8824.0,0.7303381281524379,PROPORTIONAL_PRIMARY_ORIGIN_PASS_THROUGH,ALL_CATEGORY_PRIMARY_VOTES_TRACED_PROPORTIONALLY,1,Mitch Bridges,ALP,,1.0,1.0,1.0,False,AEC_CANDIDATE_ROUNDS_CATEGORY_EXIT,FEDERAL_2025_VIC,STATEWIDE_POOL_ONLY,True
Indi,VIC,218,ALP,IND+LNP+ON,LNP,1259.393984681487,8824.0,0.1427237063328974,PROPORTIONAL_PRIMARY_ORIGIN_PASS_THROUGH,ALL_CATEGORY_PRIMARY_VOTES_TRACED_PROPORTIONALLY,1,Mitch Bridges,ALP,,1.0,1.0,1.0,False,AEC_CANDIDATE_ROUNDS_CATEGORY_EXIT,FEDERAL_2025_VIC,STATEWIDE_POOL_ONLY,True
Indi,VIC,218,ALP,IND+LNP+ON,ON,1120.102372501401,8824.0,0.1269381655146646,PROPORTIONAL_PRIMARY_ORIGIN_PASS_THROUGH,ALL_CATEGORY_PRIMARY_VOTES_TRACED_PROPORTIONALLY,1,Mitch Bridges,ALP,,1.0,1.0,1.0,False,AEC_CANDIDATE_ROUNDS_CATEGORY_EXIT,FEDERAL_2025_VIC,STATEWIDE_POOL_ONLY,True
Indi,VIC,218,GRN,ALP+IND+LNP+ON,ALP,947.8728542914172,3839.0,0.2469061876247505,PROPORTIONAL_PRIMARY_ORIGIN_PASS_THROUGH,ALL_CATEGORY_PRIMARY_VOTES_TRACED_PROPORTIONALLY,1,Alysia Regan,GRN,,1.0,1.0,1.0,False,AEC_CANDIDATE_ROUNDS_CATEGORY_EXIT,FEDERAL_2025_VIC,STATEWIDE_POOL_ONLY,True
Indi,VIC,218,GRN,ALP+IND+LNP+ON,IND,2149.380239520958,3839.0,0.5598802395209582,PROPORTIONAL_PRIMARY_ORIGIN_PASS_THROUGH,ALL_CATEGORY_PRIMARY_VOTES_TRACED_PROPORTIONALLY,1,Alysia Regan,GRN,,1.0,1.0,1.0,False,AEC_CANDIDATE_ROUNDS_CATEGORY_EXIT,FEDERAL_2025_VIC,STATEWIDE_POOL_ONLY,True
Indi,VIC,218,GRN,ALP+IND+LNP+ON,LNP,229.88023952095807,3839.0,0.059880239520958,PROPORTIONAL_PRIMARY_ORIGIN_PASS_THROUGH,ALL_CATEGORY_PRIMARY_VOTES_TRACED_PROPORTIONALLY,1,Alysia Regan,GRN,,1.0,1.0,1.0,False,AEC_CANDIDATE_ROUNDS_CATEGORY_EXIT,FEDERAL_2025_VIC,STATEWIDE_POOL_ONLY,True
Indi,VIC,218,GRN,ALP+IND+LNP+ON,ON,511.8666666666667,3839.0,0.1333333333333333,PROPORTIONAL_PRIMARY_ORIGIN_PASS_THROUGH,ALL_CATEGORY_PRIMARY_VOTES_TRACED_PROPORTIONALLY,1,Alysia Regan,GRN,,1.0,1.0,1.0,False,AEC_CANDIDATE_ROUNDS_CATEGORY_EXIT,FEDERAL_2025_VIC,STATEWIDE_POOL_ONLY,True
Indi,VIC,218,ON,IND+LNP,IND,2789.557478075373,7611.0,0.3665165521055542,PROPORTIONAL_PRIMARY_ORIGIN_PASS_THROUGH,ALL_CATEGORY_PRIMARY_VOTES_TRACED_PROPORTIONALLY,1,Athol Thomas,ON,,1.0,1.0,1.0,False,AEC_CANDIDATE_ROUNDS_CATEGORY_EXIT,FEDERAL_2025_VIC,STATEWIDE_POOL_ONLY,True
Indi,VIC,218,ON,IND+LNP,LNP,4821.442521924627,7611.0,0.6334834478944458,PROPORTIONAL_PRIMARY_ORIGIN_PASS_THROUGH,ALL_CATEGORY_PRIMARY_VOTES_TRACED_PROPORTIONALLY,1,Athol Thomas,ON,,1.0,1.0,1.0,False,AEC_CANDIDATE_ROUNDS_CATEGORY_EXIT,FEDERAL_2025_VIC,STATEWIDE_POOL_ONLY,True
Indi,VIC,218,OTH,ALP+GRN+IND+LNP+ON,ALP,645.0,8289.0,0.0778139703221136,PROPORTIONAL_PRIMARY_ORIGIN_PASS_THROUGH,ALL_CATEGORY_PRIMARY_VOTES_TRACED_PROPORTIONALLY,4,Ben Howman,OTH_HMP,CENTRE_LEFT,0.381590059114489,1.0,1.0,False,AEC_CANDIDATE_ROUNDS_CATEGORY_EXIT,FEDERAL_2025_VIC,STATEWIDE_POOL_ONLY,True
Indi,VIC,218,OTH,ALP+GRN+IND+LNP+ON,GRN,1171.0000000000002,8289.0,0.1412715647243334,PROPORTIONAL_PRIMARY_ORIGIN_PASS_THROUGH,ALL_CATEGORY_PRIMARY_VOTES_TRACED_PROPORTIONALLY,4,Ben Howman,OTH_HMP,CENTRE_LEFT,0.381590059114489,1.0,1.0,False,AEC_CANDIDATE_ROUNDS_CATEGORY_EXIT,FEDERAL_2025_VIC,STATEWIDE_POOL_ONLY,True
Indi,VIC,218,OTH,ALP+GRN+IND+LNP+ON,IND,2028.0,8289.0,0.2446615997104596,PROPORTIONAL_PRIMARY_ORIGIN_PASS_THROUGH,ALL_CATEGORY_PRIMARY_VOTES_TRACED_PROPORTIONALLY,4,Ben Howman,OTH_HMP,CENTRE_LEFT,0.381590059114489,1.0,1.0,False,AEC_CANDIDATE_ROUNDS_CATEGORY_EXIT,FEDERAL_2025_VIC,STATEWIDE_POOL_ONLY,True
Indi,VIC,218,OTH,ALP+GRN+IND+LNP+ON,LNP,1426.0,8289.0,0.1720352274098202,PROPORTIONAL_PRIMARY_ORIGIN_PASS_THROUGH,ALL_CATEGORY_PRIMARY_VOTES_TRACED_PROPORTIONALLY,4,Ben Howman,OTH_HMP,CENTRE_LEFT,0.381590059114489,1.0,1.0,False,AEC_CANDIDATE_ROUNDS_CATEGORY_EXIT,FEDERAL_2025_VIC,STATEWIDE_POOL_ONLY,True
Indi,VIC,218,OTH,ALP+GRN+IND+LNP+ON,ON,3019.0,8289.0,0.364217637833273,PROPORTIONAL_PRIMARY_ORIGIN_PASS_THROUGH,ALL_CATEGORY_PRIMARY_VOTES_TRACED_PROPORTIONALLY,4,Ben Howman,OTH_HMP,CENTRE_LEFT,0.381590059114489,1.0,1.0,False,AEC_CANDIDATE_ROUNDS_CATEGORY_EXIT,FEDERAL_2025_VIC,STATEWIDE_POOL_ONLY,True
Isaacs,VIC,219,ON,ALP+GRN+LNP,ALP,755.2511656823128,4989.0,0.1513832763444202,PROPORTIONAL_PRIMARY_ORIGIN_PASS_THROUGH,ALL_CATEGORY_PRIMARY_VOTES_TRACED_PROPORTIONALLY,1,Geoff Mcmahon,ON,,1.0,1.0,1.0,False,AEC_CANDIDATE_ROUNDS_CATEGORY_EXIT,FEDERAL_2025_VIC,STATEWIDE_POOL_ONLY,True
Isaacs,VIC,219,ON,ALP+GRN+LNP,GRN,813.4070562635995,4989.0,0.1630400994715573,PROPORTIONAL_PRIMARY_ORIGIN_PASS_THROUGH,ALL_CATEGORY_PRIMARY_VOTES_TRACED_PROPORTIONALLY,1,Geoff Mcmahon,ON,,1.0,1.0,1.0,False,AEC_CANDIDATE_ROUNDS_CATEGORY_EXIT,FEDERAL_2025_VIC,STATEWIDE_POOL_ONLY,True
Isaacs,VIC,219,ON,ALP+GRN+LNP,LNP,3420.341778054088,4989.0,0.6855766241840225,PROPORTIONAL_PRIMARY_ORIGIN_PASS_THROUGH,ALL_CATEGORY_PRIMARY_VOTES_TRACED_PROPORTIONALLY,1,Geoff Mcmahon,ON,,1.0,1.0,1.0,False,AEC_CANDIDATE_ROUNDS_CATEGORY_EXIT,FEDERAL_2025_VIC,STATEWIDE_POOL_ONLY,True
Isaacs,VIC,219,OTH,ALP+GRN+LNP+ON,ALP,672.0,3878.0,0.1732851985559566,PROPORTIONAL_PRIMARY_ORIGIN_PASS_THROUGH,ALL_CATEGORY_PRIMARY_VOTES_TRACED_PROPORTIONALLY,1,Audrey Harmse,OTH_FFPA,RIGHT,1.0,1.0,1.0,False,AEC_CANDIDATE_ROUNDS_CATEGORY_EXIT,FEDERAL_2025_VIC,STATEWIDE_POOL_ONLY,True
Isaacs,VIC,219,OTH,ALP+GRN+LNP+ON,GRN,869.0,3878.0,0.2240845796802475,PROPORTIONAL_PRIMARY_ORIGIN_PASS_THROUGH,ALL_CATEGORY_PRIMARY_VOTES_TRACED_PROPORTIONALLY,1,Audrey Harmse,OTH_FFPA,RIGHT,1.0,1.0,1.0,False,AEC_CANDIDATE_ROUNDS_CATEGORY_EXIT,FEDERAL_2025_VIC,STATEWIDE_POOL_ONLY,True
Isaacs,VIC,219,OTH,ALP+GRN+LNP+ON,LNP,892.0,3878.0,0.2300154718927282,PROPORTIONAL_PRIMARY_ORIGIN_PASS_THROUGH,ALL_CATEGORY_PRIMARY_VOTES_TRACED_PROPORTIONALLY,1,Audrey Harmse,OTH_FFPA,RIGHT,1.0,1.0,1.0,False,AEC_CANDIDATE_ROUNDS_CATEGORY_EXIT,FEDERAL_2025_VIC,STATEWIDE_POOL_ONLY,True
Isaacs,VIC,219,OTH,ALP+GRN+LNP+ON,ON,1445.0,3878.0,0.3726147498710676,PROPORTIONAL_PRIMARY_ORIGIN_PASS_THROUGH,ALL_CATEGORY_PRIMARY_VOTES_TRACED_PROPORTIONALLY,1,Audrey Harmse,OTH_FFPA,RIGHT,1.0,1.0,1.0,False,AEC_CANDIDATE_ROUNDS_CATEGORY_EXIT,FEDERAL_2025_VIC,STATEWIDE_POOL_ONLY,True
Jagajaga,VIC,220,ON,ALP+GRN+LNP+OTH,ALP,513.6588585238892,4297.0,0.1195389477598066,PROPORTIONAL_PRIMARY_ORIGIN_PASS_THROUGH,ALL_CATEGORY_PRIMARY_VOTES_TRACED_PROPORTIONALLY,1,Leslie Ralph,ON,,1.0,1.0,1.0,False,AEC_CANDIDATE_ROUNDS_CATEGORY_EXIT,FEDERAL_2025_VIC,STATEWIDE_POOL_ONLY,True
Jagajaga,VIC,220,ON,ALP+GRN+LNP+OTH,GRN,214.88994236846997,4297.0,0.0500092954080684,PROPORTIONAL_PRIMARY_ORIGIN_PASS_THROUGH,ALL_CATEGORY_PRIMARY_VOTES_TRACED_PROPORTIONALLY,1,Leslie Ralph,ON,,1.0,1.0,1.0,False,AEC_CANDIDATE_ROUNDS_CATEGORY_EXIT,FEDERAL_2025_VIC,STATEWIDE_POOL_ONLY,True
Jagajaga,VIC,220,ON,ALP+GRN+LNP+OTH,LNP,2398.9386503067485,4297.0,0.5582822085889572,PROPORTIONAL_PRIMARY_ORIGIN_PASS_THROUGH,ALL_CATEGORY_PRIMARY_VOTES_TRACED_PROPORTIONALLY,1,Leslie Ralph,ON,,1.0,1.0,1.0,False,AEC_CANDIDATE_ROUNDS_CATEGORY_EXIT,FEDERAL_2025_VIC,STATEWIDE_POOL_ONLY,True
Jagajaga,VIC,220,ON,ALP+GRN+LNP+OTH,OTH,1169.5125488008923,4297.0,0.2721695482431678,PROPORTIONAL_PRIMARY_ORIGIN_PASS_THROUGH,ALL_CATEGORY_PRIMARY_VOTES_TRACED_PROPORTIONALLY,1,Leslie Ralph,ON,,1.0,1.0,1.0,False,AEC_CANDIDATE_ROUNDS_CATEGORY_EXIT,FEDERAL_2025_VIC,STATEWIDE_POOL_ONLY,True
Kooyong,VIC,221,ON,ALP+GRN+IND+LNP,ALP,82.35428571428572,1201.0,0.0685714285714285,PROPORTIONAL_PRIMARY_ORIGIN_PASS_THROUGH,ALL_CATEGORY_PRIMARY_VOTES_TRACED_PROPORTIONALLY,1,Camille Brache,ON,,1.0,1.0,1.0,False,AEC_CANDIDATE_ROUNDS_CATEGORY_EXIT,FEDERAL_2025_VIC,STATEWIDE_POOL_ONLY,True
Kooyong,VIC,221,ON,ALP+GRN+IND+LNP,GRN,79.71472527472527,1201.0,0.0663736263736263,PROPORTIONAL_PRIMARY_ORIGIN_PASS_THROUGH,ALL_CATEGORY_PRIMARY_VOTES_TRACED_PROPORTIONALLY,1,Camille Brache,ON,,1.0,1.0,1.0,False,AEC_CANDIDATE_ROUNDS_CATEGORY_EXIT,FEDERAL_2025_VIC,STATEWIDE_POOL_ONLY,True
Kooyong,VIC,221,ON,ALP+GRN+IND+LNP,IND,167.87604395604396,1201.0,0.1397802197802198,PROPORTIONAL_PRIMARY_ORIGIN_PASS_THROUGH,ALL_CATEGORY_PRIMARY_VOTES_TRACED_PROPORTIONALLY,1,Camille Brache,ON,,1.0,1.0,1.0,False,AEC_CANDIDATE_ROUNDS_CATEGORY_EXIT,FEDERAL_2025_VIC,STATEWIDE_POOL_ONLY,True
Kooyong,VIC,221,ON,ALP+GRN+IND+LNP,LNP,871.054945054945,1201.0,0.7252747252747254,PROPORTIONAL_PRIMARY_ORIGIN_PASS_THROUGH,ALL_CATEGORY_PRIMARY_VOTES_TRACED_PROPORTIONALLY,1,Camille Brache,ON,,1.0,1.0,1.0,False,AEC_CANDIDATE_ROUNDS_CATEGORY_EXIT,FEDERAL_2025_VIC,STATEWIDE_POOL_ONLY,True
Kooyong,VIC,221,OTH,ALP+GRN+IND+LNP+ON,ALP,164.0,2599.0,0.0631011927664486,PROPORTIONAL_PRIMARY_ORIGIN_PASS_THROUGH,ALL_CATEGORY_PRIMARY_VOTES_TRACED_PROPORTIONALLY,2,Richard Peppard,OTH_LTP,RIGHT,0.5675259715275106,1.0,1.0,False,AEC_CANDIDATE_ROUNDS_CATEGORY_EXIT,FEDERAL_2025_VIC,STATEWIDE_POOL_ONLY,True
Kooyong,VIC,221,OTH,ALP+GRN+IND+LNP+ON,GRN,168.0,2599.0,0.0646402462485571,PROPORTIONAL_PRIMARY_ORIGIN_PASS_THROUGH,ALL_CATEGORY_PRIMARY_VOTES_TRACED_PROPORTIONALLY,2,Richard Peppard,OTH_LTP,RIGHT,0.5675259715275106,1.0,1.0,False,AEC_CANDIDATE_ROUNDS_CATEGORY_EXIT,FEDERAL_2025_VIC,STATEWIDE_POOL_ONLY,True
Kooyong,VIC,221,OTH,ALP+GRN+IND+LNP+ON,IND,277.0,2599.0,0.1065794536360138,PROPORTIONAL_PRIMARY_ORIGIN_PASS_THROUGH,ALL_CATEGORY_PRIMARY_VOTES_TRACED_PROPORTIONALLY,2,Richard Peppard,OTH_LTP,RIGHT,0.5675259715275106,1.0,1.0,False,AEC_CANDIDATE_ROUNDS_CATEGORY_EXIT,FEDERAL_2025_VIC,STATEWIDE_POOL_ONLY,True
Kooyong,VIC,221,OTH,ALP+GRN+IND+LNP+ON,LNP,916.0,2599.0,0.3524432474028472,PROPORTIONAL_PRIMARY_ORIGIN_PASS_THROUGH,ALL_CATEGORY_PRIMARY_VOTES_TRACED_PROPORTIONALLY,2,Richard Peppard,OTH_LTP,RIGHT,0.5675259715275106,1.0,1.0,False,AEC_CANDIDATE_ROUNDS_CATEGORY_EXIT,FEDERAL_2025_VIC,STATEWIDE_POOL_ONLY,True
Kooyong,VIC,221,OTH,ALP+GRN+IND+LNP+ON,ON,1074.0,2599.0,0.4132358599461332,PROPORTIONAL_PRIMARY_ORIGIN_PASS_THROUGH,ALL_CATEGORY_PRIMARY_VOTES_TRACED_PROPORTIONALLY,2,Richard Peppard,OTH_LTP,RIGHT,0.5675259715275106,1.0,1.0,False,AEC_CANDIDATE_ROUNDS_CATEGORY_EXIT,FEDERAL_2025_VIC,STATEWIDE_POOL_ONLY,True
La Trobe,VIC,223,ON,ALP+GRN+LNP,ALP,1302.5611807104856,7956.0,0.1637206109490303,PROPORTIONAL_PRIMARY_ORIGIN_PASS_THROUGH,ALL_CATEGORY_PRIMARY_VOTES_TRACED_PROPORTIONALLY,1,Leo Panetta,ON,,1.0,1.0,1.0,False,AEC_CANDIDATE_ROUNDS_CATEGORY_EXIT,FEDERAL_2025_VIC,STATEWIDE_POOL_ONLY,True
La Trobe,VIC,223,ON,ALP+GRN+LNP,GRN,1602.9421657799896,7956.0,0.2014758881070877,PROPORTIONAL_PRIMARY_ORIGIN_PASS_THROUGH,ALL_CATEGORY_PRIMARY_VOTES_TRACED_PROPORTIONALLY,1,Leo Panetta,ON,,1.0,1.0,1.0,False,AEC_CANDIDATE_ROUNDS_CATEGORY_EXIT,FEDERAL_2025_VIC,STATEWIDE_POOL_ONLY,True
La Trobe,VIC,223,ON,ALP+GRN+LNP,LNP,5050.496653509525,7956.0,0.634803500943882,PROPORTIONAL_PRIMARY_ORIGIN_PASS_THROUGH,ALL_CATEGORY_PRIMARY_VOTES_TRACED_PROPORTIONALLY,1,Leo Panetta,ON,,1.0,1.0,1.0,False,AEC_CANDIDATE_ROUNDS_CATEGORY_EXIT,FEDERAL_2025_VIC,STATEWIDE_POOL_ONLY,True
La Trobe,VIC,223,OTH,ALP+GRN+LNP+ON,ALP,1641.0,8440.0,0.194431279620853,PROPORTIONAL_PRIMARY_ORIGIN_PASS_THROUGH,ALL_CATEGORY_PRIMARY_VOTES_TRACED_PROPORTIONALLY,2,Gregory Thomas Hardiman,OTH_CYA,RIGHT,0.5600710900473934,1.0,1.0,False,AEC_CANDIDATE_ROUNDS_CATEGORY_EXIT,FEDERAL_2025_VIC,STATEWIDE_POOL_ONLY,True
La Trobe,VIC,223,OTH,ALP+GRN+LNP+ON,GRN,952.0,8440.0,0.1127962085308056,PROPORTIONAL_PRIMARY_ORIGIN_PASS_THROUGH,ALL_CATEGORY_PRIMARY_VOTES_TRACED_PROPORTIONALLY,2,Gregory Thomas Hardiman,OTH_CYA,RIGHT,0.5600710900473934,1.0,1.0,False,AEC_CANDIDATE_ROUNDS_CATEGORY_EXIT,FEDERAL_2025_VIC,STATEWIDE_POOL_ONLY,True
La Trobe,VIC,223,OTH,ALP+GRN+LNP+ON,LNP,2149.0,8440.0,0.2546208530805687,PROPORTIONAL_PRIMARY_ORIGIN_PASS_THROUGH,ALL_CATEGORY_PRIMARY_VOTES_TRACED_PROPORTIONALLY,2,Gregory Thomas Hardiman,OTH_CYA,RIGHT,0.5600710900473934,1.0,1.0,False,AEC_CANDIDATE_ROUNDS_CATEGORY_EXIT,FEDERAL_2025_VIC,STATEWIDE_POOL_ONLY,True
La Trobe,VIC,223,OTH,ALP+GRN+LNP+ON,ON,3698.0,8440.0,0.4381516587677726,PROPORTIONAL_PRIMARY_ORIGIN_PASS_THROUGH,ALL_CATEGORY_PRIMARY_VOTES_TRACED_PROPORTIONALLY,2,Gregory Thomas Hardiman,OTH_CYA,RIGHT,0.5600710900473934,1.0,1.0,False,AEC_CANDIDATE_ROUNDS_CATEGORY_EXIT,FEDERAL_2025_VIC,STATEWIDE_POOL_ONLY,True
Lalor,VIC,222,ON,ALP+GRN+LNP,ALP,1510.0220320855617,6986.0,0.2161497326203208,PROPORTIONAL_PRIMARY_ORIGIN_PASS_THROUGH,ALL_CATEGORY_PRIMARY_VOTES_TRACED_PROPORTIONALLY,1,Jason Oosthuizen,ON,,1.0,1.0,1.0,False,AEC_CANDIDATE_ROUNDS_CATEGORY_EXIT,FEDERAL_2025_VIC,STATEWIDE_POOL_ONLY,True
Lalor,VIC,222,ON,ALP+GRN+LNP,GRN,1465.9392513368985,6986.0,0.2098395721925133,PROPORTIONAL_PRIMARY_ORIGIN_PASS_THROUGH,ALL_CATEGORY_PRIMARY_VOTES_TRACED_PROPORTIONALLY,1,Jason Oosthuizen,ON,,1.0,1.0,1.0,False,AEC_CANDIDATE_ROUNDS_CATEGORY_EXIT,FEDERAL_2025_VIC,STATEWIDE_POOL_ONLY,True
Lalor,VIC,222,ON,ALP+GRN+LNP,LNP,4010.03871657754,6986.0,0.5740106951871659,PROPORTIONAL_PRIMARY_ORIGIN_PASS_THROUGH,ALL_CATEGORY_PRIMARY_VOTES_TRACED_PROPORTIONALLY,1,Jason Oosthuizen,ON,,1.0,1.0,1.0,False,AEC_CANDIDATE_ROUNDS_CATEGORY_EXIT,FEDERAL_2025_VIC,STATEWIDE_POOL_ONLY,True
Lalor,VIC,222,OTH,ALP+GRN+LNP+ON,ALP,1671.0000000000002,7964.0,0.2098191863385234,PROPORTIONAL_PRIMARY_ORIGIN_PASS_THROUGH,ALL_CATEGORY_PRIMARY_VOTES_TRACED_PROPORTIONALLY,3,Matthew Emerson,OTH_FFPA,RIGHT,0.5748367654445002,1.0,1.0,False,AEC_CANDIDATE_ROUNDS_CATEGORY_EXIT,FEDERAL_2025_VIC,STATEWIDE_POOL_ONLY,True
Lalor,VIC,222,OTH,ALP+GRN+LNP+ON,GRN,1993.0,7964.0,0.2502511300853842,PROPORTIONAL_PRIMARY_ORIGIN_PASS_THROUGH,ALL_CATEGORY_PRIMARY_VOTES_TRACED_PROPORTIONALLY,3,Matthew Emerson,OTH_FFPA,RIGHT,0.5748367654445002,1.0,1.0,False,AEC_CANDIDATE_ROUNDS_CATEGORY_EXIT,FEDERAL_2025_VIC,STATEWIDE_POOL_ONLY,True
Lalor,VIC,222,OTH,ALP+GRN+LNP+ON,LNP,1936.0,7964.0,0.2430939226519337,PROPORTIONAL_PRIMARY_ORIGIN_PASS_THROUGH,ALL_CATEGORY_PRIMARY_VOTES_TRACED_PROPORTIONALLY,3,Matthew Emerson,OTH_FFPA,RIGHT,0.5748367654445002,1.0,1.0,False,AEC_CANDIDATE_ROUNDS_CATEGORY_EXIT,FEDERAL_2025_VIC,STATEWIDE_POOL_ONLY,True
Lalor,VIC,222,OTH,ALP+GRN+LNP+ON,ON,2364.0,7964.0,0.2968357609241587,PROPORTIONAL_PRIMARY_ORIGIN_PASS_THROUGH,ALL_CATEGORY_PRIMARY_VOTES_TRACED_PROPORTIONALLY,3,Matthew Emerson,OTH_FFPA,RIGHT,0.5748367654445002,1.0,1.0,False,AEC_CANDIDATE_ROUNDS_CATEGORY_EXIT,FEDERAL_2025_VIC,STATEWIDE_POOL_ONLY,True
Macnamara,VIC,322,ON,ALP+GRN+LNP,ALP,432.1261354788477,2803.0,0.1541655852582403,PROPORTIONAL_PRIMARY_ORIGIN_PASS_THROUGH,ALL_CATEGORY_PRIMARY_VOTES_TRACED_PROPORTIONALLY,1,Sean Rubin,ON,,1.0,1.0,1.0,False,AEC_CANDIDATE_ROUNDS_CATEGORY_EXIT,FEDERAL_2025_VIC,STATEWIDE_POOL_ONLY,True
Macnamara,VIC,322,ON,ALP+GRN+LNP,GRN,378.2922398131326,2803.0,0.1349597716065403,PROPORTIONAL_PRIMARY_ORIGIN_PASS_THROUGH,ALL_CATEGORY_PRIMARY_VOTES_TRACED_PROPORTIONALLY,1,Sean Rubin,ON,,1.0,1.0,1.0,False,AEC_CANDIDATE_ROUNDS_CATEGORY_EXIT,FEDERAL_2025_VIC,STATEWIDE_POOL_ONLY,True
Macnamara,VIC,322,ON,ALP+GRN+LNP,LNP,1992.5816247080195,2803.0,0.7108746431352194,PROPORTIONAL_PRIMARY_ORIGIN_PASS_THROUGH,ALL_CATEGORY_PRIMARY_VOTES_TRACED_PROPORTIONALLY,1,Sean Rubin,ON,,1.0,1.0,1.0,False,AEC_CANDIDATE_ROUNDS_CATEGORY_EXIT,FEDERAL_2025_VIC,STATEWIDE_POOL_ONLY,True
Macnamara,VIC,322,OTH,ALP+GRN+LNP+ON,ALP,603.0,3140.0,0.1920382165605095,PROPORTIONAL_PRIMARY_ORIGIN_PASS_THROUGH,ALL_CATEGORY_PRIMARY_VOTES_TRACED_PROPORTIONALLY,2,JB Myers,IND_MINOR,CENTRE,0.5863057324840765,1.0,1.0,False,AEC_CANDIDATE_ROUNDS_CATEGORY_EXIT,FEDERAL_2025_VIC,STATEWIDE_POOL_ONLY,True
Macnamara,VIC,322,OTH,ALP+GRN+LNP+ON,GRN,669.0,3140.0,0.2130573248407643,PROPORTIONAL_PRIMARY_ORIGIN_PASS_THROUGH,ALL_CATEGORY_PRIMARY_VOTES_TRACED_PROPORTIONALLY,2,JB Myers,IND_MINOR,CENTRE,0.5863057324840765,1.0,1.0,False,AEC_CANDIDATE_ROUNDS_CATEGORY_EXIT,FEDERAL_2025_VIC,STATEWIDE_POOL_ONLY,True
Macnamara,VIC,322,OTH,ALP+GRN+LNP+ON,LNP,818.0,3140.0,0.2605095541401274,PROPORTIONAL_PRIMARY_ORIGIN_PASS_THROUGH,ALL_CATEGORY_PRIMARY_VOTES_TRACED_PROPORTIONALLY,2,JB Myers,IND_MINOR,CENTRE,0.5863057324840765,1.0,1.0,False,AEC_CANDIDATE_ROUNDS_CATEGORY_EXIT,FEDERAL_2025_VIC,STATEWIDE_POOL_ONLY,True
Macnamara,VIC,322,OTH,ALP+GRN+LNP+ON,ON,1050.0,3140.0,0.3343949044585987,PROPORTIONAL_PRIMARY_ORIGIN_PASS_THROUGH,ALL_CATEGORY_PRIMARY_VOTES_TRACED_PROPORTIONALLY,2,JB Myers,IND_MINOR,CENTRE,0.5863057324840765,1.0,1.0,False,AEC_CANDIDATE_ROUNDS_CATEGORY_EXIT,FEDERAL_2025_VIC,STATEWIDE_POOL_ONLY,True
Mallee,VIC,224,GRN,ALP+LNP+ON,ALP,5618.668345850889,9477.0,0.5928741527752336,PROPORTIONAL_PRIMARY_ORIGIN_PASS_THROUGH,ALL_CATEGORY_PRIMARY_VOTES_TRACED_PROPORTIONALLY,1,Nicole Rowan,GRN,,1.0,1.0,1.0,False,AEC_CANDIDATE_ROUNDS_CATEGORY_EXIT,FEDERAL_2025_VIC,STATEWIDE_POOL_ONLY,True
Mallee,VIC,224,GRN,ALP+LNP+ON,LNP,3036.320388349515,9477.0,0.3203883495145631,PROPORTIONAL_PRIMARY_ORIGIN_PASS_THROUGH,ALL_CATEGORY_PRIMARY_VOTES_TRACED_PROPORTIONALLY,1,Nicole Rowan,GRN,,1.0,1.0,1.0,False,AEC_CANDIDATE_ROUNDS_CATEGORY_EXIT,FEDERAL_2025_VIC,STATEWIDE_POOL_ONLY,True
Mallee,VIC,224,GRN,ALP+LNP+ON,ON,822.011265799597,9477.0,0.0867374977102033,PROPORTIONAL_PRIMARY_ORIGIN_PASS_THROUGH,ALL_CATEGORY_PRIMARY_VOTES_TRACED_PROPORTIONALLY,1,Nicole Rowan,GRN,,1.0,1.0,1.0,False,AEC_CANDIDATE_ROUNDS_CATEGORY_EXIT,FEDERAL_2025_VIC,STATEWIDE_POOL_ONLY,True
Mallee,VIC,224,ON,ALP+LNP,ALP,2737.9519104460564,11414.0,0.2398766348734936,PROPORTIONAL_PRIMARY_ORIGIN_PASS_THROUGH,ALL_CATEGORY_PRIMARY_VOTES_TRACED_PROPORTIONALLY,1,Vaughan Williams,ON,,1.0,1.0,1.0,False,AEC_CANDIDATE_ROUNDS_CATEGORY_EXIT,FEDERAL_2025_VIC,STATEWIDE_POOL_ONLY,True
Mallee,VIC,224,ON,ALP+LNP,LNP,8676.048089553944,11414.0,0.7601233651265064,PROPORTIONAL_PRIMARY_ORIGIN_PASS_THROUGH,ALL_CATEGORY_PRIMARY_VOTES_TRACED_PROPORTIONALLY,1,Vaughan Williams,ON,,1.0,1.0,1.0,False,AEC_CANDIDATE_ROUNDS_CATEGORY_EXIT,FEDERAL_2025_VIC,STATEWIDE_POOL_ONLY,True
Mallee,VIC,224,OTH,ALP+GRN+LNP+ON,ALP,1598.0,11424.0,0.1398809523809523,PROPORTIONAL_PRIMARY_ORIGIN_PASS_THROUGH,ALL_CATEGORY_PRIMARY_VOTES_TRACED_PROPORTIONALLY,4,Ashleigh Gray,OTH_FFPA,RIGHT,0.3466386554621848,1.0,1.0,False,AEC_CANDIDATE_ROUNDS_CATEGORY_EXIT,FEDERAL_2025_VIC,STATEWIDE_POOL_ONLY,True
Mallee,VIC,224,OTH,ALP+GRN+LNP+ON,GRN,1441.0,11424.0,0.1261379551820728,PROPORTIONAL_PRIMARY_ORIGIN_PASS_THROUGH,ALL_CATEGORY_PRIMARY_VOTES_TRACED_PROPORTIONALLY,4,Ashleigh Gray,OTH_FFPA,RIGHT,0.3466386554621848,1.0,1.0,False,AEC_CANDIDATE_ROUNDS_CATEGORY_EXIT,FEDERAL_2025_VIC,STATEWIDE_POOL_ONLY,True
Mallee,VIC,224,OTH,ALP+GRN+LNP+ON,LNP,3237.0,11424.0,0.2833508403361344,PROPORTIONAL_PRIMARY_ORIGIN_PASS_THROUGH,ALL_CATEGORY_PRIMARY_VOTES_TRACED_PROPORTIONALLY,4,Ashleigh Gray,OTH_FFPA,RIGHT,0.3466386554621848,1.0,1.0,False,AEC_CANDIDATE_ROUNDS_CATEGORY_EXIT,FEDERAL_2025_VIC,STATEWIDE_POOL_ONLY,True
Mallee,VIC,224,OTH,ALP+GRN+LNP+ON,ON,5148.0,11424.0,0.4506302521008404,PROPORTIONAL_PRIMARY_ORIGIN_PASS_THROUGH,ALL_CATEGORY_PRIMARY_VOTES_TRACED_PROPORTIONALLY,4,Ashleigh Gray,OTH_FFPA,RIGHT,0.3466386554621848,1.0,1.0,False,AEC_CANDIDATE_ROUNDS_CATEGORY_EXIT,FEDERAL_2025_VIC,STATEWIDE_POOL_ONLY,True
Maribyrnong,VIC,225,ON,ALP+GRN+LNP,ALP,1349.0,7665.0,0.1759947814742335,PROPORTIONAL_PRIMARY_ORIGIN_PASS_THROUGH,ALL_CATEGORY_PRIMARY_VOTES_TRACED_PROPORTIONALLY,1,Alannah Casey,ON,,1.0,1.0,1.0,False,AEC_CANDIDATE_ROUNDS_CATEGORY_EXIT,FEDERAL_2025_VIC,STATEWIDE_POOL_ONLY,True
Maribyrnong,VIC,225,ON,ALP+GRN+LNP,GRN,1138.0,7665.0,0.1484670580560991,PROPORTIONAL_PRIMARY_ORIGIN_PASS_THROUGH,ALL_CATEGORY_PRIMARY_VOTES_TRACED_PROPORTIONALLY,1,Alannah Casey,ON,,1.0,1.0,1.0,False,AEC_CANDIDATE_ROUNDS_CATEGORY_EXIT,FEDERAL_2025_VIC,STATEWIDE_POOL_ONLY,True
Maribyrnong,VIC,225,ON,ALP+GRN+LNP,LNP,5178.0,7665.0,0.6755381604696674,PROPORTIONAL_PRIMARY_ORIGIN_PASS_THROUGH,ALL_CATEGORY_PRIMARY_VOTES_TRACED_PROPORTIONALLY,1,Alannah Casey,ON,,1.0,1.0,1.0,False,AEC_CANDIDATE_ROUNDS_CATEGORY_EXIT,FEDERAL_2025_VIC,STATEWIDE_POOL_ONLY,True
McEwen,VIC,226,ON,ALP+GRN+LNP,ALP,1249.239228125826,6869.0,0.1818662437219138,PROPORTIONAL_PRIMARY_ORIGIN_PASS_THROUGH,ALL_CATEGORY_PRIMARY_VOTES_TRACED_PROPORTIONALLY,1,Jeremy Johnson,ON,,1.0,1.0,1.0,False,AEC_CANDIDATE_ROUNDS_CATEGORY_EXIT,FEDERAL_2025_VIC,STATEWIDE_POOL_ONLY,True
McEwen,VIC,226,ON,ALP+GRN+LNP,GRN,1405.3941316415544,6869.0,0.204599524187153,PROPORTIONAL_PRIMARY_ORIGIN_PASS_THROUGH,ALL_CATEGORY_PRIMARY_VOTES_TRACED_PROPORTIONALLY,1,Jeremy Johnson,ON,,1.0,1.0,1.0,False,AEC_CANDIDATE_ROUNDS_CATEGORY_EXIT,FEDERAL_2025_VIC,STATEWIDE_POOL_ONLY,True
McEwen,VIC,226,ON,ALP+GRN+LNP,LNP,4214.36664023262,6869.0,0.6135342320909332,PROPORTIONAL_PRIMARY_ORIGIN_PASS_THROUGH,ALL_CATEGORY_PRIMARY_VOTES_TRACED_PROPORTIONALLY,1,Jeremy Johnson,ON,,1.0,1.0,1.0,False,AEC_CANDIDATE_ROUNDS_CATEGORY_EXIT,FEDERAL_2025_VIC,STATEWIDE_POOL_ONLY,True
McEwen,VIC,226,OTH,ALP+GRN+LNP+ON,ALP,2357.0,13034.0,0.180834739911002,PROPORTIONAL_PRIMARY_ORIGIN_PASS_THROUGH,ALL_CATEGORY_PRIMARY_VOTES_TRACED_PROPORTIONALLY,5,Tom Forrest,OTH_HMP,CENTRE_LEFT,0.3112628510050637,1.0,1.0,False,AEC_CANDIDATE_ROUNDS_CATEGORY_EXIT,FEDERAL_2025_VIC,STATEWIDE_POOL_ONLY,True
McEwen,VIC,226,OTH,ALP+GRN+LNP+ON,GRN,4309.0,13034.0,0.330596900414301,PROPORTIONAL_PRIMARY_ORIGIN_PASS_THROUGH,ALL_CATEGORY_PRIMARY_VOTES_TRACED_PROPORTIONALLY,5,Tom Forrest,OTH_HMP,CENTRE_LEFT,0.3112628510050637,1.0,1.0,False,AEC_CANDIDATE_ROUNDS_CATEGORY_EXIT,FEDERAL_2025_VIC,STATEWIDE_POOL_ONLY,True
McEwen,VIC,226,OTH,ALP+GRN+LNP+ON,LNP,1888.0,13034.0,0.1448519257326991,PROPORTIONAL_PRIMARY_ORIGIN_PASS_THROUGH,ALL_CATEGORY_PRIMARY_VOTES_TRACED_PROPORTIONALLY,5,Tom Forrest,OTH_HMP,CENTRE_LEFT,0.3112628510050637,1.0,1.0,False,AEC_CANDIDATE_ROUNDS_CATEGORY_EXIT,FEDERAL_2025_VIC,STATEWIDE_POOL_ONLY,True
McEwen,VIC,226,OTH,ALP+GRN+LNP+ON,ON,4480.0,13034.0,0.3437164339419978,PROPORTIONAL_PRIMARY_ORIGIN_PASS_THROUGH,ALL_CATEGORY_PRIMARY_VOTES_TRACED_PROPORTIONALLY,5,Tom Forrest,OTH_HMP,CENTRE_LEFT,0.3112628510050637,1.0,1.0,False,AEC_CANDIDATE_ROUNDS_CATEGORY_EXIT,FEDERAL_2025_VIC,STATEWIDE_POOL_ONLY,True
Melbourne,VIC,228,ON,ALP+GRN+LNP+OTH,ALP,506.3681402439025,2438.0,0.2076981707317073,PROPORTIONAL_PRIMARY_ORIGIN_PASS_THROUGH,ALL_CATEGORY_PRIMARY_VOTES_TRACED_PROPORTIONALLY,1,Melanie Casey,ON,,1.0,1.0,1.0,False,AEC_CANDIDATE_ROUNDS_CATEGORY_EXIT,FEDERAL_2025_VIC,STATEWIDE_POOL_ONLY,True
Melbourne,VIC,228,ON,ALP+GRN+LNP+OTH,GRN,125.43064024390245,2438.0,0.0514481707317073,PROPORTIONAL_PRIMARY_ORIGIN_PASS_THROUGH,ALL_CATEGORY_PRIMARY_VOTES_TRACED_PROPORTIONALLY,1,Melanie Casey,ON,,1.0,1.0,1.0,False,AEC_CANDIDATE_ROUNDS_CATEGORY_EXIT,FEDERAL_2025_VIC,STATEWIDE_POOL_ONLY,True
Melbourne,VIC,228,ON,ALP+GRN+LNP+OTH,LNP,951.4146341463417,2438.0,0.3902439024390244,PROPORTIONAL_PRIMARY_ORIGIN_PASS_THROUGH,ALL_CATEGORY_PRIMARY_VOTES_TRACED_PROPORTIONALLY,1,Melanie Casey,ON,,1.0,1.0,1.0,False,AEC_CANDIDATE_ROUNDS_CATEGORY_EXIT,FEDERAL_2025_VIC,STATEWIDE_POOL_ONLY,True
Melbourne,VIC,228,ON,ALP+GRN+LNP+OTH,OTH,854.7865853658536,2438.0,0.3506097560975609,PROPORTIONAL_PRIMARY_ORIGIN_PASS_THROUGH,ALL_CATEGORY_PRIMARY_VOTES_TRACED_PROPORTIONALLY,1,Melanie Casey,ON,,1.0,1.0,1.0,False,AEC_CANDIDATE_ROUNDS_CATEGORY_EXIT,FEDERAL_2025_VIC,STATEWIDE_POOL_ONLY,True
Menzies,VIC,229,ON,ALP+GRN+IND+LNP,ALP,199.41114816579324,2152.0,0.092663172939495,PROPORTIONAL_PRIMARY_ORIGIN_PASS_THROUGH,ALL_CATEGORY_PRIMARY_VOTES_TRACED_PROPORTIONALLY,1,Jhett Edwards-Scott,ON,,1.0,1.0,1.0,False,AEC_CANDIDATE_ROUNDS_CATEGORY_EXIT,FEDERAL_2025_VIC,STATEWIDE_POOL_ONLY,True
Menzies,VIC,229,ON,ALP+GRN+IND+LNP,GRN,119.44163887565507,2152.0,0.0555026202953787,PROPORTIONAL_PRIMARY_ORIGIN_PASS_THROUGH,ALL_CATEGORY_PRIMARY_VOTES_TRACED_PROPORTIONALLY,1,Jhett Edwards-Scott,ON,,1.0,1.0,1.0,False,AEC_CANDIDATE_ROUNDS_CATEGORY_EXIT,FEDERAL_2025_VIC,STATEWIDE_POOL_ONLY,True
Menzies,VIC,229,ON,ALP+GRN+IND+LNP,IND,570.5516912815627,2152.0,0.2651262505955217,PROPORTIONAL_PRIMARY_ORIGIN_PASS_THROUGH,ALL_CATEGORY_PRIMARY_VOTES_TRACED_PROPORTIONALLY,1,Jhett Edwards-Scott,ON,,1.0,1.0,1.0,False,AEC_CANDIDATE_ROUNDS_CATEGORY_EXIT,FEDERAL_2025_VIC,STATEWIDE_POOL_ONLY,True
Menzies,VIC,229,ON,ALP+GRN+IND+LNP,LNP,1262.5955216769892,2152.0,0.5867079561696046,PROPORTIONAL_PRIMARY_ORIGIN_PASS_THROUGH,ALL_CATEGORY_PRIMARY_VOTES_TRACED_PROPORTIONALLY,1,Jhett Edwards-Scott,ON,,1.0,1.0,1.0,False,AEC_CANDIDATE_ROUNDS_CATEGORY_EXIT,FEDERAL_2025_VIC,STATEWIDE_POOL_ONLY,True
Menzies,VIC,229,OTH,ALP+GRN+IND+LNP+ON,ALP,542.0,5829.0,0.0929833590667352,PROPORTIONAL_PRIMARY_ORIGIN_PASS_THROUGH,ALL_CATEGORY_PRIMARY_VOTES_TRACED_PROPORTIONALLY,3,Amanda Paliouras,OTH_CYA,RIGHT,0.4645736833075999,1.0,1.0,False,AEC_CANDIDATE_ROUNDS_CATEGORY_EXIT,FEDERAL_2025_VIC,STATEWIDE_POOL_ONLY,True
Menzies,VIC,229,OTH,ALP+GRN+IND+LNP+ON,GRN,738.0,5829.0,0.1266083376222336,PROPORTIONAL_PRIMARY_ORIGIN_PASS_THROUGH,ALL_CATEGORY_PRIMARY_VOTES_TRACED_PROPORTIONALLY,3,Amanda Paliouras,OTH_CYA,RIGHT,0.4645736833075999,1.0,1.0,False,AEC_CANDIDATE_ROUNDS_CATEGORY_EXIT,FEDERAL_2025_VIC,STATEWIDE_POOL_ONLY,True
Menzies,VIC,229,OTH,ALP+GRN+IND+LNP+ON,IND,917.0,5829.0,0.1573168639560816,PROPORTIONAL_PRIMARY_ORIGIN_PASS_THROUGH,ALL_CATEGORY_PRIMARY_VOTES_TRACED_PROPORTIONALLY,3,Amanda Paliouras,OTH_CYA,RIGHT,0.4645736833075999,1.0,1.0,False,AEC_CANDIDATE_ROUNDS_CATEGORY_EXIT,FEDERAL_2025_VIC,STATEWIDE_POOL_ONLY,True
Menzies,VIC,229,OTH,ALP+GRN+IND+LNP+ON,LNP,1586.0,5829.0,0.2720878366786756,PROPORTIONAL_PRIMARY_ORIGIN_PASS_THROUGH,ALL_CATEGORY_PRIMARY_VOTES_TRACED_PROPORTIONALLY,3,Amanda Paliouras,OTH_CYA,RIGHT,0.4645736833075999,1.0,1.0,False,AEC_CANDIDATE_ROUNDS_CATEGORY_EXIT,FEDERAL_2025_VIC,STATEWIDE_POOL_ONLY,True
Menzies,VIC,229,OTH,ALP+GRN+IND+LNP+ON,ON,2046.0,5829.0,0.3510036026762738,PROPORTIONAL_PRIMARY_ORIGIN_PASS_THROUGH,ALL_CATEGORY_PRIMARY_VOTES_TRACED_PROPORTIONALLY,3,Amanda Paliouras,OTH_CYA,RIGHT,0.4645736833075999,1.0,1.0,False,AEC_CANDIDATE_ROUNDS_CATEGORY_EXIT,FEDERAL_2025_VIC,STATEWIDE_POOL_ONLY,True
Monash,VIC,323,GRN,ALP+IND+LNP+ON,ALP,1828.103275778603,5062.0,0.3611424883007907,PROPORTIONAL_PRIMARY_ORIGIN_PASS_THROUGH,ALL_CATEGORY_PRIMARY_VOTES_TRACED_PROPORTIONALLY,1,Terence Steele,GRN,,1.0,1.0,1.0,False,AEC_CANDIDATE_ROUNDS_CATEGORY_EXIT,FEDERAL_2025_VIC,STATEWIDE_POOL_ONLY,True
Monash,VIC,323,GRN,ALP+IND+LNP+ON,IND,2742.154913667904,5062.0,0.5417137324511861,PROPORTIONAL_PRIMARY_ORIGIN_PASS_THROUGH,ALL_CATEGORY_PRIMARY_VOTES_TRACED_PROPORTIONALLY,1,Terence Steele,GRN,,1.0,1.0,1.0,False,AEC_CANDIDATE_ROUNDS_CATEGORY_EXIT,FEDERAL_2025_VIC,STATEWIDE_POOL_ONLY,True
Monash,VIC,323,GRN,ALP+IND+LNP+ON,LNP,250.77198644505407,5062.0,0.0495401000484105,PROPORTIONAL_PRIMARY_ORIGIN_PASS_THROUGH,ALL_CATEGORY_PRIMARY_VOTES_TRACED_PROPORTIONALLY,1,Terence Steele,GRN,,1.0,1.0,1.0,False,AEC_CANDIDATE_ROUNDS_CATEGORY_EXIT,FEDERAL_2025_VIC,STATEWIDE_POOL_ONLY,True
Monash,VIC,323,GRN,ALP+IND+LNP+ON,ON,240.9698241084396,5062.0,0.0476036791996127,PROPORTIONAL_PRIMARY_ORIGIN_PASS_THROUGH,ALL_CATEGORY_PRIMARY_VOTES_TRACED_PROPORTIONALLY,1,Terence Steele,GRN,,1.0,1.0,1.0,False,AEC_CANDIDATE_ROUNDS_CATEGORY_EXIT,FEDERAL_2025_VIC,STATEWIDE_POOL_ONLY,True
Monash,VIC,323,ON,ALP+IND+LNP,ALP,1256.8379290939786,8166.0,0.1539110861001688,PROPORTIONAL_PRIMARY_ORIGIN_PASS_THROUGH,ALL_CATEGORY_PRIMARY_VOTES_TRACED_PROPORTIONALLY,1,Kuljeet Kaur Robinson,ON,,1.0,1.0,1.0,False,AEC_CANDIDATE_ROUNDS_CATEGORY_EXIT,FEDERAL_2025_VIC,STATEWIDE_POOL_ONLY,True
Monash,VIC,323,ON,ALP+IND+LNP,IND,4465.182892515475,8166.0,0.5468017257550178,PROPORTIONAL_PRIMARY_ORIGIN_PASS_THROUGH,ALL_CATEGORY_PRIMARY_VOTES_TRACED_PROPORTIONALLY,1,Kuljeet Kaur Robinson,ON,,1.0,1.0,1.0,False,AEC_CANDIDATE_ROUNDS_CATEGORY_EXIT,FEDERAL_2025_VIC,STATEWIDE_POOL_ONLY,True
Monash,VIC,323,ON,ALP+IND+LNP,LNP,2443.979178390546,8166.0,0.2992871881448133,PROPORTIONAL_PRIMARY_ORIGIN_PASS_THROUGH,ALL_CATEGORY_PRIMARY_VOTES_TRACED_PROPORTIONALLY,1,Kuljeet Kaur Robinson,ON,,1.0,1.0,1.0,False,AEC_CANDIDATE_ROUNDS_CATEGORY_EXIT,FEDERAL_2025_VIC,STATEWIDE_POOL_ONLY,True
Monash,VIC,323,OTH,ALP+GRN+IND+LNP+ON,ALP,862.0,7930.0,0.1087011349306431,PROPORTIONAL_PRIMARY_ORIGIN_PASS_THROUGH,ALL_CATEGORY_PRIMARY_VOTES_TRACED_PROPORTIONALLY,3,David O'Reilly,OTH_HMP,CENTRE_LEFT,0.4440100882723833,1.0,1.0,False,AEC_CANDIDATE_ROUNDS_CATEGORY_EXIT,FEDERAL_2025_VIC,STATEWIDE_POOL_ONLY,True
Monash,VIC,323,OTH,ALP+GRN+IND+LNP+ON,GRN,1135.0,7930.0,0.1431273644388398,PROPORTIONAL_PRIMARY_ORIGIN_PASS_THROUGH,ALL_CATEGORY_PRIMARY_VOTES_TRACED_PROPORTIONALLY,3,David O'Reilly,OTH_HMP,CENTRE_LEFT,0.4440100882723833,1.0,1.0,False,AEC_CANDIDATE_ROUNDS_CATEGORY_EXIT,FEDERAL_2025_VIC,STATEWIDE_POOL_ONLY,True
Monash,VIC,323,OTH,ALP+GRN+IND+LNP+ON,IND,2582.0000000000005,7930.0,0.3255989911727617,PROPORTIONAL_PRIMARY_ORIGIN_PASS_THROUGH,ALL_CATEGORY_PRIMARY_VOTES_TRACED_PROPORTIONALLY,3,David O'Reilly,OTH_HMP,CENTRE_LEFT,0.4440100882723833,1.0,1.0,False,AEC_CANDIDATE_ROUNDS_CATEGORY_EXIT,FEDERAL_2025_VIC,STATEWIDE_POOL_ONLY,True
Monash,VIC,323,OTH,ALP+GRN+IND+LNP+ON,LNP,1150.0,7930.0,0.1450189155107188,PROPORTIONAL_PRIMARY_ORIGIN_PASS_THROUGH,ALL_CATEGORY_PRIMARY_VOTES_TRACED_PROPORTIONALLY,3,David O'Reilly,OTH_HMP,CENTRE_LEFT,0.4440100882723833,1.0,1.0,False,AEC_CANDIDATE_ROUNDS_CATEGORY_EXIT,FEDERAL_2025_VIC,STATEWIDE_POOL_ONLY,True
Monash,VIC,323,OTH,ALP+GRN+IND+LNP+ON,ON,2201.0,7930.0,0.2775535939470365,PROPORTIONAL_PRIMARY_ORIGIN_PASS_THROUGH,ALL_CATEGORY_PRIMARY_VOTES_TRACED_PROPORTIONALLY,3,David O'Reilly,OTH_HMP,CENTRE_LEFT,0.4440100882723833,1.0,1.0,False,AEC_CANDIDATE_ROUNDS_CATEGORY_EXIT,FEDERAL_2025_VIC,STATEWIDE_POOL_ONLY,True
Nicholls,VIC,324,GRN,ALP+LNP+ON,ALP,5624.141835518474,8235.0,0.6829558998808106,PROPORTIONAL_PRIMARY_ORIGIN_PASS_THROUGH,ALL_CATEGORY_PRIMARY_VOTES_TRACED_PROPORTIONALLY,1,Shelby Eade,GRN,,1.0,1.0,1.0,False,AEC_CANDIDATE_ROUNDS_CATEGORY_EXIT,FEDERAL_2025_VIC,STATEWIDE_POOL_ONLY,True
Nicholls,VIC,324,GRN,ALP+LNP+ON,LNP,1831.8837360494097,8235.0,0.2224509697692057,PROPORTIONAL_PRIMARY_ORIGIN_PASS_THROUGH,ALL_CATEGORY_PRIMARY_VOTES_TRACED_PROPORTIONALLY,1,Shelby Eade,GRN,,1.0,1.0,1.0,False,AEC_CANDIDATE_ROUNDS_CATEGORY_EXIT,FEDERAL_2025_VIC,STATEWIDE_POOL_ONLY,True
Nicholls,VIC,324,GRN,ALP+LNP+ON,ON,778.9744284321162,8235.0,0.0945931303499837,PROPORTIONAL_PRIMARY_ORIGIN_PASS_THROUGH,ALL_CATEGORY_PRIMARY_VOTES_TRACED_PROPORTIONALLY,1,Shelby Eade,GRN,,1.0,1.0,1.0,False,AEC_CANDIDATE_ROUNDS_CATEGORY_EXIT,FEDERAL_2025_VIC,STATEWIDE_POOL_ONLY,True
Nicholls,VIC,324,ON,ALP+LNP,ALP,2591.21401786699,12095.0,0.2142384471159148,PROPORTIONAL_PRIMARY_ORIGIN_PASS_THROUGH,ALL_CATEGORY_PRIMARY_VOTES_TRACED_PROPORTIONALLY,1,Aaron Tyrrell,ON,,1.0,1.0,1.0,False,AEC_CANDIDATE_ROUNDS_CATEGORY_EXIT,FEDERAL_2025_VIC,STATEWIDE_POOL_ONLY,True
Nicholls,VIC,324,ON,ALP+LNP,LNP,9503.78598213301,12095.0,0.7857615528840852,PROPORTIONAL_PRIMARY_ORIGIN_PASS_THROUGH,ALL_CATEGORY_PRIMARY_VOTES_TRACED_PROPORTIONALLY,1,Aaron Tyrrell,ON,,1.0,1.0,1.0,False,AEC_CANDIDATE_ROUNDS_CATEGORY_EXIT,FEDERAL_2025_VIC,STATEWIDE_POOL_ONLY,True
Nicholls,VIC,324,OTH,ALP+GRN+LNP+ON,ALP,1815.0,10798.0,0.168086682719022,PROPORTIONAL_PRIMARY_ORIGIN_PASS_THROUGH,ALL_CATEGORY_PRIMARY_VOTES_TRACED_PROPORTIONALLY,3,Glenn Francis Floyd,OTH_CYA,RIGHT,0.4629561029820337,1.0,1.0,False,AEC_CANDIDATE_ROUNDS_CATEGORY_EXIT,FEDERAL_2025_VIC,STATEWIDE_POOL_ONLY,True
Nicholls,VIC,324,OTH,ALP+GRN+LNP+ON,GRN,994.0,10798.0,0.0920540840896462,PROPORTIONAL_PRIMARY_ORIGIN_PASS_THROUGH,ALL_CATEGORY_PRIMARY_VOTES_TRACED_PROPORTIONALLY,3,Glenn Francis Floyd,OTH_CYA,RIGHT,0.4629561029820337,1.0,1.0,False,AEC_CANDIDATE_ROUNDS_CATEGORY_EXIT,FEDERAL_2025_VIC,STATEWIDE_POOL_ONLY,True
Nicholls,VIC,324,OTH,ALP+GRN+LNP+ON,LNP,2823.0000000000005,10798.0,0.2614373032042971,PROPORTIONAL_PRIMARY_ORIGIN_PASS_THROUGH,ALL_CATEGORY_PRIMARY_VOTES_TRACED_PROPORTIONALLY,3,Glenn Francis Floyd,OTH_CYA,RIGHT,0.4629561029820337,1.0,1.0,False,AEC_CANDIDATE_ROUNDS_CATEGORY_EXIT,FEDERAL_2025_VIC,STATEWIDE_POOL_ONLY,True
Nicholls,VIC,324,OTH,ALP+GRN+LNP+ON,ON,5166.0,10798.0,0.4784219299870346,PROPORTIONAL_PRIMARY_ORIGIN_PASS_THROUGH,ALL_CATEGORY_PRIMARY_VOTES_TRACED_PROPORTIONALLY,3,Glenn Francis Floyd,OTH_CYA,RIGHT,0.4629561029820337,1.0,1.0,False,AEC_CANDIDATE_ROUNDS_CATEGORY_EXIT,FEDERAL_2025_VIC,STATEWIDE_POOL_ONLY,True
Scullin,VIC,232,ON,ALP+GRN+LNP,ALP,1118.789762890478,6401.0,0.1747835905156191,PROPORTIONAL_PRIMARY_ORIGIN_PASS_THROUGH,ALL_CATEGORY_PRIMARY_VOTES_TRACED_PROPORTIONALLY,1,Arthur Tsoutsoulis,ON,,1.0,1.0,1.0,False,AEC_CANDIDATE_ROUNDS_CATEGORY_EXIT,FEDERAL_2025_VIC,STATEWIDE_POOL_ONLY,True
Scullin,VIC,232,ON,ALP+GRN+LNP,GRN,2161.933534060971,6401.0,0.3377493413624388,PROPORTIONAL_PRIMARY_ORIGIN_PASS_THROUGH,ALL_CATEGORY_PRIMARY_VOTES_TRACED_PROPORTIONALLY,1,Arthur Tsoutsoulis,ON,,1.0,1.0,1.0,False,AEC_CANDIDATE_ROUNDS_CATEGORY_EXIT,FEDERAL_2025_VIC,STATEWIDE_POOL_ONLY,True
Scullin,VIC,232,ON,ALP+GRN+LNP,LNP,3120.27670304855,6401.0,0.487467068121942,PROPORTIONAL_PRIMARY_ORIGIN_PASS_THROUGH,ALL_CATEGORY_PRIMARY_VOTES_TRACED_PROPORTIONALLY,1,Arthur Tsoutsoulis,ON,,1.0,1.0,1.0,False,AEC_CANDIDATE_ROUNDS_CATEGORY_EXIT,FEDERAL_2025_VIC,STATEWIDE_POOL_ONLY,True
Scullin,VIC,232,OTH,ALP+GRN+LNP+ON,ALP,3107.0000000000005,17899.0,0.1735851164869546,PROPORTIONAL_PRIMARY_ORIGIN_PASS_THROUGH,ALL_CATEGORY_PRIMARY_VOTES_TRACED_PROPORTIONALLY,4,Adriana Buccianti,OTH_CYA,RIGHT,0.306106486395888,1.0,1.0,False,AEC_CANDIDATE_ROUNDS_CATEGORY_EXIT,FEDERAL_2025_VIC,STATEWIDE_POOL_ONLY,True
Scullin,VIC,232,OTH,ALP+GRN+LNP+ON,GRN,5584.0,17899.0,0.3119727359070339,PROPORTIONAL_PRIMARY_ORIGIN_PASS_THROUGH,ALL_CATEGORY_PRIMARY_VOTES_TRACED_PROPORTIONALLY,4,Adriana Buccianti,OTH_CYA,RIGHT,0.306106486395888,1.0,1.0,False,AEC_CANDIDATE_ROUNDS_CATEGORY_EXIT,FEDERAL_2025_VIC,STATEWIDE_POOL_ONLY,True
Scullin,VIC,232,OTH,ALP+GRN+LNP+ON,LNP,2324.0,17899.0,0.1298396558466953,PROPORTIONAL_PRIMARY_ORIGIN_PASS_THROUGH,ALL_CATEGORY_PRIMARY_VOTES_TRACED_PROPORTIONALLY,4,Adriana Buccianti,OTH_CYA,RIGHT,0.306106486395888,1.0,1.0,False,AEC_CANDIDATE_ROUNDS_CATEGORY_EXIT,FEDERAL_2025_VIC,STATEWIDE_POOL_ONLY,True
Scullin,VIC,232,OTH,ALP+GRN+LNP+ON,ON,6884.0,17899.0,0.3846024917593161,PROPORTIONAL_PRIMARY_ORIGIN_PASS_THROUGH,ALL_CATEGORY_PRIMARY_VOTES_TRACED_PROPORTIONALLY,4,Adriana Buccianti,OTH_CYA,RIGHT,0.306106486395888,1.0,1.0,False,AEC_CANDIDATE_ROUNDS_CATEGORY_EXIT,FEDERAL_2025_VIC,STATEWIDE_POOL_ONLY,True
Wannon,VIC,233,GRN,ALP+IND+LNP+ON,ALP,998.3550323176362,3427.0,0.2913204062788551,PROPORTIONAL_PRIMARY_ORIGIN_PASS_THROUGH,ALL_CATEGORY_PRIMARY_VOTES_TRACED_PROPORTIONALLY,1,Kate Gazzard,GRN,,1.0,1.0,1.0,False,AEC_CANDIDATE_ROUNDS_CATEGORY_EXIT,FEDERAL_2025_VIC,STATEWIDE_POOL_ONLY,True
Wannon,VIC,233,GRN,ALP+IND+LNP+ON,IND,1884.3753462603877,3427.0,0.5498614958448754,PROPORTIONAL_PRIMARY_ORIGIN_PASS_THROUGH,ALL_CATEGORY_PRIMARY_VOTES_TRACED_PROPORTIONALLY,1,Kate Gazzard,GRN,,1.0,1.0,1.0,False,AEC_CANDIDATE_ROUNDS_CATEGORY_EXIT,FEDERAL_2025_VIC,STATEWIDE_POOL_ONLY,True
Wannon,VIC,233,GRN,ALP+IND+LNP+ON,LNP,274.50807940904895,3427.0,0.080101569713758,PROPORTIONAL_PRIMARY_ORIGIN_PASS_THROUGH,ALL_CATEGORY_PRIMARY_VOTES_TRACED_PROPORTIONALLY,1,Kate Gazzard,GRN,,1.0,1.0,1.0,False,AEC_CANDIDATE_ROUNDS_CATEGORY_EXIT,FEDERAL_2025_VIC,STATEWIDE_POOL_ONLY,True
Wannon,VIC,233,GRN,ALP+IND+LNP+ON,ON,269.76154201292707,3427.0,0.0787165281625115,PROPORTIONAL_PRIMARY_ORIGIN_PASS_THROUGH,ALL_CATEGORY_PRIMARY_VOTES_TRACED_PROPORTIONALLY,1,Kate Gazzard,GRN,,1.0,1.0,1.0,False,AEC_CANDIDATE_ROUNDS_CATEGORY_EXIT,FEDERAL_2025_VIC,STATEWIDE_POOL_ONLY,True
Wannon,VIC,233,ON,ALP+IND+LNP,ALP,609.6613055818353,4529.0,0.1346127855115556,PROPORTIONAL_PRIMARY_ORIGIN_PASS_THROUGH,ALL_CATEGORY_PRIMARY_VOTES_TRACED_PROPORTIONALLY,1,Leo Curtain,ON,,1.0,1.0,1.0,False,AEC_CANDIDATE_ROUNDS_CATEGORY_EXIT,FEDERAL_2025_VIC,STATEWIDE_POOL_ONLY,True
Wannon,VIC,233,ON,ALP+IND+LNP,IND,1286.0425733207192,4529.0,0.2839572915258819,PROPORTIONAL_PRIMARY_ORIGIN_PASS_THROUGH,ALL_CATEGORY_PRIMARY_VOTES_TRACED_PROPORTIONALLY,1,Leo Curtain,ON,,1.0,1.0,1.0,False,AEC_CANDIDATE_ROUNDS_CATEGORY_EXIT,FEDERAL_2025_VIC,STATEWIDE_POOL_ONLY,True
Wannon,VIC,233,ON,ALP+IND+LNP,LNP,2633.2961210974454,4529.0,0.5814299229625625,PROPORTIONAL_PRIMARY_ORIGIN_PASS_THROUGH,ALL_CATEGORY_PRIMARY_VOTES_TRACED_PROPORTIONALLY,1,Leo Curtain,ON,,1.0,1.0,1.0,False,AEC_CANDIDATE_ROUNDS_CATEGORY_EXIT,FEDERAL_2025_VIC,STATEWIDE_POOL_ONLY,True
Wannon,VIC,233,OTH,ALP+GRN+IND+LNP+ON,ALP,932.0,7685.0,0.1212752114508783,PROPORTIONAL_PRIMARY_ORIGIN_PASS_THROUGH,ALL_CATEGORY_PRIMARY_VOTES_TRACED_PROPORTIONALLY,4,Robbie Swan,OTH_HMP,CENTRE_LEFT,0.3951854261548471,1.0,1.0,False,AEC_CANDIDATE_ROUNDS_CATEGORY_EXIT,FEDERAL_2025_VIC,STATEWIDE_POOL_ONLY,True
Wannon,VIC,233,OTH,ALP+GRN+IND+LNP+ON,GRN,905.0,7685.0,0.117761873780091,PROPORTIONAL_PRIMARY_ORIGIN_PASS_THROUGH,ALL_CATEGORY_PRIMARY_VOTES_TRACED_PROPORTIONALLY,4,Robbie Swan,OTH_HMP,CENTRE_LEFT,0.3951854261548471,1.0,1.0,False,AEC_CANDIDATE_ROUNDS_CATEGORY_EXIT,FEDERAL_2025_VIC,STATEWIDE_POOL_ONLY,True
Wannon,VIC,233,OTH,ALP+GRN+IND+LNP+ON,IND,1872.0,7685.0,0.2435914118412492,PROPORTIONAL_PRIMARY_ORIGIN_PASS_THROUGH,ALL_CATEGORY_PRIMARY_VOTES_TRACED_PROPORTIONALLY,4,Robbie Swan,OTH_HMP,CENTRE_LEFT,0.3951854261548471,1.0,1.0,False,AEC_CANDIDATE_ROUNDS_CATEGORY_EXIT,FEDERAL_2025_VIC,STATEWIDE_POOL_ONLY,True
Wannon,VIC,233,OTH,ALP+GRN+IND+LNP+ON,LNP,1447.0,7685.0,0.1882888744307091,PROPORTIONAL_PRIMARY_ORIGIN_PASS_THROUGH,ALL_CATEGORY_PRIMARY_VOTES_TRACED_PROPORTIONALLY,4,Robbie Swan,OTH_HMP,CENTRE_LEFT,0.3951854261548471,1.0,1.0,False,AEC_CANDIDATE_ROUNDS_CATEGORY_EXIT,FEDERAL_2025_VIC,STATEWIDE_POOL_ONLY,True
Wannon,VIC,233,OTH,ALP+GRN+IND+LNP+ON,ON,2529.0,7685.0,0.3290826284970722,PROPORTIONAL_PRIMARY_ORIGIN_PASS_THROUGH,ALL_CATEGORY_PRIMARY_VOTES_TRACED_PROPORTIONALLY,4,Robbie Swan,OTH_HMP,CENTRE_LEFT,0.3951854261548471,1.0,1.0,False,AEC_CANDIDATE_ROUNDS_CATEGORY_EXIT,FEDERAL_2025_VIC,STATEWIDE_POOL_ONLY,True
Wills,VIC,234,ON,ALP+GRN+LNP+OTH,ALP,581.9738396624472,3842.0,0.1514767932489451,PROPORTIONAL_PRIMARY_ORIGIN_PASS_THROUGH,ALL_CATEGORY_PRIMARY_VOTES_TRACED_PROPORTIONALLY,1,Bruce Stevens,ON,,1.0,1.0,1.0,False,AEC_CANDIDATE_ROUNDS_CATEGORY_EXIT,FEDERAL_2025_VIC,STATEWIDE_POOL_ONLY,True
Wills,VIC,234,ON,ALP+GRN+LNP+OTH,GRN,384.2000000000001,3842.0,0.1,PROPORTIONAL_PRIMARY_ORIGIN_PASS_THROUGH,ALL_CATEGORY_PRIMARY_VOTES_TRACED_PROPORTIONALLY,1,Bruce Stevens,ON,,1.0,1.0,1.0,False,AEC_CANDIDATE_ROUNDS_CATEGORY_EXIT,FEDERAL_2025_VIC,STATEWIDE_POOL_ONLY,True
Wills,VIC,234,ON,ALP+GRN+LNP+OTH,LNP,2279.262447257384,3842.0,0.5932489451476793,PROPORTIONAL_PRIMARY_ORIGIN_PASS_THROUGH,ALL_CATEGORY_PRIMARY_VOTES_TRACED_PROPORTIONALLY,1,Bruce Stevens,ON,,1.0,1.0,1.0,False,AEC_CANDIDATE_ROUNDS_CATEGORY_EXIT,FEDERAL_2025_VIC,STATEWIDE_POOL_ONLY,True
Wills,VIC,234,ON,ALP+GRN+LNP+OTH,OTH,596.5637130801688,3842.0,0.1552742616033755,PROPORTIONAL_PRIMARY_ORIGIN_PASS_THROUGH,ALL_CATEGORY_PRIMARY_VOTES_TRACED_PROPORTIONALLY,1,Bruce Stevens,ON,,1.0,1.0,1.0,False,AEC_CANDIDATE_ROUNDS_CATEGORY_EXIT,FEDERAL_2025_VIC,STATEWIDE_POOL_ONLY,True
