ONLevel,district,winner_trial_siphon_retained,runner_up_trial_siphon_retained,winner_pct_trial_siphon_retained,winner_trial_siphon_replaced,runner_up_trial_siphon_replaced,winner_pct_trial_siphon_replaced,WinnerChangedBetweenTrials,PairChangedBetweenTrials,WinnerPctDifference
10.0,Albert Park,ALP,LNP,0.6500257126959071,ALP,LNP,0.6500257126959071,False,False,0.0
10.0,Ashwood,ALP,LNP,0.540148145338371,ALP,LNP,0.5400411072365654,False,False,-0.00010703810180556772
10.0,Bass,LNP,ALP,0.6331949487421061,LNP,ALP,0.6331949487421061,False,False,0.0
10.0,Bayswater,ALP,LNP,0.5121573114554608,ALP,LNP,0.5121573114554608,False,False,0.0
10.0,Bellarine,ALP,LNP,0.5200275934614598,ALP,LNP,0.5199852639297555,False,False,-4.2329531704243806e-05
10.0,Benambra,LNP,IND,0.5919245693183596,LNP,IND,0.5919245693183596,False,False,0.0
10.0,Bendigo East,ALP,LNP,0.5543874831915,ALP,LNP,0.5541506963530591,False,False,-0.00023678683844086112
10.0,Bendigo West,ALP,LNP,0.6038254125520801,ALP,LNP,0.6038254125520801,False,False,0.0
10.0,Bentleigh,ALP,LNP,0.5698837556673984,ALP,LNP,0.5697435478240002,False,False,-0.00014020784339818793
10.0,Berwick,LNP,ALP,0.5998025841606169,LNP,ALP,0.5999969197884708,False,False,0.00019433562785386993
10.0,Box Hill,ALP,LNP,0.5627251929196899,ALP,LNP,0.5627251929196899,False,False,0.0
10.0,Brighton,LNP,ALP,0.5095323360826238,LNP,ALP,0.5095323360826238,False,False,0.0
10.0,Broadmeadows,ALP,LNP,0.6384861984113831,ALP,LNP,0.6384861984113831,False,False,0.0
10.0,Brunswick,GRN,ALP,0.6101520140045423,GRN,ALP,0.6101520140045423,False,False,0.0
10.0,Bulleen,LNP,ALP,0.5730786661967827,LNP,ALP,0.5732309324617294,False,False,0.0001522662649466877
10.0,Bundoora,ALP,LNP,0.5904894662661222,ALP,LNP,0.5904246615108907,False,False,-6.480475523151785e-05
10.0,Carrum,ALP,LNP,0.5295122858311965,ALP,LNP,0.5295122858311965,False,False,0.0
10.0,Caulfield,LNP,ALP,0.5113700423076616,LNP,ALP,0.5114849596163443,False,False,0.0001149173086827382
10.0,Clarinda,ALP,LNP,0.5706057171965969,ALP,LNP,0.5706057171965969,False,False,0.0
10.0,Cranbourne,ALP,LNP,0.5627861172050334,ALP,LNP,0.5627861172050334,False,False,0.0
10.0,Croydon,LNP,ALP,0.5310292554278981,LNP,ALP,0.5310292554278981,False,False,0.0
10.0,Dandenong,ALP,LNP,0.6653114787218862,ALP,LNP,0.6653114787218862,False,False,0.0
10.0,Eildon,LNP,ALP,0.6357379653000368,LNP,ALP,0.6359945846143461,False,False,0.0002566193143093143
10.0,Eltham,ALP,LNP,0.5729659871061545,ALP,LNP,0.5728407682999007,False,False,-0.00012521880625382398
10.0,Essendon,ALP,LNP,0.6207413946668442,ALP,LNP,0.6207413946668442,False,False,0.0
10.0,Eureka,LNP,ALP,0.5305035405673774,LNP,ALP,0.5305035405673774,False,False,0.0
10.0,Euroa,LNP,ALP,0.7076386205878054,LNP,ALP,0.7076386205878054,False,False,0.0
10.0,Evelyn,LNP,ALP,0.6102480080230406,LNP,ALP,0.6103706978820103,False,False,0.00012268985896968232
10.0,Footscray,ALP,GRN,0.5688849010561757,ALP,GRN,0.5688849010561757,False,False,0.0
10.0,Frankston,ALP,LNP,0.5699677705302421,ALP,LNP,0.5699677705302421,False,False,0.0
10.0,Geelong,ALP,LNP,0.546496076817104,ALP,LNP,0.5466197611246788,False,False,0.00012368430757481175
10.0,Gippsland East,LNP,ON,0.6967768631502728,LNP,ON,0.6967768631502728,False,False,0.0
10.0,Gippsland South,LNP,ALP,0.7153512431595495,LNP,ALP,0.7153512431595495,False,False,0.0
10.0,Glen Waverley,ALP,LNP,0.5052463050889152,ALP,LNP,0.5052463050889152,False,False,0.0
10.0,Greenvale,ALP,LNP,0.5976461146631213,ALP,LNP,0.5976461146631213,False,False,0.0
10.0,Hastings,LNP,ALP,0.5803197111112799,LNP,ALP,0.5803197111112799,False,False,0.0
10.0,Hawthorn,LNP,ALP,0.5026304598657872,LNP,ALP,0.5026304598657872,False,False,0.0
10.0,Ivanhoe,ALP,LNP,0.6138124433012032,ALP,LNP,0.6136565036509246,False,False,-0.00015593965027860257
10.0,Kalkallo,ALP,LNP,0.619455523518516,ALP,LNP,0.619455523518516,False,False,0.0
10.0,Kew,LNP,ALP,0.5319138387822232,LNP,ALP,0.5319138387822232,False,False,0.0
10.0,Kororoit,ALP,LNP,0.610563361494356,ALP,LNP,0.610563361494356,False,False,0.0
10.0,Lara,ALP,ON,0.5624617874853574,ALP,ON,0.5624617874853574,False,False,0.0
10.0,Laverton,ALP,LNP,0.6452729740376327,ALP,LNP,0.6452729740376327,False,False,0.0
10.0,Lowan,LNP,ON,0.7123339851483789,LNP,ON,0.7123339851483789,False,False,0.0
10.0,Macedon,ALP,LNP,0.5142600368183714,ALP,LNP,0.514060303313563,False,False,-0.00019973350480839702
10.0,Malvern,LNP,ALP,0.563479592589832,LNP,ALP,0.563479592589832,False,False,0.0
10.0,Melbourne,GRN,ALP,0.5861170606810437,GRN,ALP,0.5861170606810437,False,False,0.0
10.0,Melton,LNP,ALP,0.5228246144864953,LNP,ALP,0.5228246144864953,False,False,0.0
10.0,Mildura,LNP,IND,0.5702793902969877,LNP,IND,0.5702793902969877,False,False,0.0
10.0,Mill Park,ALP,LNP,0.623708422035236,ALP,LNP,0.623708422035236,False,False,0.0
10.0,Monbulk,ALP,LNP,0.5226926548936848,ALP,LNP,0.5225798556011502,False,False,-0.00011279929253460441
10.0,Mordialloc,ALP,LNP,0.5588860364994684,ALP,LNP,0.5590246465006949,False,False,0.00013861000122650236
10.0,Mornington,LNP,IND,0.597364718123788,LNP,IND,0.5974160285218157,False,False,5.1310398027748505e-05
10.0,Morwell,LNP,ON,0.5944410704183066,LNP,ON,0.5944410704183066,False,False,0.0
10.0,Mulgrave,ALP,LNP,0.6488745508252519,ALP,LNP,0.6488745508252519,False,False,0.0
10.0,Murray Plains,LNP,ON,0.6938572317305853,LNP,ON,0.6938572317305853,False,False,0.0
10.0,Narracan,LNP,ALP,0.6072453206773735,LNP,ALP,0.6072406374820922,False,False,-4.683195281240948e-06
10.0,Narre Warren North,ALP,LNP,0.5697029550218323,ALP,LNP,0.5697029550218323,False,False,0.0
10.0,Narre Warren South,ALP,LNP,0.5755676279033909,ALP,LNP,0.5755676279033909,False,False,0.0
10.0,Nepean,LNP,ALP,0.6158042060880263,LNP,ALP,0.6159738273814283,False,False,0.00016962129340192256
10.0,Niddrie,ALP,LNP,0.5261945596338446,ALP,LNP,0.5261945596338446,False,False,0.0
10.0,Northcote,ALP,GRN,0.5031667904659224,ALP,GRN,0.5031667904659224,False,False,0.0
10.0,Oakleigh,ALP,LNP,0.6252814258307526,ALP,LNP,0.6252911099779737,False,False,9.684147221022954e-06
10.0,Ovens Valley,LNP,ALP,0.6923146162206023,LNP,ALP,0.6923146162206023,False,False,0.0
10.0,Pakenham,LNP,ALP,0.5445935664326755,LNP,ALP,0.5445935664326755,False,False,0.0
10.0,Pascoe Vale,ALP,GRN,0.5411036640077582,ALP,GRN,0.5411036640077582,False,False,0.0
10.0,Point Cook,ALP,LNP,0.5792640348190295,ALP,LNP,0.5792640348190295,False,False,0.0
10.0,Polwarth,LNP,ALP,0.5681821130550653,LNP,ALP,0.5683478054724296,False,False,0.00016569241736430484
10.0,Prahran,GRN,LNP,0.6406182576368971,GRN,LNP,0.6406182576368971,False,False,0.0
10.0,Preston,ALP,LNP,0.7112011470289619,ALP,LNP,0.7112011470289619,False,False,0.0
10.0,Richmond,GRN,ALP,0.536629651459519,GRN,ALP,0.536629651459519,False,False,0.0
10.0,Ringwood,ALP,LNP,0.5674208508889351,ALP,LNP,0.5674208508889351,False,False,0.0
10.0,Ripon,LNP,ALP,0.5475734361313169,LNP,ALP,0.5475734361313169,False,False,0.0
10.0,Rowville,LNP,ALP,0.5678306802357661,LNP,ALP,0.5677533249165524,False,False,-7.735531921371219e-05
10.0,Sandringham,LNP,ALP,0.5426751142412298,LNP,ALP,0.5426751142412298,False,False,0.0
10.0,Shepparton,LNP,IND,0.6240897366115051,LNP,IND,0.6240897366115051,False,False,0.0
10.0,South Barwon,ALP,LNP,0.5329559233447253,ALP,LNP,0.5329559233447253,False,False,0.0
10.0,South-West Coast,LNP,IND,0.5880948416352995,LNP,IND,0.5880948416352995,False,False,0.0
10.0,St Albans,ALP,LNP,0.6064712303299256,ALP,LNP,0.6064712303299256,False,False,0.0
10.0,Sunbury,LNP,ALP,0.5080224391981225,LNP,ALP,0.5080224391981225,False,False,0.0
10.0,Sydenham,ALP,LNP,0.5757076803551907,ALP,LNP,0.5757076803551907,False,False,0.0
10.0,Tarneit,ALP,LNP,0.6064952968254986,ALP,LNP,0.6064952968254986,False,False,0.0
10.0,Thomastown,ALP,LNP,0.6453892522182911,ALP,LNP,0.6453892522182911,False,False,0.0
10.0,Warrandyte,LNP,ALP,0.5597412911657126,LNP,ALP,0.5599334065123222,False,False,0.00019211534660956708
10.0,Wendouree,ALP,LNP,0.5328724479623549,ALP,LNP,0.5328724479623549,False,False,0.0
10.0,Werribee,ALP,LNP,0.518950950011926,ALP,LNP,0.518950950011926,False,False,0.0
10.0,Williamstown,ALP,LNP,0.6830026076790312,ALP,LNP,0.6830026076790312,False,False,0.0
10.0,Yan Yean,ALP,LNP,0.5177336494494861,ALP,LNP,0.5177336494494861,False,False,0.0
20.0,Albert Park,ALP,LNP,0.6215641217726882,ALP,LNP,0.6215000270429684,False,False,-6.409472971979913e-05
20.0,Ashwood,ALP,LNP,0.5263963580801931,ALP,LNP,0.5263217231253633,False,False,-7.463495482984417e-05
20.0,Bass,LNP,ON,0.5683003500926687,LNP,ON,0.5683003500926687,False,False,0.0
20.0,Bayswater,LNP,ALP,0.5371656240944277,LNP,ALP,0.5371656240944277,False,False,0.0
20.0,Bellarine,LNP,ALP,0.5051075224155814,LNP,ALP,0.5051444849487452,False,False,3.696253316376463e-05
20.0,Benambra,LNP,IND,0.6246032613250164,LNP,IND,0.6246032613250164,False,False,0.0
20.0,Bendigo East,ALP,LNP,0.5246173755986024,ALP,LNP,0.5244242518724699,False,False,-0.00019312372613256024
20.0,Bendigo West,ALP,ON,0.5562449538500854,ALP,ON,0.5562449538500854,False,False,0.0
20.0,Bentleigh,ALP,LNP,0.5275241279622771,ALP,LNP,0.5275056734646343,False,False,-1.8454497642816925e-05
20.0,Berwick,LNP,ALP,0.6327215673924497,LNP,ALP,0.6328837441096535,False,False,0.00016217671720386573
20.0,Box Hill,ALP,LNP,0.5398389459914371,ALP,LNP,0.5396721008566483,False,False,-0.0001668451347888178
20.0,Brighton,LNP,ALP,0.5349418167725958,LNP,ALP,0.5345585568747528,False,False,-0.0003832598978429358
20.0,Broadmeadows,ALP,ON,0.609539263231773,ALP,ON,0.609539263231773,False,False,0.0
20.0,Brunswick,GRN,ALP,0.6218126013900047,GRN,ALP,0.6218126013900047,False,False,0.0
20.0,Bulleen,LNP,ALP,0.6125732273510291,LNP,ALP,0.6126183022644185,False,False,4.507491338934244e-05
20.0,Bundoora,ALP,LNP,0.5618266840975538,ALP,LNP,0.5617700231162285,False,False,-5.6660981325284965e-05
20.0,Carrum,ON,ALP,0.5007417540700347,ON,ALP,0.5007417540700347,False,False,0.0
20.0,Caulfield,LNP,ALP,0.5274490347961767,LNP,ALP,0.5275444529620219,False,False,9.541816584524021e-05
20.0,Clarinda,ALP,LNP,0.5451591898386838,ALP,LNP,0.5451591898386838,False,False,0.0
20.0,Cranbourne,ON,ALP,0.5208061403209128,ON,ALP,0.5208061403209128,False,False,0.0
20.0,Croydon,LNP,ALP,0.5813105852200201,LNP,ALP,0.5813105852200201,False,False,0.0
20.0,Dandenong,ALP,ON,0.5892659495379573,ALP,ON,0.5892659495379573,False,False,0.0
20.0,Eildon,LNP,ON,0.6086022071230784,LNP,ON,0.6100983495296717,False,False,0.0014961424065932372
20.0,Eltham,ALP,LNP,0.5258634176067303,ALP,LNP,0.5258394416499925,False,False,-2.397595673775399e-05
20.0,Essendon,ALP,LNP,0.545373781818959,ALP,LNP,0.5455667860953728,False,False,0.00019300427641377738
20.0,Eureka,ON,ALP,0.5771889405780583,ON,ALP,0.5771889405780583,False,False,0.0
20.0,Euroa,LNP,ON,0.5961286957905645,LNP,ON,0.5961286957905645,False,False,0.0
20.0,Evelyn,LNP,ALP,0.641150829211643,LNP,ALP,0.6412526550664571,False,False,0.00010182585481410822
20.0,Footscray,ALP,GRN,0.5837312007012053,ALP,GRN,0.5837312007012053,False,False,0.0
20.0,Frankston,ALP,ON,0.5088214506611384,ALP,ON,0.5088214506611384,False,False,0.0
20.0,Geelong,ALP,ON,0.5112595422327432,ALP,ON,0.5120730737994732,False,False,0.0008135315667300302
20.0,Gippsland East,LNP,ON,0.591530597016092,LNP,ON,0.591530597016092,False,False,0.0
20.0,Gippsland South,LNP,ON,0.5882779619976237,LNP,ON,0.5882779619976237,False,False,0.0
20.0,Glen Waverley,LNP,ALP,0.5311271871323018,LNP,ALP,0.5311263161216484,False,False,-8.710106533804662e-07
20.0,Greenvale,ALP,LNP,0.5806053146383658,ALP,LNP,0.5806053146383658,False,False,0.0
20.0,Hastings,LNP,ALP,0.6204315710774726,LNP,ALP,0.6204315710774726,False,False,0.0
20.0,Hawthorn,LNP,ALP,0.5222626519139354,LNP,ALP,0.522336774426973,False,False,7.412251303762218e-05
20.0,Ivanhoe,ALP,LNP,0.5987474184920281,ALP,LNP,0.5986202083714672,False,False,-0.0001272101205608278
20.0,Kalkallo,ALP,ON,0.5608196320018299,ALP,ON,0.5608196320018299,False,False,0.0
20.0,Kew,LNP,ALP,0.5594073742426358,LNP,ALP,0.5594203492741612,False,False,1.2975031525419567e-05
20.0,Kororoit,ALP,ON,0.60020683207495,ALP,ON,0.60020683207495,False,False,0.0
20.0,Lara,ON,ALP,0.5253299012683348,ON,ALP,0.5253299012683348,False,False,0.0
20.0,Laverton,ALP,ON,0.6388273132653192,ALP,ON,0.6388273132653192,False,False,0.0
20.0,Lowan,LNP,ON,0.619540356201545,LNP,ON,0.619540356201545,False,False,0.0
20.0,Macedon,ON,ALP,0.5127319145141328,ON,ALP,0.5123857286085568,False,False,-0.00034618590557600193
20.0,Malvern,LNP,ALP,0.5925661805424852,LNP,ALP,0.5925330278557469,False,False,-3.315268673831362e-05
20.0,Melbourne,GRN,ALP,0.5735464372356268,GRN,ALP,0.5735464372356268,False,False,0.0
20.0,Melton,ON,ALP,0.5413228312901636,ON,ALP,0.5413228312901636,False,False,0.0
20.0,Mildura,LNP,IND,0.5979404422406244,LNP,IND,0.5979404422406244,False,False,0.0
20.0,Mill Park,ALP,ON,0.5352664597054095,ALP,ON,0.5352664597054095,False,False,0.0
20.0,Monbulk,LNP,ALP,0.5536211646491982,LNP,ALP,0.55361850769508,False,False,-2.656954118163135e-06
20.0,Mordialloc,ALP,LNP,0.5326628166347559,ALP,LNP,0.5327807682055264,False,False,0.00011795157077054697
20.0,Mornington,LNP,IND,0.6402087464765168,LNP,IND,0.6401559794953636,False,False,-5.276698115319611e-05
20.0,Morwell,ON,LNP,0.5197191533290749,ON,LNP,0.5197191533290749,False,False,0.0
20.0,Mulgrave,ALP,ON,0.6948753384835632,ALP,ON,0.6948753384835632,False,False,0.0
20.0,Murray Plains,LNP,ON,0.609080063629,LNP,ON,0.609080063629,False,False,0.0
20.0,Narracan,LNP,ALP,0.6498338928604268,LNP,ALP,0.6498338928604268,False,False,0.0
20.0,Narre Warren North,ON,ALP,0.5100484869609627,ON,ALP,0.5100484869609627,False,False,0.0
20.0,Narre Warren South,ALP,ON,0.5032941276661859,ALP,ON,0.5032941276661859,False,False,0.0
20.0,Nepean,LNP,ALP,0.6478189089262864,LNP,ALP,0.6479565086988827,False,False,0.0001375997725963085
20.0,Niddrie,ALP,ON,0.5124260046496708,ALP,ON,0.5124260046496708,False,False,0.0
20.0,Northcote,ALP,GRN,0.5087236613145585,ALP,GRN,0.5087236613145585,False,False,0.0
20.0,Oakleigh,ALP,LNP,0.5732399153843833,ALP,LNP,0.5733114763255222,False,False,7.156094113880407e-05
20.0,Ovens Valley,LNP,ON,0.5843953485268679,LNP,ON,0.5843953485268679,False,False,0.0
20.0,Pakenham,LNP,ON,0.5210333154172931,LNP,ON,0.5210333154172931,False,False,0.0
20.0,Pascoe Vale,ALP,ON,0.6514190083617502,ALP,ON,0.6514190083617502,False,False,0.0
20.0,Point Cook,ON,ALP,0.5086462974005194,ON,ALP,0.5086462974005194,False,False,0.0
20.0,Polwarth,LNP,ALP,0.628663822798528,LNP,ALP,0.6287091084063479,False,False,4.528560781991153e-05
20.0,Prahran,GRN,LNP,0.6175221461236671,GRN,LNP,0.6174693817004626,False,False,-5.27644232044544e-05
20.0,Preston,ALP,ON,0.6154307090456883,ALP,ON,0.6154307090456883,False,False,0.0
20.0,Richmond,GRN,ALP,0.5342697362441776,GRN,ALP,0.5342697362441776,False,False,0.0
20.0,Ringwood,ALP,LNP,0.5079652396453891,ALP,LNP,0.5080091400935248,False,False,4.390044813573635e-05
20.0,Ripon,ON,ALP,0.6207148641006222,ON,ALP,0.6207148641006222,False,False,0.0
20.0,Rowville,LNP,ALP,0.6013554860096815,LNP,ALP,0.6012777188042147,False,False,-7.776720546681659e-05
20.0,Sandringham,LNP,ALP,0.606026012887151,LNP,ALP,0.6059391581648024,False,False,-8.685472234859493e-05
20.0,Shepparton,LNP,ON,0.5848304499191667,LNP,ON,0.5848304499191667,False,False,0.0
20.0,South Barwon,LNP,ALP,0.5320539527706819,LNP,ALP,0.5320539527706819,False,False,0.0
20.0,South-West Coast,LNP,IND,0.6308575590556803,LNP,IND,0.6308575590556803,False,False,0.0
20.0,St Albans,ALP,ON,0.5470264804499605,ALP,ON,0.5470264804499605,False,False,0.0
20.0,Sunbury,ON,ALP,0.5474221366768592,ON,ALP,0.5474221366768592,False,False,0.0
20.0,Sydenham,ALP,ON,0.5118296979888752,ALP,ON,0.5118296979888752,False,False,0.0
20.0,Tarneit,ALP,ON,0.5362886551210833,ALP,ON,0.5362886551210833,False,False,0.0
20.0,Thomastown,ALP,ON,0.5653024210946942,ALP,ON,0.5653024210946942,False,False,0.0
20.0,Warrandyte,LNP,ALP,0.6028326474601934,LNP,ALP,0.6029093778044803,False,False,7.673034428690162e-05
20.0,Wendouree,ALP,ON,0.5183386690981607,ALP,ON,0.5183386690981607,False,False,0.0
20.0,Werribee,ON,ALP,0.5337638463266291,ON,ALP,0.5337638463266291,False,False,0.0
20.0,Williamstown,ALP,ON,0.6237516630784922,ALP,ON,0.625345294476295,False,False,0.001593631397802886
20.0,Yan Yean,ON,ALP,0.5411392474425212,ON,ALP,0.5411392474425212,False,False,0.0
24.4,Albert Park,ALP,LNP,0.6161088729178744,ALP,LNP,0.6160484269102339,False,False,-6.044600764054664e-05
24.4,Ashwood,LNP,ALP,0.5070857796766336,LNP,ALP,0.5071052391501237,False,False,1.9459473490135437e-05
24.4,Bass,LNP,ON,0.5314454339319774,LNP,ON,0.5314454339319774,False,False,0.0
24.4,Bayswater,LNP,ALP,0.5482503222336355,LNP,ALP,0.5482503222336355,False,False,0.0
24.4,Bellarine,LNP,ALP,0.5167345738628668,LNP,ALP,0.5167690507274196,False,False,3.447686455282373e-05
24.4,Benambra,ON,LNP,0.5043284841833703,ON,LNP,0.5043284841833703,False,False,0.0
24.4,Bendigo East,ALP,ON,0.5392715434992743,ALP,ON,0.5398197420289091,False,False,0.0005481985296348357
24.4,Bendigo West,ALP,ON,0.5305914731623742,ALP,ON,0.5305914731623742,False,False,0.0
24.4,Bentleigh,ALP,LNP,0.5170410188328174,ALP,LNP,0.5170242806500196,False,False,-1.6738182797793044e-05
24.4,Berwick,LNP,ON,0.58474904812539,LNP,ON,0.5859330682972115,False,False,0.0011840201718215093
24.4,Box Hill,ALP,LNP,0.5074727926749459,ALP,LNP,0.5074245764366518,False,False,-4.821623829409649e-05
24.4,Brighton,LNP,ALP,0.5429567035171879,LNP,ALP,0.542595502474669,False,False,-0.0003612010425189105
24.4,Broadmeadows,ALP,ON,0.5792184240180936,ALP,ON,0.5792184240180936,False,False,0.0
24.4,Brunswick,GRN,ALP,0.6169817100444487,GRN,ALP,0.6169817100444487,False,False,0.0
24.4,Bulleen,LNP,ALP,0.6228490058889531,LNP,ALP,0.6228896725086354,False,False,4.0666619682272476e-05
24.4,Bundoora,ALP,ON,0.5563123119236276,ALP,ON,0.5572042917622799,False,False,0.0008919798386523015
24.4,Carrum,ON,ALP,0.5293987161076864,ON,ALP,0.5293987161076864,False,False,0.0
24.4,Caulfield,LNP,ALP,0.5625697603949377,LNP,ALP,0.5625536897227753,False,False,-1.6070672162360466e-05
24.4,Clarinda,ALP,ON,0.5460499371441434,ALP,ON,0.5460499371441434,False,False,0.0
24.4,Cranbourne,ON,ALP,0.5534091164350982,ON,ALP,0.5534091164350982,False,False,0.0
24.4,Croydon,LNP,ALP,0.5924034664235768,LNP,ALP,0.5924034664235768,False,False,0.0
24.4,Dandenong,ALP,ON,0.5593399657720614,ALP,ON,0.5593399657720614,False,False,0.0
24.4,Eildon,LNP,ON,0.5719690473276698,LNP,ON,0.5733448947887757,False,False,0.0013758474611058613
24.4,Eltham,ALP,LNP,0.5145531287584783,ALP,LNP,0.514531624866004,False,False,-2.150389247423945e-05
24.4,Essendon,ALP,ON,0.5430998116880759,ALP,ON,0.5439679201792125,False,False,0.0008681084911366099
24.4,Eureka,ON,ALP,0.6075641657404027,ON,ALP,0.6075641657404027,False,False,0.0
24.4,Euroa,LNP,ON,0.5558433010566395,LNP,ON,0.5558433010566395,False,False,0.0
24.4,Evelyn,LNP,ALP,0.6548401516803692,LNP,ALP,0.6549327169832175,False,False,9.25653028482909e-05
24.4,Footscray,ALP,GRN,0.5832007702702652,ALP,GRN,0.5832007702702652,False,False,0.0
24.4,Frankston,ON,ALP,0.5215842602363029,ON,ALP,0.5215842602363029,False,False,0.0
24.4,Geelong,ON,ALP,0.5229245370684605,ON,ALP,0.5221873855581615,False,False,-0.0007371515102990722
24.4,Gippsland East,LNP,ON,0.557779681570339,LNP,ON,0.557779681570339,False,False,0.0
24.4,Gippsland South,LNP,ON,0.5473840257264754,LNP,ON,0.5473840257264754,False,False,0.0
24.4,Glen Waverley,LNP,ALP,0.5402230964380779,LNP,ALP,0.5402222752495232,False,False,-8.211885547115827e-07
24.4,Greenvale,ALP,ON,0.5278774471629483,ALP,ON,0.5278774471629483,False,False,0.0
24.4,Hastings,LNP,ON,0.5260035861467872,LNP,ON,0.5260035861467872,False,False,0.0
24.4,Hawthorn,LNP,ALP,0.528841877351844,LNP,ALP,0.528909666492794,False,False,6.778914095006972e-05
24.4,Ivanhoe,ALP,LNP,0.5567885048001042,ALP,LNP,0.5567590811986175,False,False,-2.9423601486722184e-05
24.4,Kalkallo,ALP,ON,0.5377132561990631,ALP,ON,0.5377132561990631,False,False,0.0
24.4,Kew,LNP,IND,0.5974520995144306,LNP,IND,0.5974103414819909,False,False,-4.1758032439664916e-05
24.4,Kororoit,ALP,ON,0.5698713698919325,ALP,ON,0.5698713698919325,False,False,0.0
24.4,Lara,ON,ALP,0.5608488774911453,ON,ALP,0.5608488774911453,False,False,0.0
24.4,Laverton,ALP,ON,0.607813232280466,ALP,ON,0.607813232280466,False,False,0.0
24.4,Lowan,LNP,ON,0.5804713052242971,LNP,ON,0.5804713052242971,False,False,0.0
24.4,Macedon,ON,ALP,0.5412328306539833,ON,ALP,0.5409137779375293,False,False,-0.0003190527164540491
24.4,Malvern,LNP,ALP,0.6007715123420059,LNP,ALP,0.6007408077061158,False,False,-3.070463589005534e-05
24.4,Melbourne,GRN,ALP,0.575433946824503,GRN,ALP,0.575433946824503,False,False,0.0
24.4,Melton,ON,ALP,0.5735580465812182,ON,ALP,0.5735580465812182,False,False,0.0
24.4,Mildura,ON,IND,0.5582976098881426,ON,IND,0.5582976098881426,False,False,0.0
24.4,Mill Park,ALP,ON,0.5039421841331685,ALP,ON,0.5039421841331685,False,False,0.0
24.4,Monbulk,ON,ALP,0.556924946762608,ON,ALP,0.5564898260388673,False,False,-0.00043512072374063404
24.4,Mordialloc,ALP,ON,0.5458138206164903,ALP,ON,0.5463727429689968,False,False,0.0005589223525065412
24.4,Mornington,LNP,IND,0.6513964358944297,LNP,IND,0.6513494898969879,False,False,-4.694599744181627e-05
24.4,Morwell,ON,LNP,0.5644795376636054,ON,LNP,0.5644795376636054,False,False,0.0
24.4,Mulgrave,ALP,ON,0.6611672916098033,ALP,ON,0.6611672916098033,False,False,0.0
24.4,Murray Plains,LNP,ON,0.5682152123553871,LNP,ON,0.5682152123553871,False,False,0.0
24.4,Narracan,LNP,ON,0.5756354466879318,LNP,ON,0.5756354466879318,False,False,0.0
24.4,Narre Warren North,ON,ALP,0.5427291362266511,ON,ALP,0.5427291362266511,False,False,0.0
24.4,Narre Warren South,ON,ALP,0.5283953410501783,ON,ALP,0.5283953410501783,False,False,0.0
24.4,Nepean,LNP,ON,0.6018655973196514,LNP,ON,0.6029128651041964,False,False,0.001047267784545003
24.4,Niddrie,ON,ALP,0.5211768234573511,ON,ALP,0.5211768234573511,False,False,0.0
24.4,Northcote,ALP,GRN,0.5081597820167263,ALP,GRN,0.5081597820167263,False,False,0.0
24.4,Oakleigh,ALP,ON,0.5800328346501289,ALP,ON,0.5804305089066027,False,False,0.0003976742564738567
24.4,Ovens Valley,LNP,ON,0.5662681885284475,LNP,ON,0.5662681885284475,False,False,0.0
24.4,Pakenham,ON,LNP,0.5151619705881573,ON,LNP,0.5151619705881573,False,False,0.0
24.4,Pascoe Vale,ALP,ON,0.6208243406881832,ALP,ON,0.6208243406881832,False,False,0.0
24.4,Point Cook,ON,ALP,0.5390008666652609,ON,ALP,0.5390008666652609,False,False,0.0
24.4,Polwarth,LNP,ALP,0.6435047155363776,LNP,ALP,0.6435473321179906,False,False,4.2616581613086346e-05
24.4,Prahran,GRN,LNP,0.6134591111510832,GRN,LNP,0.613408878032832,False,False,-5.023311825125276e-05
24.4,Preston,ALP,ON,0.5783846977684488,ALP,ON,0.5783846977684488,False,False,0.0
24.4,Richmond,GRN,ALP,0.5361723838351966,GRN,ALP,0.5361723838351966,False,False,0.0
24.4,Ringwood,LNP,ALP,0.5009909936068208,LNP,ALP,0.5009491233344857,False,False,-4.187027233504281e-05
24.4,Ripon,ON,ALP,0.6499632176605687,ON,ALP,0.6499632176605687,False,False,0.0
24.4,Rowville,LNP,ALP,0.6116919919062477,LNP,ALP,0.6116216556815481,False,False,-7.033622469954093e-05
24.4,Sandringham,LNP,ALP,0.6173815439530741,LNP,ALP,0.6172993279272809,False,False,-8.221602579316922e-05
24.4,Shepparton,LNP,ON,0.5466063078353742,LNP,ON,0.5466063078353742,False,False,0.0
24.4,South Barwon,ON,ALP,0.5136023543500712,ON,ALP,0.5136023543500712,False,False,0.0
24.4,South-West Coast,LNP,IND,0.6369713270618794,LNP,IND,0.6369713270618794,False,False,0.0
24.4,St Albans,ALP,ON,0.5173294533591665,ALP,ON,0.5173294533591665,False,False,0.0
24.4,Sunbury,ON,ALP,0.5780053204542066,ON,ALP,0.5780053204542066,False,False,0.0
24.4,Sydenham,ON,ALP,0.5187902714026131,ON,ALP,0.5187902714026131,False,False,0.0
24.4,Tarneit,ALP,ON,0.5067934710900293,ALP,ON,0.5067934710900293,False,False,0.0
24.4,Thomastown,ALP,ON,0.5821296218327181,ALP,ON,0.5821296218327181,False,False,0.0
24.4,Warrandyte,LNP,ALP,0.6136171351877509,LNP,ALP,0.61368667639757,False,False,6.954120981916834e-05
24.4,Wendouree,ON,ALP,0.5128822275793987,ON,ALP,0.5128822275793987,False,False,0.0
24.4,Werribee,ON,ALP,0.562806524399105,ON,ALP,0.562806524399105,False,False,0.0
24.4,Williamstown,ALP,ON,0.5903998977803537,ALP,ON,0.5919181832565839,False,False,0.001518285476230119
24.4,Yan Yean,ON,ALP,0.5680116305230437,ON,ALP,0.5680116305230437,False,False,0.0
