Scenario,Seats,ScenarioTotal,Reliability,Included
OTH|ALP+GRN+LNP+ON,20,185090.0,0.47656195114705496,True
ON|ALP+GRN+LNP,18,125152.0,0.46195342401586126,True
OTH|ALP+GRN+IND+LNP+ON,11,70114.0,0.3370286504393618,True
ON|ALP+GRN+IND+LNP,8,25658.0,0.2601342850597042,True
ON|ALP+GRN+LNP+OTH,6,24739.0,0.22226825984116322,True
GRN|ALP+IND+LNP+ON,3,12328.0,0.12865796972543203,True
ON|ALP+LNP,3,38627.0,0.1278680970028783,True
GRN|ALP+LNP+ON,3,26609.0,0.1259445026992956,True
ON|ALP+IND+LNP,2,12695.0,0.07281813579701726,True
ALP|IND+LNP+ON,1,8824.0,0.0,False
ON|IND+LNP,1,7611.0,0.0,False
