Seat,Eliminated,AliveSet,TotalVariationFromPool,ScenarioTotal,Method
Calwell,ON,ALP+GRN+IND+LNP,0.32089277680194445,3375.0,PROPORTIONAL_PRIMARY_ORIGIN_PASS_THROUGH
Calwell,OTH,ALP+GRN+IND+LNP+ON,0.3125749444280971,10974.0,PROPORTIONAL_PRIMARY_ORIGIN_PASS_THROUGH
Gippsland,OTH,ALP+GRN+LNP+ON,0.24450213221424183,3416.0,PROPORTIONAL_PRIMARY_ORIGIN_PASS_THROUGH
Kooyong,OTH,ALP+GRN+IND+LNP+ON,0.18692956842480174,2599.0,PROPORTIONAL_PRIMARY_ORIGIN_PASS_THROUGH
Corio,OTH,ALP+GRN+LNP+ON,0.1807371703705368,7139.0,PROPORTIONAL_PRIMARY_ORIGIN_PASS_THROUGH
Nicholls,OTH,ALP+GRN+LNP+ON,0.17639883613156876,10798.0,PROPORTIONAL_PRIMARY_ORIGIN_PASS_THROUGH
Mallee,OTH,ALP+GRN+LNP+ON,0.17052069537721187,11424.0,PROPORTIONAL_PRIMARY_ORIGIN_PASS_THROUGH
Goldstein,OTH,ALP+GRN+IND+LNP+ON,0.1682534386233369,3743.0,PROPORTIONAL_PRIMARY_ORIGIN_PASS_THROUGH
Monash,OTH,ALP+GRN+IND+LNP+ON,0.15617702946642337,7930.0,PROPORTIONAL_PRIMARY_ORIGIN_PASS_THROUGH
Melbourne,ON,ALP+GRN+LNP+OTH,0.15561115406836057,2438.0,PROPORTIONAL_PRIMARY_ORIGIN_PASS_THROUGH
Kooyong,ON,ALP+GRN+IND+LNP,0.1540330660654015,1201.0,PROPORTIONAL_PRIMARY_ORIGIN_PASS_THROUGH
Gorton,OTH,ALP+GRN+LNP+ON,0.14807607362498826,12128.0,PROPORTIONAL_PRIMARY_ORIGIN_PASS_THROUGH
Hawke,OTH,ALP+GRN+LNP+ON,0.14508425501528788,11602.0,PROPORTIONAL_PRIMARY_ORIGIN_PASS_THROUGH
Wannon,ON,ALP+IND+LNP,0.1410713674088746,4529.0,PROPORTIONAL_PRIMARY_ORIGIN_PASS_THROUGH
Monash,ON,ALP+IND+LNP,0.14107136740887455,8166.0,PROPORTIONAL_PRIMARY_ORIGIN_PASS_THROUGH
La Trobe,OTH,ALP+GRN+LNP+ON,0.1293121147885784,8440.0,PROPORTIONAL_PRIMARY_ORIGIN_PASS_THROUGH
Bendigo,OTH,ALP+GRN+LNP+ON,0.12773540637155534,10622.0,PROPORTIONAL_PRIMARY_ORIGIN_PASS_THROUGH
Scullin,ON,ALP+GRN+LNP,0.12622887410452954,6401.0,PROPORTIONAL_PRIMARY_ORIGIN_PASS_THROUGH
Deakin,OTH,ALP+GRN+IND+LNP+ON,0.12615666598202638,5544.0,PROPORTIONAL_PRIMARY_ORIGIN_PASS_THROUGH
Goldstein,ON,ALP+GRN+IND+LNP,0.12075783650693314,2037.0,PROPORTIONAL_PRIMARY_ORIGIN_PASS_THROUGH
Bendigo,ON,ALP+GRN+LNP,0.1194525412907369,5262.0,PROPORTIONAL_PRIMARY_ORIGIN_PASS_THROUGH
Casey,OTH,ALP+GRN+IND+LNP+ON,0.11667681608283208,9249.0,PROPORTIONAL_PRIMARY_ORIGIN_PASS_THROUGH
Dunkley,OTH,ALP+GRN+LNP+ON,0.11002553805214857,11951.0,PROPORTIONAL_PRIMARY_ORIGIN_PASS_THROUGH
Holt,OTH,ALP+GRN+LNP+ON,0.10978466694898757,9930.0,PROPORTIONAL_PRIMARY_ORIGIN_PASS_THROUGH
Scullin,OTH,ALP+GRN+LNP+ON,0.1081422060929982,17899.0,PROPORTIONAL_PRIMARY_ORIGIN_PASS_THROUGH
Macnamara,ON,ALP+GRN+LNP,0.10472515654255951,2803.0,PROPORTIONAL_PRIMARY_ORIGIN_PASS_THROUGH
Flinders,OTH,ALP+GRN+IND+LNP+ON,0.10056366186201947,4124.0,PROPORTIONAL_PRIMARY_ORIGIN_PASS_THROUGH
Wills,ON,ALP+GRN+LNP+OTH,0.09594571790858702,3842.0,PROPORTIONAL_PRIMARY_ORIGIN_PASS_THROUGH
McEwen,OTH,ALP+GRN+LNP+ON,0.08956631619736062,13034.0,PROPORTIONAL_PRIMARY_ORIGIN_PASS_THROUGH
Corangamite,ON,ALP+GRN+LNP+OTH,0.08202098664209923,3343.0,PROPORTIONAL_PRIMARY_ORIGIN_PASS_THROUGH
Cooper,ON,ALP+GRN+LNP+OTH,0.08152849060727724,5684.0,PROPORTIONAL_PRIMARY_ORIGIN_PASS_THROUGH
Corio,ON,ALP+GRN+LNP,0.08083892758644864,10953.0,PROPORTIONAL_PRIMARY_ORIGIN_PASS_THROUGH
Chisholm,OTH,ALP+GRN+IND+LNP+ON,0.08008287478588372,4148.0,PROPORTIONAL_PRIMARY_ORIGIN_PASS_THROUGH
Mallee,GRN,ALP+LNP+ON,0.08005052681180799,9477.0,PROPORTIONAL_PRIMARY_ORIGIN_PASS_THROUGH
Isaacs,ON,ALP+GRN+LNP,0.07942713759136263,4989.0,PROPORTIONAL_PRIMARY_ORIGIN_PASS_THROUGH
Indi,OTH,ALP+GRN+IND+LNP+ON,0.07505662773416918,8289.0,PROPORTIONAL_PRIMARY_ORIGIN_PASS_THROUGH
Fraser,ON,ALP+GRN+LNP+OTH,0.07380788387201886,5135.0,PROPORTIONAL_PRIMARY_ORIGIN_PASS_THROUGH
Menzies,OTH,ALP+GRN+IND+LNP+ON,0.0702413501111809,5829.0,PROPORTIONAL_PRIMARY_ORIGIN_PASS_THROUGH
Gippsland,GRN,ALP+LNP+ON,0.07001930651803878,8897.0,PROPORTIONAL_PRIMARY_ORIGIN_PASS_THROUGH
Maribyrnong,ON,ALP+GRN+LNP,0.0693886738770075,7665.0,PROPORTIONAL_PRIMARY_ORIGIN_PASS_THROUGH
Jagajaga,ON,ALP+GRN+LNP+OTH,0.06893176297247583,4297.0,PROPORTIONAL_PRIMARY_ORIGIN_PASS_THROUGH
Flinders,ON,ALP+GRN+IND+LNP,0.0654084592953059,6091.0,PROPORTIONAL_PRIMARY_ORIGIN_PASS_THROUGH
Ballarat,OTH,ALP+GRN+LNP+ON,0.06357840676476294,7371.0,PROPORTIONAL_PRIMARY_ORIGIN_PASS_THROUGH
Holt,ON,ALP+GRN+LNP,0.0630171222682425,8655.0,PROPORTIONAL_PRIMARY_ORIGIN_PASS_THROUGH
Wannon,OTH,ALP+GRN+IND+LNP+ON,0.0613780359963973,7685.0,PROPORTIONAL_PRIMARY_ORIGIN_PASS_THROUGH
Monash,GRN,ALP+IND+LNP+ON,0.06135279423265853,5062.0,PROPORTIONAL_PRIMARY_ORIGIN_PASS_THROUGH
Bruce,OTH,ALP+GRN+LNP+ON,0.05920517477187759,12578.0,PROPORTIONAL_PRIMARY_ORIGIN_PASS_THROUGH
Indi,GRN,ALP+IND+LNP+ON,0.05617723668346577,3839.0,PROPORTIONAL_PRIMARY_ORIGIN_PASS_THROUGH
Casey,ON,ALP+GRN+IND+LNP,0.05336771282112006,5603.0,PROPORTIONAL_PRIMARY_ORIGIN_PASS_THROUGH
Ballarat,ON,ALP+GRN+LNP,0.05138307401617147,8029.0,PROPORTIONAL_PRIMARY_ORIGIN_PASS_THROUGH
Lalor,OTH,ALP+GRN+LNP+ON,0.05056667643225285,7964.0,PROPORTIONAL_PRIMARY_ORIGIN_PASS_THROUGH
Hotham,OTH,ALP+GRN+LNP+ON,0.05021571361717009,6246.0,PROPORTIONAL_PRIMARY_ORIGIN_PASS_THROUGH
Gippsland,ON,ALP+LNP,0.04957099232369716,15118.0,PROPORTIONAL_PRIMARY_ORIGIN_PASS_THROUGH
Gorton,ON,ALP+GRN+LNP,0.04952703559285779,7137.0,PROPORTIONAL_PRIMARY_ORIGIN_PASS_THROUGH
Bruce,ON,ALP+GRN+LNP,0.04656695746262908,8931.0,PROPORTIONAL_PRIMARY_ORIGIN_PASS_THROUGH
Macnamara,OTH,ALP+GRN+LNP+ON,0.044451594436775876,3140.0,PROPORTIONAL_PRIMARY_ORIGIN_PASS_THROUGH
Isaacs,OTH,ALP+GRN+LNP+ON,0.03916982470403288,3878.0,PROPORTIONAL_PRIMARY_ORIGIN_PASS_THROUGH
Mallee,ON,ALP+LNP,0.03760459004063793,11414.0,PROPORTIONAL_PRIMARY_ORIGIN_PASS_THROUGH
Gellibrand,ON,ALP+GRN+LNP,0.037501929410650586,6290.0,PROPORTIONAL_PRIMARY_ORIGIN_PASS_THROUGH
Deakin,ON,ALP+GRN+IND+LNP,0.03722580208040384,3043.0,PROPORTIONAL_PRIMARY_ORIGIN_PASS_THROUGH
Aston,ON,ALP+GRN+LNP,0.03547689929628402,3738.0,PROPORTIONAL_PRIMARY_ORIGIN_PASS_THROUGH
Lalor,ON,ALP+GRN+LNP,0.03381968647089001,6986.0,PROPORTIONAL_PRIMARY_ORIGIN_PASS_THROUGH
Hotham,ON,ALP+GRN+LNP,0.033108777371335274,4959.0,PROPORTIONAL_PRIMARY_ORIGIN_PASS_THROUGH
Chisholm,ON,ALP+GRN+IND+LNP,0.03163397971226763,2156.0,PROPORTIONAL_PRIMARY_ORIGIN_PASS_THROUGH
La Trobe,ON,ALP+GRN+LNP,0.02865401435122214,7956.0,PROPORTIONAL_PRIMARY_ORIGIN_PASS_THROUGH
Menzies,ON,ALP+GRN+IND+LNP,0.025328049219031108,2152.0,PROPORTIONAL_PRIMARY_ORIGIN_PASS_THROUGH
Hawke,ON,ALP+GRN+LNP,0.022388475485804277,10035.0,PROPORTIONAL_PRIMARY_ORIGIN_PASS_THROUGH
Nicholls,GRN,ALP+LNP+ON,0.020371284147500016,8235.0,PROPORTIONAL_PRIMARY_ORIGIN_PASS_THROUGH
Dunkley,ON,ALP+GRN+LNP,0.017692598814844918,7494.0,PROPORTIONAL_PRIMARY_ORIGIN_PASS_THROUGH
Wannon,GRN,ALP+IND+LNP+ON,0.016927599952715845,3427.0,PROPORTIONAL_PRIMARY_ORIGIN_PASS_THROUGH
Aston,OTH,ALP+GRN+LNP+ON,0.013706957265825367,11134.0,PROPORTIONAL_PRIMARY_ORIGIN_PASS_THROUGH
Nicholls,ON,ALP+LNP,0.011966402283059105,12095.0,PROPORTIONAL_PRIMARY_ORIGIN_PASS_THROUGH
Gellibrand,OTH,ALP+GRN+LNP+ON,0.008830501679075287,4396.0,PROPORTIONAL_PRIMARY_ORIGIN_PASS_THROUGH
McEwen,ON,ALP+GRN+LNP,0.007384745498273296,6869.0,PROPORTIONAL_PRIMARY_ORIGIN_PASS_THROUGH
Indi,ON,IND+LNP,0.0,7611.0,PROPORTIONAL_PRIMARY_ORIGIN_PASS_THROUGH
Indi,ALP,IND+LNP+ON,0.0,8824.0,PROPORTIONAL_PRIMARY_ORIGIN_PASS_THROUGH
