ONLevel,DepletionStrength,District,SeatType,AliveSet,Basis,OTHVoteShareAtElimination,SiphonRetention,EffectiveSiphonStrength,CurrentOTHToONFlow,TrialOTHToONFlow,OTHToONFlowChange
10.0,0.25,CLARINDA,Middle Ring,ALP+IND+LNP+ON,ideology prior,0.07550193353426873,0.8992537313432836,0.2248134328358209,0.4859955907705552,0.48205867172985883,-0.003936919040696374
10.0,0.5,CLARINDA,Middle Ring,ALP+IND+LNP+ON,ideology prior,0.07550193353426873,0.7985074626865671,0.19962686567164178,0.4859955907705552,0.4781217526891624,-0.007873838081392803
10.0,0.75,CLARINDA,Middle Ring,ALP+IND+LNP+ON,ideology prior,0.07550193353426873,0.6977611940298507,0.17444029850746268,0.4859955907705552,0.474184833648466,-0.011810757122089233
10.0,1.0,CLARINDA,Middle Ring,ALP+IND+LNP+ON,ideology prior,0.07550193353426873,0.5970149253731343,0.14925373134328357,0.4859955907705552,0.47024791460776955,-0.015747676162785662
10.0,0.25,MULGRAVE,Middle Ring,ALP+IND+LNP+ON,ideology prior,0.06577528813690836,0.8992537313432836,0.2248134328358209,0.4894210255634981,0.48428329022834476,-0.005137735335153326
10.0,0.5,MULGRAVE,Middle Ring,ALP+IND+LNP+ON,ideology prior,0.06577528813690836,0.7985074626865671,0.19962686567164178,0.4894210255634981,0.4791455548931913,-0.010275470670306763
10.0,0.75,MULGRAVE,Middle Ring,ALP+IND+LNP+ON,ideology prior,0.06577528813690836,0.6977611940298507,0.17444029850746268,0.4894210255634981,0.47400781955803795,-0.015413206005460145
10.0,1.0,MULGRAVE,Middle Ring,ALP+IND+LNP+ON,ideology prior,0.06577528813690836,0.5970149253731343,0.14925373134328357,0.4894210255634981,0.4688700842228846,-0.02055094134061347
10.0,0.25,CARRUM,Peri-urban,ALP+LNP+ON,ideology prior,0.10469280486770513,0.8992537313432836,0.2248134328358209,0.6680983657630658,0.6639489332846752,-0.004149432478390613
10.0,0.5,CARRUM,Peri-urban,ALP+LNP+ON,ideology prior,0.10469280486770513,0.7985074626865671,0.19962686567164178,0.6680983657630658,0.6597995008062846,-0.008298864956781227
10.0,0.75,CARRUM,Peri-urban,ALP+LNP+ON,ideology prior,0.10469280486770513,0.6977611940298507,0.17444029850746268,0.6680983657630658,0.655650068327894,-0.01244829743517184
10.0,1.0,CARRUM,Peri-urban,ALP+LNP+ON,ideology prior,0.10469280486770513,0.5970149253731343,0.14925373134328357,0.6680983657630658,0.6515006358495035,-0.016597729913562342
10.0,0.25,NIDDRIE,Middle Ring,ALP+LNP+ON,ideology prior,0.12196038783135199,0.8992537313432836,0.2248134328358209,0.5499629369437452,0.5454435277875163,-0.0045194091562289485
10.0,0.5,NIDDRIE,Middle Ring,ALP+LNP+ON,ideology prior,0.12196038783135199,0.7985074626865671,0.19962686567164178,0.5499629369437452,0.5409241186312872,-0.009038818312458008
10.0,0.75,NIDDRIE,Middle Ring,ALP+LNP+ON,ideology prior,0.12196038783135199,0.6977611940298507,0.17444029850746268,0.5499629369437452,0.5364047094750583,-0.013558227468686956
10.0,1.0,NIDDRIE,Middle Ring,ALP+LNP+ON,ideology prior,0.12196038783135199,0.5970149253731343,0.14925373134328357,0.5499629369437452,0.5318853003188292,-0.018077636624916016
10.0,0.25,SUNBURY,Peri-urban,ALP+LNP+ON,ideology prior,0.11939117773125021,0.8992537313432836,0.2248134328358209,0.6610928837586204,0.6569503716857337,-0.004142512072886739
10.0,0.5,SUNBURY,Peri-urban,ALP+LNP+ON,ideology prior,0.11939117773125021,0.7985074626865671,0.19962686567164178,0.6610928837586204,0.6528078596128469,-0.008285024145773479
10.0,0.75,SUNBURY,Peri-urban,ALP+LNP+ON,ideology prior,0.11939117773125021,0.6977611940298507,0.17444029850746268,0.6610928837586204,0.6486653475399603,-0.012427536218660107
10.0,1.0,SUNBURY,Peri-urban,ALP+LNP+ON,ideology prior,0.11939117773125021,0.5970149253731343,0.14925373134328357,0.6610928837586204,0.6445228354670736,-0.016570048291546846
10.0,0.25,WERRIBEE,Peri-urban,ALP+LNP+ON,ideology prior,0.14218349926841856,0.8992537313432836,0.2248134328358209,0.6679178923094685,0.6642383066445146,-0.003679585664953966
10.0,0.5,WERRIBEE,Peri-urban,ALP+LNP+ON,ideology prior,0.14218349926841856,0.7985074626865671,0.19962686567164178,0.6679178923094685,0.6605587209795606,-0.007359171329907932
10.0,0.75,WERRIBEE,Peri-urban,ALP+LNP+ON,ideology prior,0.14218349926841856,0.6977611940298507,0.17444029850746268,0.6679178923094685,0.6568791353146066,-0.011038756994861898
10.0,1.0,WERRIBEE,Peri-urban,ALP+LNP+ON,ideology prior,0.14218349926841856,0.5970149253731343,0.14925373134328357,0.6679178923094685,0.6531995496496527,-0.014718342659815864
10.0,0.25,MORWELL,Provincial,ALP+LNP+ON,full AEC row,0.16617237903923454,0.8992537313432836,0.2248134328358209,0.5893203125,0.5870760184191074,-0.0022442940808926615
10.0,0.5,MORWELL,Provincial,ALP+LNP+ON,full AEC row,0.16617237903923454,0.7985074626865671,0.19962686567164178,0.5893203125,0.5804913646684033,-0.008828947831596712
10.0,0.75,MORWELL,Provincial,ALP+LNP+ON,full AEC row,0.16617237903923454,0.6977611940298507,0.17444029850746268,0.5893203125,0.5739067109176993,-0.015413601582300762
10.0,1.0,MORWELL,Provincial,ALP+LNP+ON,full AEC row,0.16617237903923454,0.5970149253731343,0.14925373134328357,0.5893203125,0.5673220571669952,-0.021998255333004813
10.0,0.25,GIPPSLAND EAST,Regional,ALP+LNP+ON,full AEC row,0.1160940722119314,0.8992537313432836,0.2248134328358209,0.6832642045454546,0.6785391473032565,-0.004725057242198072
10.0,0.5,GIPPSLAND EAST,Regional,ALP+LNP+ON,full AEC row,0.1160940722119314,0.7985074626865671,0.19962686567164178,0.6832642045454546,0.6738140900610583,-0.009450114484396255
10.0,0.75,GIPPSLAND EAST,Regional,ALP+LNP+ON,full AEC row,0.1160940722119314,0.6977611940298507,0.17444029850746268,0.6832642045454546,0.6690890328188602,-0.014175171726594327
10.0,1.0,GIPPSLAND EAST,Regional,ALP+LNP+ON,full AEC row,0.1160940722119314,0.5970149253731343,0.14925373134328357,0.6832642045454546,0.6643639755766622,-0.0189002289687924
10.0,0.25,GIPPSLAND SOUTH,Regional,ALP+LNP+ON,ideology prior,0.08103619943711321,0.8992537313432836,0.2248134328358209,0.7110797156873923,0.7072286036249232,-0.00385111206246902
10.0,0.5,GIPPSLAND SOUTH,Regional,ALP+LNP+ON,ideology prior,0.08103619943711321,0.7985074626865671,0.19962686567164178,0.7110797156873923,0.7033774915624541,-0.007702224124938151
10.0,0.75,GIPPSLAND SOUTH,Regional,ALP+LNP+ON,ideology prior,0.08103619943711321,0.6977611940298507,0.17444029850746268,0.7110797156873923,0.6995263794999851,-0.01155333618740717
10.0,1.0,GIPPSLAND SOUTH,Regional,ALP+LNP+ON,ideology prior,0.08103619943711321,0.5970149253731343,0.14925373134328357,0.7110797156873923,0.695675267437516,-0.015404448249876301
10.0,0.25,BASS,Regional,ALP+LNP+ON,ideology prior,0.11070542071604152,0.8992537313432836,0.2248134328358209,0.6956493851930479,0.6911467247592417,-0.004502660433806205
10.0,0.5,BASS,Regional,ALP+LNP+ON,ideology prior,0.11070542071604152,0.7985074626865671,0.19962686567164178,0.6956493851930479,0.6866440643254355,-0.00900532086761241
10.0,0.75,BASS,Regional,ALP+LNP+ON,ideology prior,0.11070542071604152,0.6977611940298507,0.17444029850746268,0.6956493851930479,0.6821414038916292,-0.013507981301418615
10.0,1.0,BASS,Regional,ALP+LNP+ON,ideology prior,0.11070542071604152,0.5970149253731343,0.14925373134328357,0.6956493851930479,0.677638743457823,-0.01801064173522482
10.0,0.25,HASTINGS,Regional,ALP+LNP+ON,ideology prior,0.10956191658101978,0.8992537313432836,0.2248134328358209,0.706332570128735,0.7023773418930755,-0.003955228235659414
10.0,0.5,HASTINGS,Regional,ALP+LNP+ON,ideology prior,0.10956191658101978,0.7985074626865671,0.19962686567164178,0.706332570128735,0.6984221136574162,-0.007910456471318716
10.0,0.75,HASTINGS,Regional,ALP+LNP+ON,ideology prior,0.10956191658101978,0.6977611940298507,0.17444029850746268,0.706332570128735,0.6944668854217568,-0.01186568470697813
10.0,1.0,HASTINGS,Regional,ALP+LNP+ON,ideology prior,0.10956191658101978,0.5970149253731343,0.14925373134328357,0.706332570128735,0.6905116571860974,-0.015820912942637544
10.0,0.25,SHEPPARTON,Provincial,ALP+IND+LNP+ON,ideology prior,0.07015161804800686,0.8992537313432836,0.2248134328358209,0.4959602430555555,0.49280055273761403,-0.0031596903179414992
10.0,0.5,SHEPPARTON,Provincial,ALP+IND+LNP+ON,ideology prior,0.07015161804800686,0.7985074626865671,0.19962686567164178,0.4959602430555555,0.4866050551280058,-0.009355187927549746
10.0,0.75,SHEPPARTON,Provincial,ALP+IND+LNP+ON,ideology prior,0.07015161804800686,0.6977611940298507,0.17444029850746268,0.4959602430555555,0.4804095575183976,-0.015550685537157938
10.0,1.0,SHEPPARTON,Provincial,ALP+IND+LNP+ON,ideology prior,0.07015161804800686,0.5970149253731343,0.14925373134328357,0.4959602430555555,0.4742140599087894,-0.02174618314676613
10.0,0.25,EUROA,Regional,ALP+LNP+ON,full AEC row,0.0984887977913347,0.8992537313432836,0.2248134328358209,0.68346875,0.6787230855664858,-0.004745664433514207
10.0,0.5,EUROA,Regional,ALP+LNP+ON,full AEC row,0.0984887977913347,0.7985074626865671,0.19962686567164178,0.68346875,0.6739774211329715,-0.009491328867028415
10.0,0.75,EUROA,Regional,ALP+LNP+ON,full AEC row,0.0984887977913347,0.6977611940298507,0.17444029850746268,0.68346875,0.6692317566994572,-0.014236993300542733
10.0,1.0,EUROA,Regional,ALP+LNP+ON,full AEC row,0.0984887977913347,0.5970149253731343,0.14925373134328357,0.68346875,0.664486092265943,-0.01898265773405694
10.0,0.25,BENAMBRA,Regional,ALP+IND+LNP+ON,ideology prior,0.08631438145738231,0.8992537313432836,0.2248134328358209,0.6505402705863422,0.646441595998865,-0.004098674587477258
10.0,0.5,BENAMBRA,Regional,ALP+IND+LNP+ON,ideology prior,0.08631438145738231,0.7985074626865671,0.19962686567164178,0.6505402705863422,0.6423429214113877,-0.008197349174954516
10.0,0.75,BENAMBRA,Regional,ALP+IND+LNP+ON,ideology prior,0.08631438145738231,0.6977611940298507,0.17444029850746268,0.6505402705863422,0.6382442468239105,-0.012296023762431774
10.0,1.0,BENAMBRA,Regional,ALP+IND+LNP+ON,ideology prior,0.08631438145738231,0.5970149253731343,0.14925373134328357,0.6505402705863422,0.6341455722364332,-0.01639469834990903
10.0,0.25,MILDURA,Regional,ALP+IND+LNP+ON,full AEC row,0.053904966010508794,0.8992537313432836,0.2248134328358209,0.6559445099066074,0.6514145221294679,-0.0045299877771394215
10.0,0.5,MILDURA,Regional,ALP+IND+LNP+ON,full AEC row,0.053904966010508794,0.7985074626865671,0.19962686567164178,0.6559445099066074,0.6468845343523284,-0.009059975554278954
10.0,0.75,MILDURA,Regional,ALP+IND+LNP+ON,full AEC row,0.053904966010508794,0.6977611940298507,0.17444029850746268,0.6559445099066074,0.642354546575189,-0.013589963331418375
10.0,1.0,MILDURA,Regional,ALP+IND+LNP+ON,full AEC row,0.053904966010508794,0.5970149253731343,0.14925373134328357,0.6559445099066074,0.6378245587980496,-0.018119951108557797
10.0,0.25,MURRAY PLAINS,Regional,ALP+LNP+ON,full AEC row,0.13969958856614928,0.8992537313432836,0.2248134328358209,0.6799062499999999,0.6755194941485753,-0.004386755851424673
10.0,0.5,MURRAY PLAINS,Regional,ALP+LNP+ON,full AEC row,0.13969958856614928,0.7985074626865671,0.19962686567164178,0.6799062499999999,0.6711327382971506,-0.008773511702849346
10.0,0.75,MURRAY PLAINS,Regional,ALP+LNP+ON,full AEC row,0.13969958856614928,0.6977611940298507,0.17444029850746268,0.6799062499999999,0.6667459824457259,-0.013160267554274019
10.0,1.0,MURRAY PLAINS,Regional,ALP+LNP+ON,full AEC row,0.13969958856614928,0.5970149253731343,0.14925373134328357,0.6799062499999999,0.6623592265943012,-0.017547023405698692
10.0,0.25,LARA,Peri-urban,ALP+LNP+ON,ideology prior,0.14008896404542587,0.8992537313432836,0.2248134328358209,0.6593974238602006,0.6552208228865604,-0.004176600973640254
10.0,0.5,LARA,Peri-urban,ALP+LNP+ON,ideology prior,0.14008896404542587,0.7985074626865671,0.19962686567164178,0.6593974238602006,0.6510442219129201,-0.008353201947280509
10.0,0.75,LARA,Peri-urban,ALP+LNP+ON,ideology prior,0.14008896404542587,0.6977611940298507,0.17444029850746268,0.6593974238602006,0.6468676209392799,-0.012529802920920763
10.0,1.0,LARA,Peri-urban,ALP+LNP+ON,ideology prior,0.14008896404542587,0.5970149253731343,0.14925373134328357,0.6593974238602006,0.6426910199656396,-0.016706403894561017
10.0,0.25,WENDOUREE,Provincial,ALP+LNP+ON,ideology prior,0.1066072157306344,0.8992537313432836,0.2248134328358209,0.6321574734857772,0.6301273216458595,-0.0020301518399177265
10.0,0.5,WENDOUREE,Provincial,ALP+LNP+ON,ideology prior,0.1066072157306344,0.7985074626865671,0.19962686567164178,0.6321574734857772,0.6249751804981803,-0.007182292987596872
10.0,0.75,WENDOUREE,Provincial,ALP+LNP+ON,ideology prior,0.1066072157306344,0.6977611940298507,0.17444029850746268,0.6321574734857772,0.6198230393505012,-0.012334434135276018
10.0,1.0,WENDOUREE,Provincial,ALP+LNP+ON,ideology prior,0.1066072157306344,0.5970149253731343,0.14925373134328357,0.6321574734857772,0.6146708982028221,-0.017486575282955164
10.0,0.25,EUREKA,Regional,ALP+LNP+ON,ideology prior,0.1405151834665173,0.8992537313432836,0.2248134328358209,0.704336873942371,0.7003751951318984,-0.003961678810472602
10.0,0.5,EUREKA,Regional,ALP+LNP+ON,ideology prior,0.1405151834665173,0.7985074626865671,0.19962686567164178,0.704336873942371,0.6964135163214259,-0.007923357620945093
10.0,0.75,EUREKA,Regional,ALP+LNP+ON,ideology prior,0.1405151834665173,0.6977611940298507,0.17444029850746268,0.704336873942371,0.6924518375109534,-0.011885036431417584
10.0,1.0,EUREKA,Regional,ALP+LNP+ON,ideology prior,0.1405151834665173,0.5970149253731343,0.14925373134328357,0.704336873942371,0.6884901587004808,-0.015846715241890186
10.0,0.25,LOWAN,Regional,ALP+LNP+ON,ideology prior,0.0988053883087827,0.8992537313432836,0.2248134328358209,0.7111700657332027,0.7071394820716802,-0.0040305836615225354
10.0,0.5,LOWAN,Regional,ALP+LNP+ON,ideology prior,0.0988053883087827,0.7985074626865671,0.19962686567164178,0.7111700657332027,0.7031088984101577,-0.008061167323045071
10.0,0.75,LOWAN,Regional,ALP+LNP+ON,ideology prior,0.0988053883087827,0.6977611940298507,0.17444029850746268,0.7111700657332027,0.6990783147486352,-0.012091750984567495
10.0,1.0,LOWAN,Regional,ALP+LNP+ON,ideology prior,0.0988053883087827,0.5970149253731343,0.14925373134328357,0.7111700657332027,0.6950477310871127,-0.01612233464609003
10.0,0.25,SOUTH-WEST COAST,Regional,ALP+IND+LNP+ON,ideology prior,0.06764469879822563,0.8992537313432836,0.2248134328358209,0.627879776541353,0.624054561796682,-0.0038252147446710127
10.0,0.5,SOUTH-WEST COAST,Regional,ALP+IND+LNP+ON,ideology prior,0.06764469879822563,0.7985074626865671,0.19962686567164178,0.627879776541353,0.6202293470520109,-0.0076504294893420255
10.0,0.75,SOUTH-WEST COAST,Regional,ALP+IND+LNP+ON,ideology prior,0.06764469879822563,0.6977611940298507,0.17444029850746268,0.627879776541353,0.6164041323073399,-0.011475644234013038
10.0,1.0,SOUTH-WEST COAST,Regional,ALP+IND+LNP+ON,ideology prior,0.06764469879822563,0.5970149253731343,0.14925373134328357,0.627879776541353,0.6125789175626689,-0.015300858978684051
20.0,0.25,BAYSWATER,Outer Metro,ALP+LNP+ON,ideology prior,0.10828592517536158,0.7956053067993366,0.19890132669983415,0.6135801618783039,0.6052686807802433,-0.008311481098060569
20.0,0.5,BAYSWATER,Outer Metro,ALP+LNP+ON,ideology prior,0.10828592517536158,0.5912106135986732,0.1478026533996683,0.6135801618783039,0.5969571996821827,-0.016622962196121138
20.0,0.75,BAYSWATER,Outer Metro,ALP+LNP+ON,ideology prior,0.10828592517536158,0.38681592039800994,0.09670398009950248,0.6135801618783039,0.5886457185841222,-0.024934443294181707
20.0,1.0,BAYSWATER,Outer Metro,ALP+LNP+ON,ideology prior,0.10828592517536158,0.18242122719734655,0.04560530679933664,0.6135801618783039,0.5803342374860616,-0.033245924392242276
20.0,0.25,CROYDON,Outer Metro,ALP+LNP+ON,ideology prior,0.10273866866805402,0.7956053067993366,0.19890132669983415,0.6128363811563101,0.6049871463903146,-0.007849234765995527
20.0,0.5,CROYDON,Outer Metro,ALP+LNP+ON,ideology prior,0.10273866866805402,0.5912106135986732,0.1478026533996683,0.6128363811563101,0.597137911624319,-0.015698469531991166
20.0,0.75,CROYDON,Outer Metro,ALP+LNP+ON,ideology prior,0.10273866866805402,0.38681592039800994,0.09670398009950248,0.6128363811563101,0.5892886768583233,-0.023547704297986805
20.0,1.0,CROYDON,Outer Metro,ALP+LNP+ON,ideology prior,0.10273866866805402,0.18242122719734655,0.04560530679933664,0.6128363811563101,0.5814394420923278,-0.03139693906398233
20.0,0.25,MILL PARK,Outer Metro,ALP+LNP+ON,full AEC row,0.14528059146698083,0.7956053067993366,0.19890132669983415,0.5681430288461539,0.5581456225483161,-0.009997406297837741
20.0,0.5,MILL PARK,Outer Metro,ALP+LNP+ON,full AEC row,0.14528059146698083,0.5912106135986732,0.1478026533996683,0.5681430288461539,0.5481482162504784,-0.019994812595675482
20.0,0.75,MILL PARK,Outer Metro,ALP+LNP+ON,full AEC row,0.14528059146698083,0.38681592039800994,0.09670398009950248,0.5681430288461539,0.5381508099526406,-0.029992218893513223
20.0,1.0,MILL PARK,Outer Metro,ALP+LNP+ON,full AEC row,0.14528059146698083,0.18242122719734655,0.04560530679933664,0.5681430288461539,0.5281534036548029,-0.039989625191350964
20.0,0.25,NORTHCOTE,Inner Ring,ALP+GRN+ON,ideology prior,0.14162351022074404,0.7956053067993366,0.19890132669983415,0.2638262609084115,0.2597396496361602,-0.004086611272251295
20.0,0.5,NORTHCOTE,Inner Ring,ALP+GRN+ON,ideology prior,0.14162351022074404,0.5912106135986732,0.1478026533996683,0.2638262609084115,0.2556530383639089,-0.00817322254450259
20.0,0.75,NORTHCOTE,Inner Ring,ALP+GRN+ON,ideology prior,0.14162351022074404,0.38681592039800994,0.09670398009950248,0.2638262609084115,0.25156642709165755,-0.01225983381675394
20.0,1.0,NORTHCOTE,Inner Ring,ALP+GRN+ON,ideology prior,0.14162351022074404,0.18242122719734655,0.04560530679933664,0.2638262609084115,0.24747981581940626,-0.016346445089005235
20.0,0.25,MELBOURNE,Inner Ring,ALP+GRN+ON,ideology prior,0.13462485618087414,0.7956053067993366,0.19890132669983415,0.25253622621407246,0.24848580754600696,-0.004050418668065492
20.0,0.5,MELBOURNE,Inner Ring,ALP+GRN+ON,ideology prior,0.13462485618087414,0.5912106135986732,0.1478026533996683,0.25253622621407246,0.24443538887794142,-0.00810083733613104
20.0,0.75,MELBOURNE,Inner Ring,ALP+GRN+ON,ideology prior,0.13462485618087414,0.38681592039800994,0.09670398009950248,0.25253622621407246,0.2403849702098759,-0.012151256004196559
20.0,1.0,MELBOURNE,Inner Ring,ALP+GRN+ON,ideology prior,0.13462485618087414,0.18242122719734655,0.04560530679933664,0.25253622621407246,0.23633455154181035,-0.016201674672262106
20.0,0.25,RICHMOND,Inner Ring,ALP+GRN+ON,ideology prior,0.14378028650540248,0.7956053067993366,0.19890132669983415,0.24733861923213532,0.24318720047180298,-0.004151418760332343
20.0,0.5,RICHMOND,Inner Ring,ALP+GRN+ON,ideology prior,0.14378028650540248,0.5912106135986732,0.1478026533996683,0.24733861923213532,0.23903578171147064,-0.008302837520664685
20.0,0.75,RICHMOND,Inner Ring,ALP+GRN+ON,ideology prior,0.14378028650540248,0.38681592039800994,0.09670398009950248,0.24733861923213532,0.2348843629511383,-0.012454256280997028
20.0,1.0,RICHMOND,Inner Ring,ALP+GRN+ON,ideology prior,0.14378028650540248,0.18242122719734655,0.04560530679933664,0.24733861923213532,0.23073294419080598,-0.016605675041329343
20.0,0.25,PASCOE VALE,Middle Ring,ALP+GRN+ON,ideology prior,0.1556326129151719,0.7956053067993366,0.19890132669983415,0.4762641600918244,0.4733426274778887,-0.0029215326139356845
20.0,0.5,PASCOE VALE,Middle Ring,ALP+GRN+ON,ideology prior,0.1556326129151719,0.5912106135986732,0.1478026533996683,0.4762641600918244,0.470421094863953,-0.005843065227871369
20.0,0.75,PASCOE VALE,Middle Ring,ALP+GRN+ON,ideology prior,0.1556326129151719,0.38681592039800994,0.09670398009950248,0.4762641600918244,0.46749956225001726,-0.008764597841807109
20.0,1.0,PASCOE VALE,Middle Ring,ALP+GRN+ON,ideology prior,0.1556326129151719,0.18242122719734655,0.04560530679933664,0.4762641600918244,0.4645780296360816,-0.011686130455742794
20.0,0.25,PRESTON,Middle Ring,ALP+GRN+ON,ideology prior,0.15224753352409034,0.7956053067993366,0.19890132669983415,0.48552316502700826,0.4825252435247618,-0.002997921502246481
20.0,0.5,PRESTON,Middle Ring,ALP+GRN+ON,ideology prior,0.15224753352409034,0.5912106135986732,0.1478026533996683,0.48552316502700826,0.47952732202251536,-0.005995843004492907
20.0,0.75,PRESTON,Middle Ring,ALP+GRN+ON,ideology prior,0.15224753352409034,0.38681592039800994,0.09670398009950248,0.48552316502700826,0.47652940052026893,-0.008993764506739332
20.0,1.0,PRESTON,Middle Ring,ALP+GRN+ON,ideology prior,0.15224753352409034,0.18242122719734655,0.04560530679933664,0.48552316502700826,0.47353147901802245,-0.011991686008985813
20.0,0.25,BROADMEADOWS,Outer Metro,ALP+ON,ON special prior,0.21169134561393776,0.7956053067993366,0.19890132669983415,0.42,0.42,0.0
20.0,0.5,BROADMEADOWS,Outer Metro,ALP+ON,ON special prior,0.21169134561393776,0.5912106135986732,0.1478026533996683,0.42,0.42,0.0
20.0,0.75,BROADMEADOWS,Outer Metro,ALP+ON,ON special prior,0.21169134561393776,0.38681592039800994,0.09670398009950248,0.42,0.42,0.0
20.0,1.0,BROADMEADOWS,Outer Metro,ALP+ON,ON special prior,0.21169134561393776,0.18242122719734655,0.04560530679933664,0.42,0.42,0.0
20.0,0.25,THOMASTOWN,Outer Metro,ALP+LNP+ON,full AEC row,0.15406337842510553,0.7956053067993366,0.19890132669983415,0.5593719951923077,0.5511673416272006,-0.008204653565107134
20.0,0.5,THOMASTOWN,Outer Metro,ALP+LNP+ON,full AEC row,0.15406337842510553,0.5912106135986732,0.1478026533996683,0.5593719951923077,0.5429626880620935,-0.016409307130214268
20.0,0.75,THOMASTOWN,Outer Metro,ALP+LNP+ON,full AEC row,0.15406337842510553,0.38681592039800994,0.09670398009950248,0.5593719951923077,0.5347580344969862,-0.024613960695321513
20.0,1.0,THOMASTOWN,Outer Metro,ALP+LNP+ON,full AEC row,0.15406337842510553,0.18242122719734655,0.04560530679933664,0.5593719951923077,0.5265533809318791,-0.03281861426042865
20.0,0.25,KALKALLO,Peri-urban,ALP+LNP+ON,full AEC row,0.14438239621607674,0.7956053067993366,0.19890132669983415,0.6187470518867926,0.6099017992290905,-0.008845252657702085
20.0,0.5,KALKALLO,Peri-urban,ALP+LNP+ON,full AEC row,0.14438239621607674,0.5912106135986732,0.1478026533996683,0.6187470518867926,0.6010565465713884,-0.01769050531540417
20.0,0.75,KALKALLO,Peri-urban,ALP+LNP+ON,full AEC row,0.14438239621607674,0.38681592039800994,0.09670398009950248,0.6187470518867926,0.5922112939136864,-0.026535757973106144
20.0,1.0,KALKALLO,Peri-urban,ALP+LNP+ON,full AEC row,0.14438239621607674,0.18242122719734655,0.04560530679933664,0.6187470518867926,0.5833660412559843,-0.03538101063080823
20.0,0.25,CLARINDA,Middle Ring,ALP+IND+LNP+ON,ideology prior,0.06377966934262434,0.7956053067993366,0.19890132669983415,0.4859955907705552,0.47800834349868965,-0.00798724727186556
20.0,0.5,CLARINDA,Middle Ring,ALP+IND+LNP+ON,ideology prior,0.06377966934262434,0.5912106135986732,0.1478026533996683,0.4859955907705552,0.4700210962268241,-0.01597449454373112
20.0,0.75,CLARINDA,Middle Ring,ALP+IND+LNP+ON,ideology prior,0.06377966934262434,0.38681592039800994,0.09670398009950248,0.4859955907705552,0.46203384895495847,-0.023961741815596738
20.0,1.0,CLARINDA,Middle Ring,ALP+IND+LNP+ON,ideology prior,0.06377966934262434,0.18242122719734655,0.04560530679933664,0.4859955907705552,0.4540466016830929,-0.0319489890874623
20.0,0.25,MULGRAVE,Middle Ring,ALP+IND+LNP+ON,ideology prior,0.05407585948507464,0.7956053067993366,0.19890132669983415,0.4894210255634981,0.4789975542868289,-0.010423471276669205
20.0,0.5,MULGRAVE,Middle Ring,ALP+IND+LNP+ON,ideology prior,0.05407585948507464,0.5912106135986732,0.1478026533996683,0.4894210255634981,0.46857408301015974,-0.020846942553338355
20.0,0.75,MULGRAVE,Middle Ring,ALP+IND+LNP+ON,ideology prior,0.05407585948507464,0.38681592039800994,0.09670398009950248,0.4894210255634981,0.45815061173349053,-0.03127041383000756
20.0,1.0,MULGRAVE,Middle Ring,ALP+IND+LNP+ON,ideology prior,0.05407585948507464,0.18242122719734655,0.04560530679933664,0.4894210255634981,0.4477271404568213,-0.041693885106676765
20.0,0.25,CRANBOURNE,Outer Metro,ALP+LNP+ON,full AEC row,0.16253960868289521,0.7956053067993366,0.19890132669983415,0.5638251201923077,0.5547102715090414,-0.009114848683266286
20.0,0.5,CRANBOURNE,Outer Metro,ALP+LNP+ON,full AEC row,0.16253960868289521,0.5912106135986732,0.1478026533996683,0.5638251201923077,0.545595422825775,-0.018229697366532682
20.0,0.75,CRANBOURNE,Outer Metro,ALP+LNP+ON,full AEC row,0.16253960868289521,0.38681592039800994,0.09670398009950248,0.5638251201923077,0.5364805741425086,-0.02734454604979908
20.0,1.0,CRANBOURNE,Outer Metro,ALP+LNP+ON,full AEC row,0.16253960868289521,0.18242122719734655,0.04560530679933664,0.5638251201923077,0.5273657254592423,-0.036459394733065364
20.0,0.25,DANDENONG,Outer Metro,ALP+LNP+ON,full AEC row,0.12767293921097395,0.7956053067993366,0.19890132669983415,0.5610937500000001,0.5525371788892078,-0.008556571110792222
20.0,0.5,DANDENONG,Outer Metro,ALP+LNP+ON,full AEC row,0.12767293921097395,0.5912106135986732,0.1478026533996683,0.5610937500000001,0.5439806077784156,-0.017113142221584443
20.0,0.75,DANDENONG,Outer Metro,ALP+LNP+ON,full AEC row,0.12767293921097395,0.38681592039800994,0.09670398009950248,0.5610937500000001,0.5354240366676235,-0.025669713332376554
20.0,1.0,DANDENONG,Outer Metro,ALP+LNP+ON,full AEC row,0.12767293921097395,0.18242122719734655,0.04560530679933664,0.5610937500000001,0.5268674655568313,-0.034226284443168775
20.0,0.25,NARRE WARREN NORTH,Outer Metro,ALP+LNP+ON,full AEC row,0.13751772481254326,0.7956053067993366,0.19890132669983415,0.5660787259615385,0.556503252218475,-0.009575473743063556
20.0,0.5,NARRE WARREN NORTH,Outer Metro,ALP+LNP+ON,full AEC row,0.13751772481254326,0.5912106135986732,0.1478026533996683,0.5660787259615385,0.5469277784754114,-0.019150947486127112
20.0,0.75,NARRE WARREN NORTH,Outer Metro,ALP+LNP+ON,full AEC row,0.13751772481254326,0.38681592039800994,0.09670398009950248,0.5660787259615385,0.537352304732348,-0.028726421229190557
20.0,1.0,NARRE WARREN NORTH,Outer Metro,ALP+LNP+ON,full AEC row,0.13751772481254326,0.18242122719734655,0.04560530679933664,0.5660787259615385,0.5277768309892844,-0.038301894972254114
20.0,0.25,NARRE WARREN SOUTH,Outer Metro,ALP+LNP+ON,full AEC row,0.1325175400441891,0.7956053067993366,0.19890132669983415,0.5676832932692308,0.5577798544835917,-0.009903438785639151
20.0,0.5,NARRE WARREN SOUTH,Outer Metro,ALP+LNP+ON,full AEC row,0.1325175400441891,0.5912106135986732,0.1478026533996683,0.5676832932692308,0.5478764156979525,-0.019806877571278303
20.0,0.75,NARRE WARREN SOUTH,Outer Metro,ALP+LNP+ON,full AEC row,0.1325175400441891,0.38681592039800994,0.09670398009950248,0.5676832932692308,0.5379729769123135,-0.029710316356917343
20.0,1.0,NARRE WARREN SOUTH,Outer Metro,ALP+LNP+ON,full AEC row,0.1325175400441891,0.18242122719734655,0.04560530679933664,0.5676832932692308,0.5280695381266743,-0.039613755142556495
20.0,0.25,FRANKSTON,Outer Metro,ALP+LNP+ON,full AEC row,0.1305215210502619,0.7956053067993366,0.19890132669983415,0.5657091346153846,0.5562092033821279,-0.009499931233256764
20.0,0.5,FRANKSTON,Outer Metro,ALP+LNP+ON,full AEC row,0.1305215210502619,0.5912106135986732,0.1478026533996683,0.5657091346153846,0.5467092721488711,-0.01899986246651353
20.0,0.75,FRANKSTON,Outer Metro,ALP+LNP+ON,full AEC row,0.1305215210502619,0.38681592039800994,0.09670398009950248,0.5657091346153846,0.5372093409156142,-0.028499793699770404
20.0,1.0,FRANKSTON,Outer Metro,ALP+LNP+ON,full AEC row,0.1305215210502619,0.18242122719734655,0.04560530679933664,0.5657091346153846,0.5277094096823575,-0.03799972493302717
20.0,0.25,CARRUM,Peri-urban,ALP+LNP+ON,ideology prior,0.08812190167314025,0.7956053067993366,0.19890132669983415,0.6680983657630658,0.6596799698295409,-0.008418395933524891
20.0,0.5,CARRUM,Peri-urban,ALP+LNP+ON,ideology prior,0.08812190167314025,0.5912106135986732,0.1478026533996683,0.6680983657630658,0.6512615738960159,-0.016836791867049894
20.0,0.75,CARRUM,Peri-urban,ALP+LNP+ON,ideology prior,0.08812190167314025,0.38681592039800994,0.09670398009950248,0.6680983657630658,0.6428431779624909,-0.025255187800574896
20.0,1.0,CARRUM,Peri-urban,ALP+LNP+ON,ideology prior,0.08812190167314025,0.18242122719734655,0.04560530679933664,0.6680983657630658,0.6344247820289659,-0.0336735837340999
20.0,0.25,FOOTSCRAY,Inner Ring,ALP+GRN+ON,ideology prior,0.15497705316049679,0.7956053067993366,0.19890132669983415,0.2587968934191429,0.2547141634392773,-0.00408272997986564
20.0,0.5,FOOTSCRAY,Inner Ring,ALP+GRN+ON,ideology prior,0.15497705316049679,0.5912106135986732,0.1478026533996683,0.2587968934191429,0.2506314334594117,-0.008165459959731225
20.0,0.75,FOOTSCRAY,Inner Ring,ALP+GRN+ON,ideology prior,0.15497705316049679,0.38681592039800994,0.09670398009950248,0.2587968934191429,0.2465487034795461,-0.01224818993959681
20.0,1.0,FOOTSCRAY,Inner Ring,ALP+GRN+ON,ideology prior,0.15497705316049679,0.18242122719734655,0.04560530679933664,0.2587968934191429,0.24246597349968046,-0.01633091991946245
20.0,0.25,LAVERTON,Middle Ring,ALP+ON,ON special prior,0.21389914504021018,0.7956053067993366,0.19890132669983415,0.36,0.36,0.0
20.0,0.5,LAVERTON,Middle Ring,ALP+ON,ON special prior,0.21389914504021018,0.5912106135986732,0.1478026533996683,0.36,0.36,0.0
20.0,0.75,LAVERTON,Middle Ring,ALP+ON,ON special prior,0.21389914504021018,0.38681592039800994,0.09670398009950248,0.36,0.36,0.0
20.0,1.0,LAVERTON,Middle Ring,ALP+ON,ON special prior,0.21389914504021018,0.18242122719734655,0.04560530679933664,0.36,0.36,0.0
20.0,0.25,NIDDRIE,Middle Ring,ALP+LNP+ON,ideology prior,0.10642712261576215,0.7956053067993366,0.19890132669983415,0.5499629369437452,0.5407939298901613,-0.009169007053583922
20.0,0.5,NIDDRIE,Middle Ring,ALP+LNP+ON,ideology prior,0.10642712261576215,0.5912106135986732,0.1478026533996683,0.5499629369437452,0.5316249228365774,-0.018338014107167844
20.0,0.75,NIDDRIE,Middle Ring,ALP+LNP+ON,ideology prior,0.10642712261576215,0.38681592039800994,0.09670398009950248,0.5499629369437452,0.5224559157829934,-0.027507021160751766
20.0,1.0,NIDDRIE,Middle Ring,ALP+LNP+ON,ideology prior,0.10642712261576215,0.18242122719734655,0.04560530679933664,0.5499629369437452,0.5132869087294095,-0.03667602821433569
20.0,0.25,ST ALBANS,Middle Ring,ALP+LNP+ON,ideology prior,0.16885800600324843,0.7956053067993366,0.19890132669983415,0.5538294527751996,0.5445754328747069,-0.009254019900492683
20.0,0.5,ST ALBANS,Middle Ring,ALP+LNP+ON,ideology prior,0.16885800600324843,0.5912106135986732,0.1478026533996683,0.5538294527751996,0.5353214129742142,-0.018508039800985365
20.0,0.75,ST ALBANS,Middle Ring,ALP+LNP+ON,ideology prior,0.16885800600324843,0.38681592039800994,0.09670398009950248,0.5538294527751996,0.5260673930737216,-0.027762059701477937
20.0,1.0,ST ALBANS,Middle Ring,ALP+LNP+ON,ideology prior,0.16885800600324843,0.18242122719734655,0.04560530679933664,0.5538294527751996,0.516813373173229,-0.03701607960197062
20.0,0.25,KOROROIT,Outer Metro,ALP+ON,ON special prior,0.24914811224111327,0.7956053067993366,0.19890132669983415,0.42,0.42,0.0
20.0,0.5,KOROROIT,Outer Metro,ALP+ON,ON special prior,0.24914811224111327,0.5912106135986732,0.1478026533996683,0.42,0.42,0.0
20.0,0.75,KOROROIT,Outer Metro,ALP+ON,ON special prior,0.24914811224111327,0.38681592039800994,0.09670398009950248,0.42,0.42,0.0
20.0,1.0,KOROROIT,Outer Metro,ALP+ON,ON special prior,0.24914811224111327,0.18242122719734655,0.04560530679933664,0.42,0.42,0.0
20.0,0.25,POINT COOK,Outer Metro,ALP+LNP+ON,ideology prior,0.1383807764807399,0.7956053067993366,0.19890132669983415,0.6251149460477288,0.618062923654499,-0.007052022393229773
20.0,0.5,POINT COOK,Outer Metro,ALP+LNP+ON,ideology prior,0.1383807764807399,0.5912106135986732,0.1478026533996683,0.6251149460477288,0.6110109012612692,-0.014104044786459546
20.0,0.75,POINT COOK,Outer Metro,ALP+LNP+ON,ideology prior,0.1383807764807399,0.38681592039800994,0.09670398009950248,0.6251149460477288,0.6039588788680395,-0.02115606717968932
20.0,1.0,POINT COOK,Outer Metro,ALP+LNP+ON,ideology prior,0.1383807764807399,0.18242122719734655,0.04560530679933664,0.6251149460477288,0.5969068564748097,-0.028208089572919093
20.0,0.25,SYDENHAM,Outer Metro,ALP+LNP+ON,full AEC row,0.15676332504414228,0.7956053067993366,0.19890132669983415,0.5599128605769231,0.5515976569974647,-0.008315203579458474
20.0,0.5,SYDENHAM,Outer Metro,ALP+LNP+ON,full AEC row,0.15676332504414228,0.5912106135986732,0.1478026533996683,0.5599128605769231,0.5432824534180062,-0.01663040715891695
20.0,0.75,SYDENHAM,Outer Metro,ALP+LNP+ON,full AEC row,0.15676332504414228,0.38681592039800994,0.09670398009950248,0.5599128605769231,0.5349672498385477,-0.024945610738375423
20.0,1.0,SYDENHAM,Outer Metro,ALP+LNP+ON,full AEC row,0.15676332504414228,0.18242122719734655,0.04560530679933664,0.5599128605769231,0.5266520462590892,-0.0332608143178339
20.0,0.25,TARNEIT,Outer Metro,ALP+LNP+ON,ideology prior,0.1366167662234565,0.7956053067993366,0.19890132669983415,0.6177490654498624,0.6101681881573144,-0.007580877292547972
20.0,0.5,TARNEIT,Outer Metro,ALP+LNP+ON,ideology prior,0.1366167662234565,0.5912106135986732,0.1478026533996683,0.6177490654498624,0.6025873108647664,-0.015161754585096054
20.0,0.75,TARNEIT,Outer Metro,ALP+LNP+ON,ideology prior,0.1366167662234565,0.38681592039800994,0.09670398009950248,0.6177490654498624,0.5950064335722184,-0.022742631877644026
20.0,1.0,TARNEIT,Outer Metro,ALP+LNP+ON,ideology prior,0.1366167662234565,0.18242122719734655,0.04560530679933664,0.6177490654498624,0.5874255562796704,-0.030323509170191998
20.0,0.25,SUNBURY,Peri-urban,ALP+LNP+ON,ideology prior,0.10258333102880582,0.7956053067993366,0.19890132669983415,0.6610928837586204,0.6526885279893482,-0.008404355769272231
20.0,0.5,SUNBURY,Peri-urban,ALP+LNP+ON,ideology prior,0.10258333102880582,0.5912106135986732,0.1478026533996683,0.6610928837586204,0.644284172220076,-0.016808711538544463
20.0,0.75,SUNBURY,Peri-urban,ALP+LNP+ON,ideology prior,0.10258333102880582,0.38681592039800994,0.09670398009950248,0.6610928837586204,0.6358798164508037,-0.025213067307816694
20.0,1.0,SUNBURY,Peri-urban,ALP+LNP+ON,ideology prior,0.10258333102880582,0.18242122719734655,0.04560530679933664,0.6610928837586204,0.6274754606815316,-0.033617423077088815
20.0,0.25,WERRIBEE,Peri-urban,ALP+LNP+ON,ideology prior,0.12668191980942478,0.7956053067993366,0.19890132669983415,0.6679178923094685,0.6604527246846854,-0.007465167624783109
20.0,0.5,WERRIBEE,Peri-urban,ALP+LNP+ON,ideology prior,0.12668191980942478,0.5912106135986732,0.1478026533996683,0.6679178923094685,0.6529875570599023,-0.014930335249566218
20.0,0.75,WERRIBEE,Peri-urban,ALP+LNP+ON,ideology prior,0.12668191980942478,0.38681592039800994,0.09670398009950248,0.6679178923094685,0.6455223894351192,-0.022395502874349327
20.0,1.0,WERRIBEE,Peri-urban,ALP+LNP+ON,ideology prior,0.12668191980942478,0.18242122719734655,0.04560530679933664,0.6679178923094685,0.638057221810336,-0.029860670499132547
20.0,0.25,PAKENHAM,Peri-urban,ALP+LNP+ON,ideology prior,0.1401758766581138,0.7956053067993366,0.19890132669983415,0.6677322805989337,0.6596106549142122,-0.008121625684721523
20.0,0.5,PAKENHAM,Peri-urban,ALP+LNP+ON,ideology prior,0.1401758766581138,0.5912106135986732,0.1478026533996683,0.6677322805989337,0.6514890292294906,-0.016243251369443157
20.0,0.75,PAKENHAM,Peri-urban,ALP+LNP+ON,ideology prior,0.1401758766581138,0.38681592039800994,0.09670398009950248,0.6677322805989337,0.6433674035447691,-0.02436487705416468
20.0,1.0,PAKENHAM,Peri-urban,ALP+LNP+ON,ideology prior,0.1401758766581138,0.18242122719734655,0.04560530679933664,0.6677322805989337,0.6352457778600475,-0.0324865027388862
20.0,0.25,MORWELL,Provincial,ALP+LNP+ON,full AEC row,0.14018620175364072,0.7956053067993366,0.19890132669983415,0.5893203125,0.5803016832846382,-0.009018629215361895
20.0,0.5,MORWELL,Provincial,ALP+LNP+ON,full AEC row,0.14018620175364072,0.5912106135986732,0.1478026533996683,0.5893203125,0.566942694399465,-0.02237761810053507
20.0,0.75,MORWELL,Provincial,ALP+LNP+ON,full AEC row,0.14018620175364072,0.38681592039800994,0.09670398009950248,0.5893203125,0.5535837055142918,-0.03573660698570824
20.0,1.0,MORWELL,Provincial,ALP+LNP+ON,full AEC row,0.14018620175364072,0.18242122719734655,0.04560530679933664,0.5893203125,0.5402247166291186,-0.049095595870881414
20.0,0.25,GIPPSLAND EAST,Regional,ALP+LNP+ON,full AEC row,0.09725274229989461,0.7956053067993366,0.19890132669983415,0.6832642045454546,0.673677977300995,-0.009586227244459566
20.0,0.5,GIPPSLAND EAST,Regional,ALP+LNP+ON,full AEC row,0.09725274229989461,0.5912106135986732,0.1478026533996683,0.6832642045454546,0.6640917500565355,-0.019172454488919022
20.0,0.75,GIPPSLAND EAST,Regional,ALP+LNP+ON,full AEC row,0.09725274229989461,0.38681592039800994,0.09670398009950248,0.6832642045454546,0.654505522812076,-0.028758681733378588
20.0,1.0,GIPPSLAND EAST,Regional,ALP+LNP+ON,full AEC row,0.09725274229989461,0.18242122719734655,0.04560530679933664,0.6832642045454546,0.6449192955676164,-0.038344908977838155
20.0,0.25,GIPPSLAND SOUTH,Regional,ALP+LNP+ON,ideology prior,0.06536359226040467,0.7956053067993366,0.19890132669983415,0.7110797156873923,0.7032665541779385,-0.00781316150945377
20.0,0.5,GIPPSLAND SOUTH,Regional,ALP+LNP+ON,ideology prior,0.06536359226040467,0.5912106135986732,0.1478026533996683,0.7110797156873923,0.6954533926684848,-0.01562632301890743
20.0,0.75,GIPPSLAND SOUTH,Regional,ALP+LNP+ON,ideology prior,0.06536359226040467,0.38681592039800994,0.09670398009950248,0.7110797156873923,0.6876402311590311,-0.0234394845283612
20.0,1.0,GIPPSLAND SOUTH,Regional,ALP+LNP+ON,ideology prior,0.06536359226040467,0.18242122719734655,0.04560530679933664,0.7110797156873923,0.6798270696495773,-0.03125264603781497
20.0,0.25,BASS,Regional,ALP+LNP+ON,ideology prior,0.09495649293068914,0.7956053067993366,0.19890132669983415,0.6956493851930479,0.6865143580577949,-0.009135027135252938
20.0,0.5,BASS,Regional,ALP+LNP+ON,ideology prior,0.09495649293068914,0.5912106135986732,0.1478026533996683,0.6956493851930479,0.677379330922542,-0.018270054270505875
20.0,0.75,BASS,Regional,ALP+LNP+ON,ideology prior,0.09495649293068914,0.38681592039800994,0.09670398009950248,0.6956493851930479,0.668244303787289,-0.027405081405758813
20.0,1.0,BASS,Regional,ALP+LNP+ON,ideology prior,0.09495649293068914,0.18242122719734655,0.04560530679933664,0.6956493851930479,0.659109276652036,-0.03654010854101186
20.0,0.25,HASTINGS,Regional,ALP+LNP+ON,ideology prior,0.09358624525982256,0.7956053067993366,0.19890132669983415,0.706332570128735,0.6983081770415741,-0.008024393087160853
20.0,0.5,HASTINGS,Regional,ALP+LNP+ON,ideology prior,0.09358624525982256,0.5912106135986732,0.1478026533996683,0.706332570128735,0.6902837839544134,-0.016048786174321594
20.0,0.75,HASTINGS,Regional,ALP+LNP+ON,ideology prior,0.09358624525982256,0.38681592039800994,0.09670398009950248,0.706332570128735,0.6822593908672526,-0.024073179261482336
20.0,1.0,HASTINGS,Regional,ALP+LNP+ON,ideology prior,0.09358624525982256,0.18242122719734655,0.04560530679933664,0.706332570128735,0.6742349977800919,-0.03209757234864308
20.0,0.25,YAN YEAN,Peri-urban,ALP+LNP+ON,full AEC row,0.15825353684642154,0.7956053067993366,0.19890132669983415,0.6201002358490567,0.6109783995705436,-0.009121836278513151
20.0,0.5,YAN YEAN,Peri-urban,ALP+LNP+ON,full AEC row,0.15825353684642154,0.5912106135986732,0.1478026533996683,0.6201002358490567,0.6018565632920305,-0.01824367255702619
20.0,0.75,YAN YEAN,Peri-urban,ALP+LNP+ON,full AEC row,0.15825353684642154,0.38681592039800994,0.09670398009950248,0.6201002358490567,0.5927347270135174,-0.027365508835539343
20.0,1.0,YAN YEAN,Peri-urban,ALP+LNP+ON,full AEC row,0.15825353684642154,0.18242122719734655,0.04560530679933664,0.6201002358490567,0.5836128907350043,-0.03648734511405238
20.0,0.25,SHEPPARTON,Provincial,IND+LNP+ON,ideology prior,0.06152064735937999,0.7956053067993366,0.19890132669983415,0.5551064385307766,0.5457641801179295,-0.009342258412847082
20.0,0.5,SHEPPARTON,Provincial,IND+LNP+ON,ideology prior,0.06152064735937999,0.5912106135986732,0.1478026533996683,0.5551064385307766,0.5330017420166262,-0.022104696514150368
20.0,0.75,SHEPPARTON,Provincial,IND+LNP+ON,ideology prior,0.06152064735937999,0.38681592039800994,0.09670398009950248,0.5551064385307766,0.5202393039153228,-0.034867134615453765
20.0,1.0,SHEPPARTON,Provincial,IND+LNP+ON,ideology prior,0.06152064735937999,0.18242122719734655,0.04560530679933664,0.5551064385307766,0.5074768658140195,-0.04762957271675705
20.0,0.25,BENDIGO WEST,Provincial,ALP+LNP+ON,ideology prior,0.12384840652165276,0.7956053067993366,0.19890132669983415,0.628214720976031,0.6206132945539239,-0.007601426422107149
20.0,0.5,BENDIGO WEST,Provincial,ALP+LNP+ON,ideology prior,0.12384840652165276,0.5912106135986732,0.1478026533996683,0.628214720976031,0.6096595331317972,-0.018555187844233823
20.0,0.75,BENDIGO WEST,Provincial,ALP+LNP+ON,ideology prior,0.12384840652165276,0.38681592039800994,0.09670398009950248,0.628214720976031,0.5987057717096705,-0.029508949266360496
20.0,1.0,BENDIGO WEST,Provincial,ALP+LNP+ON,ideology prior,0.12384840652165276,0.18242122719734655,0.04560530679933664,0.628214720976031,0.587752010287544,-0.04046271068848706
20.0,0.25,EUROA,Regional,ALP+LNP+ON,full AEC row,0.08182509014864939,0.7956053067993366,0.19890132669983415,0.68346875,0.6738407147501131,-0.009628035249886868
20.0,0.5,EUROA,Regional,ALP+LNP+ON,full AEC row,0.08182509014864939,0.5912106135986732,0.1478026533996683,0.68346875,0.6642126795002261,-0.019256070499773847
20.0,0.75,EUROA,Regional,ALP+LNP+ON,full AEC row,0.08182509014864939,0.38681592039800994,0.09670398009950248,0.68346875,0.6545846442503392,-0.028884105749660716
20.0,1.0,EUROA,Regional,ALP+LNP+ON,full AEC row,0.08182509014864939,0.18242122719734655,0.04560530679933664,0.68346875,0.6449566090004523,-0.038512140999547695
20.0,0.25,BENAMBRA,Regional,IND+LNP+ON,ideology prior,0.07896985154029784,0.7956053067993366,0.19890132669983415,0.6505563340362378,0.6420871204920446,-0.008469213544193166
20.0,0.5,BENAMBRA,Regional,IND+LNP+ON,ideology prior,0.07896985154029784,0.5912106135986732,0.1478026533996683,0.6505563340362378,0.6336179069478515,-0.016938427088386332
20.0,0.75,BENAMBRA,Regional,IND+LNP+ON,ideology prior,0.07896985154029784,0.38681592039800994,0.09670398009950248,0.6505563340362378,0.6251486934036583,-0.025407640632579498
20.0,1.0,BENAMBRA,Regional,IND+LNP+ON,ideology prior,0.07896985154029784,0.18242122719734655,0.04560530679933664,0.6505563340362378,0.6166794798594651,-0.033876854176772664
20.0,0.25,OVENS VALLEY,Regional,ALP+LNP+ON,ideology prior,0.1573949251091557,0.7956053067993366,0.19890132669983415,0.6926120992415224,0.6833375927675372,-0.0092745064739852
20.0,0.5,OVENS VALLEY,Regional,ALP+LNP+ON,ideology prior,0.1573949251091557,0.5912106135986732,0.1478026533996683,0.6926120992415224,0.6740630862935522,-0.01854901294797029
20.0,0.75,OVENS VALLEY,Regional,ALP+LNP+ON,ideology prior,0.1573949251091557,0.38681592039800994,0.09670398009950248,0.6926120992415224,0.664788579819567,-0.02782351942195549
20.0,1.0,OVENS VALLEY,Regional,ALP+LNP+ON,ideology prior,0.1573949251091557,0.18242122719734655,0.04560530679933664,0.6926120992415224,0.6555140733455819,-0.03709802589594058
20.0,0.25,MILDURA,Regional,ALP+IND+LNP+ON,full AEC row,0.039891288915229875,0.7956053067993366,0.19890132669983415,0.6559445099066074,0.6467540408772667,-0.00919046902934062
20.0,0.5,MILDURA,Regional,ALP+IND+LNP+ON,full AEC row,0.039891288915229875,0.5912106135986732,0.1478026533996683,0.6559445099066074,0.6375635718479262,-0.01838093805868113
20.0,0.75,MILDURA,Regional,ALP+IND+LNP+ON,full AEC row,0.039891288915229875,0.38681592039800994,0.09670398009950248,0.6559445099066074,0.6283731028185858,-0.027571407088021527
20.0,1.0,MILDURA,Regional,ALP+IND+LNP+ON,full AEC row,0.039891288915229875,0.18242122719734655,0.04560530679933664,0.6559445099066074,0.6191826337892453,-0.036761876117362036
20.0,0.25,MURRAY PLAINS,Regional,LNP+ON,ON special prior,0.1389584931191304,0.7956053067993366,0.19890132669983415,0.46,0.46,0.0
20.0,0.5,MURRAY PLAINS,Regional,LNP+ON,ON special prior,0.1389584931191304,0.5912106135986732,0.1478026533996683,0.46,0.46,0.0
20.0,0.75,MURRAY PLAINS,Regional,LNP+ON,ON special prior,0.1389584931191304,0.38681592039800994,0.09670398009950248,0.46,0.46,0.0
20.0,1.0,MURRAY PLAINS,Regional,LNP+ON,ON special prior,0.1389584931191304,0.18242122719734655,0.04560530679933664,0.46,0.46,0.0
20.0,0.25,LARA,Peri-urban,ALP+LNP+ON,ideology prior,0.11920393489162501,0.7956053067993366,0.19890132669983415,0.6593974238602006,0.650923908304626,-0.008473515555574629
20.0,0.5,LARA,Peri-urban,ALP+LNP+ON,ideology prior,0.11920393489162501,0.5912106135986732,0.1478026533996683,0.6593974238602006,0.6424503927490512,-0.01694703111114937
20.0,0.75,LARA,Peri-urban,ALP+LNP+ON,ideology prior,0.11920393489162501,0.38681592039800994,0.09670398009950248,0.6593974238602006,0.6339768771934766,-0.025420546666723998
20.0,1.0,LARA,Peri-urban,ALP+LNP+ON,ideology prior,0.11920393489162501,0.18242122719734655,0.04560530679933664,0.6593974238602006,0.6255033616379019,-0.03389406222229874
20.0,0.25,MELTON,Peri-urban,ALP+IND+LNP+ON,ideology prior,0.13546927880164744,0.7956053067993366,0.19890132669983415,0.5834782916505475,0.5756832544304963,-0.00779503722005126
20.0,0.5,MELTON,Peri-urban,ALP+IND+LNP+ON,ideology prior,0.13546927880164744,0.5912106135986732,0.1478026533996683,0.5834782916505475,0.567888217210445,-0.01559007444010252
20.0,0.75,MELTON,Peri-urban,ALP+IND+LNP+ON,ideology prior,0.13546927880164744,0.38681592039800994,0.09670398009950248,0.5834782916505475,0.5600931799903939,-0.023385111660153668
20.0,1.0,MELTON,Peri-urban,ALP+IND+LNP+ON,ideology prior,0.13546927880164744,0.18242122719734655,0.04560530679933664,0.5834782916505475,0.5522981427703427,-0.031180148880204817
20.0,0.25,WENDOUREE,Provincial,ALP+LNP+ON,ideology prior,0.09161570088597155,0.7956053067993366,0.19890132669983415,0.6321574734857772,0.624826764909564,-0.007330708576213207
20.0,0.5,WENDOUREE,Provincial,ALP+LNP+ON,ideology prior,0.09161570088597155,0.5912106135986732,0.1478026533996683,0.6321574734857772,0.6143740670255895,-0.017783406460187723
20.0,0.75,WENDOUREE,Provincial,ALP+LNP+ON,ideology prior,0.09161570088597155,0.38681592039800994,0.09670398009950248,0.6321574734857772,0.6039213691416151,-0.028236104344162127
20.0,1.0,WENDOUREE,Provincial,ALP+LNP+ON,ideology prior,0.09161570088597155,0.18242122719734655,0.04560530679933664,0.6321574734857772,0.5934686712576405,-0.038688802228136754
20.0,0.25,SOUTH BARWON,Provincial,ALP+LNP+ON,ideology prior,0.11635700706072694,0.7956053067993366,0.19890132669983415,0.6346811627978111,0.6273262827470903,-0.0073548800507207135
20.0,0.5,SOUTH BARWON,Provincial,ALP+LNP+ON,ideology prior,0.11635700706072694,0.5912106135986732,0.1478026533996683,0.6346811627978111,0.6167945300202229,-0.017886632777588174
20.0,0.75,SOUTH BARWON,Provincial,ALP+LNP+ON,ideology prior,0.11635700706072694,0.38681592039800994,0.09670398009950248,0.6346811627978111,0.6062627772933554,-0.028418385504455634
20.0,1.0,SOUTH BARWON,Provincial,ALP+LNP+ON,ideology prior,0.11635700706072694,0.18242122719734655,0.04560530679933664,0.6346811627978111,0.595731024566488,-0.038950138231323095
20.0,0.25,EUREKA,Regional,ALP+LNP+ON,ideology prior,0.12208014358600061,0.7956053067993366,0.19890132669983415,0.704336873942371,0.6962993938865563,-0.008037480055814727
20.0,0.5,EUREKA,Regional,ALP+LNP+ON,ideology prior,0.12208014358600061,0.5912106135986732,0.1478026533996683,0.704336873942371,0.6882619138307416,-0.016074960111629344
20.0,0.75,EUREKA,Regional,ALP+LNP+ON,ideology prior,0.12208014358600061,0.38681592039800994,0.09670398009950248,0.704336873942371,0.680224433774927,-0.02411244016744396
20.0,1.0,EUREKA,Regional,ALP+LNP+ON,ideology prior,0.12208014358600061,0.18242122719734655,0.04560530679933664,0.704336873942371,0.6721869537191124,-0.03214992022325858
20.0,0.25,RIPON,Regional,ALP+LNP+ON,full AEC row,0.1525527908084364,0.7956053067993366,0.19890132669983415,0.6758664772727273,0.667792306224559,-0.008074171048168322
20.0,0.5,RIPON,Regional,ALP+LNP+ON,full AEC row,0.1525527908084364,0.5912106135986732,0.1478026533996683,0.6758664772727273,0.6597181351763908,-0.016148342096336532
20.0,0.75,RIPON,Regional,ALP+LNP+ON,full AEC row,0.1525527908084364,0.38681592039800994,0.09670398009950248,0.6758664772727273,0.6516439641282226,-0.024222513144504743
20.0,1.0,RIPON,Regional,ALP+LNP+ON,full AEC row,0.1525527908084364,0.18242122719734655,0.04560530679933664,0.6758664772727273,0.6435697930800542,-0.032296684192673064
20.0,0.25,LOWAN,Regional,ALP+LNP+ON,ideology prior,0.08322352127302096,0.7956053067993366,0.19890132669983415,0.7111700657332027,0.7029927910618834,-0.008177274671319346
20.0,0.5,LOWAN,Regional,ALP+LNP+ON,ideology prior,0.08322352127302096,0.5912106135986732,0.1478026533996683,0.7111700657332027,0.694815516390564,-0.01635454934263869
20.0,0.75,LOWAN,Regional,ALP+LNP+ON,ideology prior,0.08322352127302096,0.38681592039800994,0.09670398009950248,0.7111700657332027,0.6866382417192448,-0.024531824013957926
20.0,1.0,LOWAN,Regional,ALP+LNP+ON,ideology prior,0.08322352127302096,0.18242122719734655,0.04560530679933664,0.7111700657332027,0.6784609670479255,-0.03270909868527727
20.0,0.25,SOUTH-WEST COAST,Regional,ALP+IND+LNP+ON,ideology prior,0.056714466426658304,0.7956053067993366,0.19890132669983415,0.627879776541353,0.6201191556807653,-0.007760620860587708
20.0,0.5,SOUTH-WEST COAST,Regional,ALP+IND+LNP+ON,ideology prior,0.056714466426658304,0.5912106135986732,0.1478026533996683,0.627879776541353,0.6123585348201775,-0.015521241721175416
20.0,0.75,SOUTH-WEST COAST,Regional,ALP+IND+LNP+ON,ideology prior,0.056714466426658304,0.38681592039800994,0.09670398009950248,0.627879776541353,0.6045979139595898,-0.023281862581763124
20.0,1.0,SOUTH-WEST COAST,Regional,ALP+IND+LNP+ON,ideology prior,0.056714466426658304,0.18242122719734655,0.04560530679933664,0.627879776541353,0.5968372930990021,-0.031042483442350832
24.4,0.25,BAYSWATER,Outer Metro,ALP+LNP+ON,ideology prior,0.10297190401902892,0.75,0.1875,0.6135801618783039,0.6034141920971061,-0.01016596978119777
24.4,0.5,BAYSWATER,Outer Metro,ALP+LNP+ON,ideology prior,0.10297190401902892,0.5,0.125,0.6135801618783039,0.5932482223159082,-0.02033193956239565
24.4,0.75,BAYSWATER,Outer Metro,ALP+LNP+ON,ideology prior,0.10297190401902892,0.25,0.0625,0.6135801618783039,0.5830822525347105,-0.03049790934359342
24.4,1.0,BAYSWATER,Outer Metro,ALP+LNP+ON,ideology prior,0.10297190401902892,0.0,0.0,0.6135801618783039,0.5729162827535127,-0.04066387912479119
24.4,0.25,CROYDON,Outer Metro,ALP+LNP+ON,ideology prior,0.09777245869774612,0.75,0.1875,0.6128363811563101,0.6032357958340072,-0.009600585322302901
24.4,0.5,CROYDON,Outer Metro,ALP+LNP+ON,ideology prior,0.09777245869774612,0.5,0.125,0.6128363811563101,0.5936352105117043,-0.019201170644605803
24.4,0.75,CROYDON,Outer Metro,ALP+LNP+ON,ideology prior,0.09777245869774612,0.25,0.0625,0.6128363811563101,0.5840346251894013,-0.028801755966908815
24.4,1.0,CROYDON,Outer Metro,ALP+LNP+ON,ideology prior,0.09777245869774612,0.0,0.0,0.6128363811563101,0.5744340398670984,-0.03840234128921172
24.4,0.25,MILL PARK,Outer Metro,ALP+LNP+ON,full AEC row,0.13788613505450092,0.75,0.1875,0.5681430288461539,0.5559149639423078,-0.012228064903846092
24.4,0.5,MILL PARK,Outer Metro,ALP+LNP+ON,full AEC row,0.13788613505450092,0.5,0.125,0.5681430288461539,0.5436868990384616,-0.024456129807692295
24.4,0.75,MILL PARK,Outer Metro,ALP+LNP+ON,full AEC row,0.13788613505450092,0.25,0.0625,0.5681430288461539,0.5314588341346155,-0.03668419471153839
24.4,1.0,MILL PARK,Outer Metro,ALP+LNP+ON,full AEC row,0.13788613505450092,0.0,0.0,0.5681430288461539,0.5192307692307693,-0.04891225961538459
24.4,0.25,BRUNSWICK,Inner Ring,ALP+GRN+ON,ideology prior,0.14145749463411889,0.75,0.1875,0.2345550665575984,0.22967001057363487,-0.004885055983963521
24.4,0.5,BRUNSWICK,Inner Ring,ALP+GRN+ON,ideology prior,0.14145749463411889,0.5,0.125,0.2345550665575984,0.22478495458967135,-0.009770111967927042
24.4,0.75,BRUNSWICK,Inner Ring,ALP+GRN+ON,ideology prior,0.14145749463411889,0.25,0.0625,0.2345550665575984,0.21989989860570783,-0.014655167951890563
24.4,1.0,BRUNSWICK,Inner Ring,ALP+GRN+ON,ideology prior,0.14145749463411889,0.0,0.0,0.2345550665575984,0.2150148426217443,-0.019540223935854084
24.4,0.25,NORTHCOTE,Inner Ring,ALP+GRN+ON,ideology prior,0.13517380443440233,0.75,0.1875,0.2638262609084115,0.2588278296768343,-0.004998431231577172
24.4,0.5,NORTHCOTE,Inner Ring,ALP+GRN+ON,ideology prior,0.13517380443440233,0.5,0.125,0.2638262609084115,0.25382939844525715,-0.009996862463154343
24.4,0.75,NORTHCOTE,Inner Ring,ALP+GRN+ON,ideology prior,0.13517380443440233,0.25,0.0625,0.2638262609084115,0.24883096721368003,-0.01499529369473146
24.4,1.0,NORTHCOTE,Inner Ring,ALP+GRN+ON,ideology prior,0.13517380443440233,0.0,0.0,0.2638262609084115,0.24383253598210286,-0.01999372492630863
24.4,0.25,MELBOURNE,Inner Ring,ALP+GRN+ON,ideology prior,0.1291327064435908,0.75,0.1875,0.25253622621407246,0.24758206301560695,-0.0049541631984655055
24.4,0.5,MELBOURNE,Inner Ring,ALP+GRN+ON,ideology prior,0.1291327064435908,0.5,0.125,0.25253622621407246,0.2426278998171414,-0.009908326396931066
24.4,0.75,MELBOURNE,Inner Ring,ALP+GRN+ON,ideology prior,0.1291327064435908,0.25,0.0625,0.25253622621407246,0.23767373661867586,-0.0148624895953966
24.4,1.0,MELBOURNE,Inner Ring,ALP+GRN+ON,ideology prior,0.1291327064435908,0.0,0.0,0.25253622621407246,0.2327195734202103,-0.01981665279386216
24.4,0.25,RICHMOND,Inner Ring,ALP+GRN+ON,ideology prior,0.13798795835282976,0.75,0.1875,0.24733861923213532,0.24226092042385866,-0.005077698808276659
24.4,0.5,RICHMOND,Inner Ring,ALP+GRN+ON,ideology prior,0.13798795835282976,0.5,0.125,0.24733861923213532,0.23718322161558197,-0.010155397616553347
24.4,0.75,RICHMOND,Inner Ring,ALP+GRN+ON,ideology prior,0.13798795835282976,0.25,0.0625,0.24733861923213532,0.2321055228073053,-0.015233096424830034
24.4,1.0,RICHMOND,Inner Ring,ALP+GRN+ON,ideology prior,0.13798795835282976,0.0,0.0,0.24733861923213532,0.22702782399902863,-0.020310795233106693
24.4,0.25,PASCOE VALE,Middle Ring,ALP+GRN+ON,ideology prior,0.14843816327068327,0.75,0.1875,0.4762641600918244,0.4726907642171728,-0.0035733958746515526
24.4,0.5,PASCOE VALE,Middle Ring,ALP+GRN+ON,ideology prior,0.14843816327068327,0.5,0.125,0.4762641600918244,0.4691173683425212,-0.007146791749303161
24.4,0.75,PASCOE VALE,Middle Ring,ALP+GRN+ON,ideology prior,0.14843816327068327,0.25,0.0625,0.4762641600918244,0.46554397246786966,-0.010720187623954713
24.4,1.0,PASCOE VALE,Middle Ring,ALP+GRN+ON,ideology prior,0.14843816327068327,0.0,0.0,0.4762641600918244,0.46197057659321805,-0.014293583498606321
24.4,0.25,PRESTON,Middle Ring,ALP+GRN+ON,ideology prior,0.14452695885469485,0.75,0.1875,0.48552316502700826,0.48185633609018347,-0.0036668289368247953
24.4,0.5,PRESTON,Middle Ring,ALP+GRN+ON,ideology prior,0.14452695885469485,0.5,0.125,0.48552316502700826,0.47818950715335873,-0.007333657873649535
24.4,0.75,PRESTON,Middle Ring,ALP+GRN+ON,ideology prior,0.14452695885469485,0.25,0.0625,0.48552316502700826,0.47452267821653393,-0.01100048681047433
24.4,1.0,PRESTON,Middle Ring,ALP+GRN+ON,ideology prior,0.14452695885469485,0.0,0.0,0.48552316502700826,0.4708558492797092,-0.01466731574729907
24.4,0.25,BROADMEADOWS,Outer Metro,ALP+ON,ON special prior,0.20113293172437996,0.75,0.1875,0.42,0.42,0.0
24.4,0.5,BROADMEADOWS,Outer Metro,ALP+ON,ON special prior,0.20113293172437996,0.5,0.125,0.42,0.42,0.0
24.4,0.75,BROADMEADOWS,Outer Metro,ALP+ON,ON special prior,0.20113293172437996,0.25,0.0625,0.42,0.42,0.0
24.4,1.0,BROADMEADOWS,Outer Metro,ALP+ON,ON special prior,0.20113293172437996,0.0,0.0,0.42,0.42,0.0
24.4,0.25,GREENVALE,Outer Metro,ALP+LNP+ON,full AEC row,0.18464866275712416,0.75,0.1875,0.5591646634615385,0.5491811899038462,-0.009983473557692246
24.4,0.5,GREENVALE,Outer Metro,ALP+LNP+ON,full AEC row,0.18464866275712416,0.5,0.125,0.5591646634615385,0.5391977163461539,-0.019966947115384603
24.4,0.75,GREENVALE,Outer Metro,ALP+LNP+ON,full AEC row,0.18464866275712416,0.25,0.0625,0.5591646634615385,0.5292142427884616,-0.02995042067307685
24.4,1.0,GREENVALE,Outer Metro,ALP+LNP+ON,full AEC row,0.18464866275712416,0.0,0.0,0.5591646634615385,0.5192307692307693,-0.03993389423076921
24.4,0.25,THOMASTOWN,Outer Metro,ALP+ON,ON special prior,0.17913007120784233,0.75,0.1875,0.42,0.42,0.0
24.4,0.5,THOMASTOWN,Outer Metro,ALP+ON,ON special prior,0.17913007120784233,0.5,0.125,0.42,0.42,0.0
24.4,0.75,THOMASTOWN,Outer Metro,ALP+ON,ON special prior,0.17913007120784233,0.25,0.0625,0.42,0.42,0.0
24.4,1.0,THOMASTOWN,Outer Metro,ALP+ON,ON special prior,0.17913007120784233,0.0,0.0,0.42,0.42,0.0
24.4,0.25,KALKALLO,Peri-urban,ALP+LNP+ON,full AEC row,0.13773702324864975,0.75,0.1875,0.6187470518867926,0.6079282134433963,-0.010818838443396261
24.4,0.5,KALKALLO,Peri-urban,ALP+LNP+ON,full AEC row,0.13773702324864975,0.5,0.125,0.6187470518867926,0.597109375,-0.021637676886792523
24.4,0.75,KALKALLO,Peri-urban,ALP+LNP+ON,full AEC row,0.13773702324864975,0.25,0.0625,0.6187470518867926,0.5862905365566039,-0.03245651533018867
24.4,1.0,KALKALLO,Peri-urban,ALP+LNP+ON,full AEC row,0.13773702324864975,0.0,0.0,0.6187470518867926,0.5754716981132076,-0.043275353773584935
24.4,0.25,CLARINDA,Middle Ring,ALP+IND+LNP+ON,ideology prior,0.05855440673174145,0.75,0.1875,0.4859955907705552,0.4762261990769752,-0.009769391693579987
24.4,0.5,CLARINDA,Middle Ring,ALP+IND+LNP+ON,ideology prior,0.05855440673174145,0.5,0.125,0.4859955907705552,0.46645680738339523,-0.019538783387159975
24.4,0.75,CLARINDA,Middle Ring,ALP+IND+LNP+ON,ideology prior,0.05855440673174145,0.25,0.0625,0.4859955907705552,0.4566874156898152,-0.029308175080740018
24.4,1.0,CLARINDA,Middle Ring,ALP+IND+LNP+ON,ideology prior,0.05855440673174145,0.0,0.0,0.4859955907705552,0.4469180239962352,-0.039077566774320005
24.4,0.25,MULGRAVE,Middle Ring,ALP+IND+LNP+ON,ideology prior,0.04887357167943103,0.75,0.1875,0.4894210255634981,0.47667183047256195,-0.012749195090936138
24.4,0.5,MULGRAVE,Middle Ring,ALP+IND+LNP+ON,ideology prior,0.04887357167943103,0.5,0.125,0.4894210255634981,0.4639226353816258,-0.025498390181872277
24.4,0.75,MULGRAVE,Middle Ring,ALP+IND+LNP+ON,ideology prior,0.04887357167943103,0.25,0.0625,0.4894210255634981,0.4511734402906896,-0.03824758527280847
24.4,1.0,MULGRAVE,Middle Ring,ALP+IND+LNP+ON,ideology prior,0.04887357167943103,0.0,0.0,0.4894210255634981,0.4384242451997535,-0.05099678036374461
24.4,0.25,CRANBOURNE,Outer Metro,ALP+LNP+ON,full AEC row,0.1535513741326514,0.75,0.1875,0.5638251201923077,0.5526765324519232,-0.011148587740384519
24.4,0.5,CRANBOURNE,Outer Metro,ALP+LNP+ON,full AEC row,0.1535513741326514,0.5,0.125,0.5638251201923077,0.5415279447115385,-0.02229717548076915
24.4,0.75,CRANBOURNE,Outer Metro,ALP+LNP+ON,full AEC row,0.1535513741326514,0.25,0.0625,0.5638251201923077,0.5303793569711539,-0.03344576322115378
24.4,1.0,CRANBOURNE,Outer Metro,ALP+LNP+ON,full AEC row,0.1535513741326514,0.0,0.0,0.5638251201923077,0.5192307692307693,-0.04459435096153841
24.4,0.25,DANDENONG,Outer Metro,ALP+LNP+ON,full AEC row,0.12083904801455851,0.75,0.1875,0.5610937500000001,0.5506280048076924,-0.010465745192307696
24.4,0.5,DANDENONG,Outer Metro,ALP+LNP+ON,full AEC row,0.12083904801455851,0.5,0.125,0.5610937500000001,0.5401622596153847,-0.020931490384615392
24.4,0.75,DANDENONG,Outer Metro,ALP+LNP+ON,full AEC row,0.12083904801455851,0.25,0.0625,0.5610937500000001,0.529696514423077,-0.03139723557692309
24.4,1.0,DANDENONG,Outer Metro,ALP+LNP+ON,full AEC row,0.12083904801455851,0.0,0.0,0.5610937500000001,0.5192307692307693,-0.041862980769230784
24.4,0.25,NARRE WARREN NORTH,Outer Metro,ALP+LNP+ON,full AEC row,0.1289769049134301,0.75,0.1875,0.5660787259615385,0.5543667367788462,-0.01171198918269234
24.4,0.5,NARRE WARREN NORTH,Outer Metro,ALP+LNP+ON,full AEC row,0.1289769049134301,0.5,0.125,0.5660787259615385,0.5426547475961538,-0.02342397836538468
24.4,0.75,NARRE WARREN NORTH,Outer Metro,ALP+LNP+ON,full AEC row,0.1289769049134301,0.25,0.0625,0.5660787259615385,0.5309427584134616,-0.03513596754807691
24.4,1.0,NARRE WARREN NORTH,Outer Metro,ALP+LNP+ON,full AEC row,0.1289769049134301,0.0,0.0,0.5660787259615385,0.5192307692307693,-0.04684795673076925
24.4,0.25,NARRE WARREN SOUTH,Outer Metro,ALP+LNP+ON,full AEC row,0.12476206100244351,0.75,0.1875,0.5676832932692308,0.5555701622596154,-0.012113131009615419
24.4,0.5,NARRE WARREN SOUTH,Outer Metro,ALP+LNP+ON,full AEC row,0.12476206100244351,0.5,0.125,0.5676832932692308,0.54345703125,-0.024226262019230838
24.4,0.75,NARRE WARREN SOUTH,Outer Metro,ALP+LNP+ON,full AEC row,0.12476206100244351,0.25,0.0625,0.5676832932692308,0.5313439002403847,-0.036339393028846145
24.4,1.0,NARRE WARREN SOUTH,Outer Metro,ALP+LNP+ON,full AEC row,0.12476206100244351,0.0,0.0,0.5676832932692308,0.5192307692307693,-0.048452524038461564
24.4,0.25,FRANKSTON,Outer Metro,ALP+LNP+ON,full AEC row,0.12325147862365259,0.75,0.1875,0.5657091346153846,0.5540895432692308,-0.011619591346153868
24.4,0.5,FRANKSTON,Outer Metro,ALP+LNP+ON,full AEC row,0.12325147862365259,0.5,0.125,0.5657091346153846,0.542469951923077,-0.023239182692307625
24.4,0.75,FRANKSTON,Outer Metro,ALP+LNP+ON,full AEC row,0.12325147862365259,0.25,0.0625,0.5657091346153846,0.5308503605769231,-0.03485877403846149
24.4,1.0,FRANKSTON,Outer Metro,ALP+LNP+ON,full AEC row,0.12325147862365259,0.0,0.0,0.5657091346153846,0.5192307692307693,-0.04647836538461536
24.4,0.25,CARRUM,Peri-urban,ALP+LNP+ON,ideology prior,0.08098834725750012,0.75,0.1875,0.6680983657630658,0.6578016259092817,-0.010296739853784098
24.4,0.5,CARRUM,Peri-urban,ALP+LNP+ON,ideology prior,0.08098834725750012,0.5,0.125,0.6680983657630658,0.6475048860554976,-0.020593479707568196
24.4,0.75,CARRUM,Peri-urban,ALP+LNP+ON,ideology prior,0.08098834725750012,0.25,0.0625,0.6680983657630658,0.6372081462017135,-0.030890219561352295
24.4,1.0,CARRUM,Peri-urban,ALP+LNP+ON,ideology prior,0.08098834725750012,0.0,0.0,0.6680983657630658,0.6269114063479294,-0.04118695941513639
24.4,0.25,FOOTSCRAY,Inner Ring,ALP+GRN+ON,ideology prior,0.14885294398555346,0.75,0.1875,0.2587968934191429,0.2538032094883945,-0.004993683930748394
24.4,0.5,FOOTSCRAY,Inner Ring,ALP+GRN+ON,ideology prior,0.14885294398555346,0.5,0.125,0.2587968934191429,0.2488095255576461,-0.009987367861496815
24.4,0.75,FOOTSCRAY,Inner Ring,ALP+GRN+ON,ideology prior,0.14885294398555346,0.25,0.0625,0.2587968934191429,0.24381584162689773,-0.014981051792245181
24.4,1.0,FOOTSCRAY,Inner Ring,ALP+GRN+ON,ideology prior,0.14885294398555346,0.0,0.0,0.2587968934191429,0.23882215769614934,-0.019974735722993575
24.4,0.25,LAVERTON,Middle Ring,ALP+ON,ON special prior,0.2038047613743496,0.75,0.1875,0.36,0.36,0.0
24.4,0.5,LAVERTON,Middle Ring,ALP+ON,ON special prior,0.2038047613743496,0.5,0.125,0.36,0.36,0.0
24.4,0.75,LAVERTON,Middle Ring,ALP+ON,ON special prior,0.2038047613743496,0.25,0.0625,0.36,0.36,0.0
24.4,1.0,LAVERTON,Middle Ring,ALP+ON,ON special prior,0.2038047613743496,0.0,0.0,0.36,0.36,0.0
24.4,0.25,NIDDRIE,Middle Ring,ALP+LNP+ON,ideology prior,0.09985100663996975,0.75,0.1875,0.5499629369437452,0.5387481068153251,-0.011214830128420061
24.4,0.5,NIDDRIE,Middle Ring,ALP+LNP+ON,ideology prior,0.09985100663996975,0.5,0.125,0.5499629369437452,0.527533276686905,-0.022429660256840234
24.4,0.75,NIDDRIE,Middle Ring,ALP+LNP+ON,ideology prior,0.09985100663996975,0.25,0.0625,0.5499629369437452,0.516318446558485,-0.033644490385260184
24.4,1.0,NIDDRIE,Middle Ring,ALP+LNP+ON,ideology prior,0.09985100663996975,0.0,0.0,0.5499629369437452,0.505103616430065,-0.044859320513680245
24.4,0.25,ST ALBANS,Middle Ring,ALP+LNP+ON,ideology prior,0.1628442140071785,0.75,0.1875,0.5538294527751996,0.5425106414161791,-0.011318811359020464
24.4,0.5,ST ALBANS,Middle Ring,ALP+LNP+ON,ideology prior,0.1628442140071785,0.5,0.125,0.5538294527751996,0.5311918300571588,-0.022637622718040817
24.4,0.75,ST ALBANS,Middle Ring,ALP+LNP+ON,ideology prior,0.1628442140071785,0.25,0.0625,0.5538294527751996,0.5198730186981383,-0.03395643407706128
24.4,1.0,ST ALBANS,Middle Ring,ALP+LNP+ON,ideology prior,0.1628442140071785,0.0,0.0,0.5538294527751996,0.5085542073391178,-0.045275245436081746
24.4,0.25,KOROROIT,Outer Metro,ALP+ON,ON special prior,0.23720102287573497,0.75,0.1875,0.42,0.42,0.0
24.4,0.5,KOROROIT,Outer Metro,ALP+ON,ON special prior,0.23720102287573497,0.5,0.125,0.42,0.42,0.0
24.4,0.75,KOROROIT,Outer Metro,ALP+ON,ON special prior,0.23720102287573497,0.25,0.0625,0.42,0.42,0.0
24.4,1.0,KOROROIT,Outer Metro,ALP+ON,ON special prior,0.23720102287573497,0.0,0.0,0.42,0.42,0.0
24.4,0.25,POINT COOK,Outer Metro,ALP+LNP+ON,ideology prior,0.1319320119759426,0.75,0.1875,0.6251149460477288,0.6164894500982002,-0.00862549594952855
24.4,0.5,POINT COOK,Outer Metro,ALP+LNP+ON,ideology prior,0.1319320119759426,0.5,0.125,0.6251149460477288,0.6078639541486718,-0.01725099189905699
24.4,0.75,POINT COOK,Outer Metro,ALP+LNP+ON,ideology prior,0.1319320119759426,0.25,0.0625,0.6251149460477288,0.5992384581991432,-0.02587648784858554
24.4,1.0,POINT COOK,Outer Metro,ALP+LNP+ON,ideology prior,0.1319320119759426,0.0,0.0,0.6251149460477288,0.5906129622496148,-0.03450198379811398
24.4,0.25,SYDENHAM,Outer Metro,ALP+LNP+ON,full AEC row,0.14922199793097915,0.75,0.1875,0.5599128605769231,0.5497423377403847,-0.01017052283653841
24.4,0.5,SYDENHAM,Outer Metro,ALP+LNP+ON,full AEC row,0.14922199793097915,0.5,0.125,0.5599128605769231,0.5395718149038462,-0.02034104567307693
24.4,0.75,SYDENHAM,Outer Metro,ALP+LNP+ON,full AEC row,0.14922199793097915,0.25,0.0625,0.5599128605769231,0.5294012920673078,-0.03051156850961534
24.4,1.0,SYDENHAM,Outer Metro,ALP+LNP+ON,full AEC row,0.14922199793097915,0.0,0.0,0.5599128605769231,0.5192307692307693,-0.04068209134615386
24.4,0.25,TARNEIT,Outer Metro,ALP+LNP+ON,ideology prior,0.1297027486834074,0.75,0.1875,0.6177490654498624,0.6084767145220603,-0.009272350927802098
24.4,0.5,TARNEIT,Outer Metro,ALP+LNP+ON,ideology prior,0.1297027486834074,0.5,0.125,0.6177490654498624,0.5992043635942582,-0.018544701855604195
24.4,0.75,TARNEIT,Outer Metro,ALP+LNP+ON,ideology prior,0.1297027486834074,0.25,0.0625,0.6177490654498624,0.589932012666456,-0.027817052783406404
24.4,1.0,TARNEIT,Outer Metro,ALP+LNP+ON,ideology prior,0.1297027486834074,0.0,0.0,0.6177490654498624,0.5806596617386539,-0.0370894037112085
24.4,0.25,SUNBURY,Peri-urban,ALP+LNP+ON,ideology prior,0.09549947917269073,0.75,0.1875,0.6610928837586204,0.6508133167629385,-0.010279566995681888
24.4,0.5,SUNBURY,Peri-urban,ALP+LNP+ON,ideology prior,0.09549947917269073,0.5,0.125,0.6610928837586204,0.6405337497672567,-0.020559133991363665
24.4,0.75,SUNBURY,Peri-urban,ALP+LNP+ON,ideology prior,0.09549947917269073,0.25,0.0625,0.6610928837586204,0.6302541827715749,-0.030838700987045553
24.4,1.0,SUNBURY,Peri-urban,ALP+LNP+ON,ideology prior,0.09549947917269073,0.0,0.0,0.6610928837586204,0.6199746157758931,-0.04111826798272733
24.4,0.25,WERRIBEE,Peri-urban,ALP+LNP+ON,ideology prior,0.12000332444298586,0.75,0.1875,0.6679178923094685,0.6587870686223606,-0.009130823687107936
24.4,0.5,WERRIBEE,Peri-urban,ALP+LNP+ON,ideology prior,0.12000332444298586,0.5,0.125,0.6679178923094685,0.6496562449352525,-0.018261647374215983
24.4,0.75,WERRIBEE,Peri-urban,ALP+LNP+ON,ideology prior,0.12000332444298586,0.25,0.0625,0.6679178923094685,0.6405254212481446,-0.02739247106132392
24.4,1.0,WERRIBEE,Peri-urban,ALP+LNP+ON,ideology prior,0.12000332444298586,0.0,0.0,0.6679178923094685,0.6313945975610367,-0.036523294748431856
24.4,0.25,PAKENHAM,Peri-urban,ALP+LNP+ON,ideology prior,0.13308143205860898,0.75,0.1875,0.6677322805989337,0.6577985274794873,-0.009933753119446442
24.4,0.5,PAKENHAM,Peri-urban,ALP+LNP+ON,ideology prior,0.13308143205860898,0.5,0.125,0.6677322805989337,0.6478647743600409,-0.019867506238892885
24.4,0.75,PAKENHAM,Peri-urban,ALP+LNP+ON,ideology prior,0.13308143205860898,0.25,0.0625,0.6677322805989337,0.6379310212405944,-0.029801259358339327
24.4,1.0,PAKENHAM,Peri-urban,ALP+LNP+ON,ideology prior,0.13308143205860898,0.0,0.0,0.6677322805989337,0.627997268121148,-0.03973501247778577
24.4,0.25,MORWELL,Provincial,ALP+LNP+ON,full AEC row,0.129883297214706,0.75,0.1875,0.5893203125,0.5773209758254717,-0.01199933667452835
24.4,0.5,MORWELL,Provincial,ALP+LNP+ON,full AEC row,0.129883297214706,0.5,0.125,0.5893203125,0.5609812794811322,-0.028339033018867865
24.4,0.75,MORWELL,Provincial,ALP+LNP+ON,full AEC row,0.129883297214706,0.25,0.0625,0.5893203125,0.5446415831367925,-0.0446787293632076
24.4,1.0,MORWELL,Provincial,ALP+LNP+ON,full AEC row,0.129883297214706,0.0,0.0,0.5893203125,0.5283018867924529,-0.06101842570754712
24.4,0.25,GIPPSLAND EAST,Regional,LNP+ON,ON special prior,0.10813851756834658,0.75,0.1875,0.46,0.46,0.0
24.4,0.5,GIPPSLAND EAST,Regional,LNP+ON,ON special prior,0.10813851756834658,0.5,0.125,0.46,0.46,0.0
24.4,0.75,GIPPSLAND EAST,Regional,LNP+ON,ON special prior,0.10813851756834658,0.25,0.0625,0.46,0.46,0.0
24.4,1.0,GIPPSLAND EAST,Regional,LNP+ON,ON special prior,0.10813851756834658,0.0,0.0,0.46,0.46,0.0
24.4,0.25,GIPPSLAND SOUTH,Regional,ALP+LNP+ON,ideology prior,0.05890075760601294,0.75,0.1875,0.7110797156873923,0.7015232524212652,-0.009556463266127024
24.4,0.5,GIPPSLAND SOUTH,Regional,ALP+LNP+ON,ideology prior,0.05890075760601294,0.5,0.125,0.7110797156873923,0.6919667891551383,-0.019112926532253938
24.4,0.75,GIPPSLAND SOUTH,Regional,ALP+LNP+ON,ideology prior,0.05890075760601294,0.25,0.0625,0.7110797156873923,0.6824103258890113,-0.028669389798380962
24.4,1.0,GIPPSLAND SOUTH,Regional,ALP+LNP+ON,ideology prior,0.05890075760601294,0.0,0.0,0.7110797156873923,0.6728538626228844,-0.038225853064507875
24.4,0.25,BASS,Regional,ALP+LNP+ON,ideology prior,0.08822581258490204,0.75,0.1875,0.6956493851930479,0.6844761167091584,-0.011173268483889442
24.4,0.5,BASS,Regional,ALP+LNP+ON,ideology prior,0.08822581258490204,0.5,0.125,0.6956493851930479,0.6733028482252689,-0.022346536967778996
24.4,0.75,BASS,Regional,ALP+LNP+ON,ideology prior,0.08822581258490204,0.25,0.0625,0.6956493851930479,0.6621295797413793,-0.03351980545166855
24.4,1.0,BASS,Regional,ALP+LNP+ON,ideology prior,0.08822581258490204,0.0,0.0,0.6956493851930479,0.6509563112574898,-0.0446930739355581
24.4,0.25,HASTINGS,Regional,ALP+LNP+ON,ideology prior,0.08710186452156046,0.75,0.1875,0.706332570128735,0.6965177445069135,-0.009814825621821455
24.4,0.5,HASTINGS,Regional,ALP+LNP+ON,ideology prior,0.08710186452156046,0.5,0.125,0.706332570128735,0.6867029188850922,-0.0196296512436428
24.4,0.75,HASTINGS,Regional,ALP+LNP+ON,ideology prior,0.08710186452156046,0.25,0.0625,0.706332570128735,0.6768880932632708,-0.029444476865464142
24.4,1.0,HASTINGS,Regional,ALP+LNP+ON,ideology prior,0.08710186452156046,0.0,0.0,0.706332570128735,0.6670732676414495,-0.039259302487285486
24.4,0.25,YAN YEAN,Peri-urban,ALP+LNP+ON,full AEC row,0.15116171429714098,0.75,0.1875,0.6201002358490567,0.6089431014150944,-0.011157134433962268
24.4,0.5,YAN YEAN,Peri-urban,ALP+LNP+ON,full AEC row,0.15116171429714098,0.5,0.125,0.6201002358490567,0.5977859669811322,-0.022314268867924536
24.4,0.75,YAN YEAN,Peri-urban,ALP+LNP+ON,full AEC row,0.15116171429714098,0.25,0.0625,0.6201002358490567,0.5866288325471699,-0.033471403301886804
24.4,1.0,YAN YEAN,Peri-urban,ALP+LNP+ON,full AEC row,0.15116171429714098,0.0,0.0,0.6201002358490567,0.5754716981132076,-0.04462853773584907
24.4,0.25,SHEPPARTON,Provincial,IND+LNP+ON,ideology prior,0.05436891984447148,0.75,0.1875,0.5551064385307766,0.5429165772961377,-0.012189861234638832
24.4,0.5,SHEPPARTON,Provincial,IND+LNP+ON,ideology prior,0.05436891984447148,0.5,0.125,0.5551064385307766,0.5273065363730426,-0.02779990215773398
24.4,0.75,SHEPPARTON,Provincial,IND+LNP+ON,ideology prior,0.05436891984447148,0.25,0.0625,0.5551064385307766,0.5116964954499474,-0.04340994308082913
24.4,1.0,SHEPPARTON,Provincial,IND+LNP+ON,ideology prior,0.05436891984447148,0.0,0.0,0.5551064385307766,0.49608645452685224,-0.05901998400392433
24.4,0.25,BENDIGO WEST,Provincial,ALP+LNP+ON,ideology prior,0.11788089855611314,0.75,0.1875,0.628214720976031,0.6181692504232262,-0.010045470552804803
24.4,0.5,BENDIGO WEST,Provincial,ALP+LNP+ON,ideology prior,0.11788089855611314,0.5,0.125,0.628214720976031,0.604771444870402,-0.02344327610562902
24.4,0.75,BENDIGO WEST,Provincial,ALP+LNP+ON,ideology prior,0.11788089855611314,0.25,0.0625,0.628214720976031,0.5913736393175777,-0.036841081658453345
24.4,1.0,BENDIGO WEST,Provincial,ALP+LNP+ON,ideology prior,0.11788089855611314,0.0,0.0,0.628214720976031,0.5779758337647535,-0.05023888721127756
24.4,0.25,EUROA,Regional,ALP+LNP+ON,full AEC row,0.07497945720563062,0.75,0.1875,0.68346875,0.6716924715909091,-0.011776278409090901
24.4,0.5,EUROA,Regional,ALP+LNP+ON,full AEC row,0.07497945720563062,0.5,0.125,0.68346875,0.6599161931818182,-0.023552556818181802
24.4,0.75,EUROA,Regional,ALP+LNP+ON,full AEC row,0.07497945720563062,0.25,0.0625,0.68346875,0.6481399147727273,-0.035328835227272704
24.4,1.0,EUROA,Regional,ALP+LNP+ON,full AEC row,0.07497945720563062,0.0,0.0,0.68346875,0.6363636363636364,-0.047105113636363605
24.4,0.25,BENAMBRA,Regional,IND+LNP+ON,ideology prior,0.0715522657065637,0.75,0.1875,0.6505563340362378,0.6401974379568292,-0.010358896079408653
24.4,0.5,BENAMBRA,Regional,IND+LNP+ON,ideology prior,0.0715522657065637,0.5,0.125,0.6505563340362378,0.6298385418774205,-0.020717792158817305
24.4,0.75,BENAMBRA,Regional,IND+LNP+ON,ideology prior,0.0715522657065637,0.25,0.0625,0.6505563340362378,0.6194796457980117,-0.03107668823822607
24.4,1.0,BENAMBRA,Regional,IND+LNP+ON,ideology prior,0.0715522657065637,0.0,0.0,0.6505563340362378,0.6091207497186031,-0.04143558431763472
24.4,0.25,OVENS VALLEY,Regional,LNP+ON,ON special prior,0.18054024633640936,0.75,0.1875,0.46,0.46,0.0
24.4,0.5,OVENS VALLEY,Regional,LNP+ON,ON special prior,0.18054024633640936,0.5,0.125,0.46,0.46,0.0
24.4,0.75,OVENS VALLEY,Regional,LNP+ON,ON special prior,0.18054024633640936,0.25,0.0625,0.46,0.46,0.0
24.4,1.0,OVENS VALLEY,Regional,LNP+ON,ON special prior,0.18054024633640936,0.0,0.0,0.46,0.46,0.0
24.4,0.25,MILDURA,Regional,IND+LNP+ON,ideology prior,0.037405871346495596,0.75,0.1875,0.6266279755235495,0.6149147560885553,-0.01171321943499426
24.4,0.5,MILDURA,Regional,IND+LNP+ON,ideology prior,0.037405871346495596,0.5,0.125,0.6266279755235495,0.603201536653561,-0.02342643886998852
24.4,0.75,MILDURA,Regional,IND+LNP+ON,ideology prior,0.037405871346495596,0.25,0.0625,0.6266279755235495,0.5914883172185667,-0.03513965830498289
24.4,1.0,MILDURA,Regional,IND+LNP+ON,ideology prior,0.037405871346495596,0.0,0.0,0.6266279755235495,0.5797750977835724,-0.04685287773997715
24.4,0.25,MURRAY PLAINS,Regional,LNP+ON,ON special prior,0.12638703285099168,0.75,0.1875,0.46,0.46,0.0
24.4,0.5,MURRAY PLAINS,Regional,LNP+ON,ON special prior,0.12638703285099168,0.5,0.125,0.46,0.46,0.0
24.4,0.75,MURRAY PLAINS,Regional,LNP+ON,ON special prior,0.12638703285099168,0.25,0.0625,0.46,0.46,0.0
24.4,1.0,MURRAY PLAINS,Regional,LNP+ON,ON special prior,0.12638703285099168,0.0,0.0,0.46,0.46,0.0
24.4,0.25,LARA,Peri-urban,ALP+LNP+ON,ideology prior,0.11074843949337738,0.75,0.1875,0.6593974238602006,0.6490332658885748,-0.01036415797162582
24.4,0.5,LARA,Peri-urban,ALP+LNP+ON,ideology prior,0.11074843949337738,0.5,0.125,0.6593974238602006,0.638669107916949,-0.02072831594325164
24.4,0.75,LARA,Peri-urban,ALP+LNP+ON,ideology prior,0.11074843949337738,0.25,0.0625,0.6593974238602006,0.6283049499453232,-0.03109247391487746
24.4,1.0,LARA,Peri-urban,ALP+LNP+ON,ideology prior,0.11074843949337738,0.0,0.0,0.6593974238602006,0.6179407919736973,-0.04145663188650328
24.4,0.25,MELTON,Peri-urban,ALP+IND+LNP+ON,ideology prior,0.1288298473255368,0.75,0.1875,0.5834782916505475,0.573943996632919,-0.009534295017628591
24.4,0.5,MELTON,Peri-urban,ALP+IND+LNP+ON,ideology prior,0.1288298473255368,0.5,0.125,0.5834782916505475,0.5644097016152905,-0.01906859003525707
24.4,0.75,MELTON,Peri-urban,ALP+IND+LNP+ON,ideology prior,0.1288298473255368,0.25,0.0625,0.5834782916505475,0.5548754065976619,-0.028602885052885663
24.4,1.0,MELTON,Peri-urban,ALP+IND+LNP+ON,ideology prior,0.1288298473255368,0.0,0.0,0.5834782916505475,0.5453411115800333,-0.038137180070514254
24.4,0.25,WENDOUREE,Provincial,ALP+LNP+ON,ideology prior,0.08541608847803665,0.75,0.1875,0.6321574734857772,0.6224945199455941,-0.009662953540183095
24.4,0.5,WENDOUREE,Provincial,ALP+LNP+ON,ideology prior,0.08541608847803665,0.5,0.125,0.6321574734857772,0.6097095770976496,-0.02244789638812761
24.4,0.75,WENDOUREE,Provincial,ALP+LNP+ON,ideology prior,0.08541608847803665,0.25,0.0625,0.6321574734857772,0.5969246342497051,-0.03523283923607212
24.4,1.0,WENDOUREE,Provincial,ALP+LNP+ON,ideology prior,0.08541608847803665,0.0,0.0,0.6321574734857772,0.5841396914017606,-0.048017782084016636
24.4,0.25,SOUTH BARWON,Provincial,ALP+LNP+ON,ideology prior,0.11099848373251656,0.75,0.1875,0.6346811627978111,0.6249763987715216,-0.009704764026289503
24.4,0.5,SOUTH BARWON,Provincial,ALP+LNP+ON,ideology prior,0.11099848373251656,0.5,0.125,0.6346811627978111,0.6120947620690853,-0.022586400728725753
24.4,0.75,SOUTH BARWON,Provincial,ALP+LNP+ON,ideology prior,0.11099848373251656,0.25,0.0625,0.6346811627978111,0.599213125366649,-0.035468037431162114
24.4,1.0,SOUTH BARWON,Provincial,ALP+LNP+ON,ideology prior,0.11099848373251656,0.0,0.0,0.6346811627978111,0.5863314886642127,-0.048349674133598364
24.4,0.25,EUREKA,Regional,ALP+LNP+ON,ideology prior,0.11433479885668672,0.75,0.1875,0.704336873942371,0.6945060413386058,-0.00983083260376516
24.4,0.5,EUREKA,Regional,ALP+LNP+ON,ideology prior,0.11433479885668672,0.5,0.125,0.704336873942371,0.6846752087348407,-0.01966166520753032
24.4,0.75,EUREKA,Regional,ALP+LNP+ON,ideology prior,0.11433479885668672,0.25,0.0625,0.704336873942371,0.6748443761310755,-0.02949249781129548
24.4,1.0,EUREKA,Regional,ALP+LNP+ON,ideology prior,0.11433479885668672,0.0,0.0,0.704336873942371,0.6650135435273103,-0.03932333041506064
24.4,0.25,RIPON,Regional,ALP+LNP+ON,full AEC row,0.1438512904804937,0.75,0.1875,0.6758664772727273,0.6659907670454546,-0.009875710227272738
24.4,0.5,RIPON,Regional,ALP+LNP+ON,full AEC row,0.1438512904804937,0.5,0.125,0.6758664772727273,0.6561150568181818,-0.019751420454545476
24.4,0.75,RIPON,Regional,ALP+LNP+ON,full AEC row,0.1438512904804937,0.25,0.0625,0.6758664772727273,0.6462393465909091,-0.029627130681818215
24.4,1.0,RIPON,Regional,ALP+LNP+ON,full AEC row,0.1438512904804937,0.0,0.0,0.6758664772727273,0.6363636363636364,-0.03950284090909095
24.4,0.25,LOWAN,Regional,ALP+LNP+ON,ideology prior,0.0766785048780629,0.75,0.1875,0.7111700657332027,0.7011682470175729,-0.010001818715629884
24.4,0.5,LOWAN,Regional,ALP+LNP+ON,ideology prior,0.0766785048780629,0.5,0.125,0.7111700657332027,0.6911664283019429,-0.02000363743125988
24.4,0.75,LOWAN,Regional,ALP+LNP+ON,ideology prior,0.0766785048780629,0.25,0.0625,0.7111700657332027,0.681164609586313,-0.030005456146889764
24.4,1.0,LOWAN,Regional,ALP+LNP+ON,ideology prior,0.0766785048780629,0.0,0.0,0.7111700657332027,0.6711627908706831,-0.04000727486251965
24.4,0.25,SOUTH-WEST COAST,Regional,ALP+IND+LNP+ON,ideology prior,0.05179938713331673,0.75,0.1875,0.627879776541353,0.6183875769897619,-0.009492199551591085
24.4,0.5,SOUTH-WEST COAST,Regional,ALP+IND+LNP+ON,ideology prior,0.05179938713331673,0.5,0.125,0.627879776541353,0.6088953774381709,-0.01898439910318206
24.4,0.75,SOUTH-WEST COAST,Regional,ALP+IND+LNP+ON,ideology prior,0.05179938713331673,0.25,0.0625,0.627879776541353,0.5994031778865798,-0.028476598654773144
24.4,1.0,SOUTH-WEST COAST,Regional,ALP+IND+LNP+ON,ideology prior,0.05179938713331673,0.0,0.0,0.627879776541353,0.5899109783349887,-0.03796879820636423
