ONLevel,District,Eliminated,AliveSet,CurrentBasis,ParentAliveSet,RemovedParty,FederalSeats,FederalScenarioTotal,ProjectionWeight,CurrentONFlow,NoSiphonONFlow,ProjectedONFlow,TrialONFlow,ONFlowChangeFromCurrent,EliminatedVoteShare
10.0,CLARINDA,OTH,ALP+IND+LNP+ON,ideology prior,ALP+GRN+IND+LNP+ON,GRN,11,70114.0,0.1685143252196809,0.4859955907705552,0.4469180239962352,0.4012592498333499,0.43922386647781875,-0.04677172429273646,0.07550193353426873
10.0,MULGRAVE,OTH,ALP+IND+LNP+ON,ideology prior,ALP+GRN+IND+LNP+ON,GRN,11,70114.0,0.1685143252196809,0.4894210255634981,0.4384242451997535,0.4012592498333499,0.43216141108379147,-0.05725961447970662,0.06577528813690836
10.0,CARRUM,OTH,ALP+LNP+ON,ideology prior,ALP+GRN+LNP+ON,GRN,20,185090.0,0.23828097557352748,0.6680983657630658,0.6269114063479294,0.4577291655395393,0.5865984969583907,-0.08149986880467508,0.10469280486770513
10.0,NIDDRIE,OTH,ALP+LNP+ON,ideology prior,ALP+GRN+LNP+ON,GRN,20,185090.0,0.23828097557352748,0.5499629369437452,0.505103616430065,0.4577291655395393,0.49381518605461033,-0.05614775088913487,0.12196038783135199
10.0,SUNBURY,OTH,ALP+LNP+ON,ideology prior,ALP+GRN+LNP+ON,GRN,20,185090.0,0.23828097557352748,0.6610928837586204,0.6199746157758931,0.4577291655395393,0.5813146116112085,-0.07977827214741195,0.11939117773125021
10.0,WERRIBEE,OTH,ALP+LNP+ON,ideology prior,ALP+GRN+LNP+ON,GRN,20,185090.0,0.23828097557352748,0.6679178923094685,0.6313945975610367,0.4577291655395393,0.5900134289955561,-0.07790446331391243,0.14218349926841856
10.0,MORWELL,OTH,ALP+LNP+ON,full AEC row,ALP+GRN+LNP+ON,GRN,20,185090.0,0.23828097557352748,0.5893203125,0.5283018867924529,0.4577291655395393,0.51148574992343,-0.07783456257657007,0.16617237903923454
10.0,GIPPSLAND EAST,OTH,ALP+LNP+ON,full AEC row,ALP+GRN+LNP+ON,GRN,20,185090.0,0.23828097557352748,0.6832642045454546,0.6363636363636364,0.4577291655395393,0.5937984403846097,-0.08946576416084484,0.1160940722119314
10.0,GIPPSLAND SOUTH,OTH,ALP+LNP+ON,ideology prior,ALP+GRN+LNP+ON,GRN,20,185090.0,0.23828097557352748,0.7110797156873923,0.6728538626228844,0.4577291655395393,0.6215937399319053,-0.089485975755487,0.08103619943711321
10.0,BASS,OTH,ALP+LNP+ON,ideology prior,ALP+GRN+LNP+ON,GRN,20,185090.0,0.23828097557352748,0.6956493851930479,0.6509563112574898,0.4577291655395393,0.6049139584685284,-0.09073542672451951,0.11070542071604152
10.0,HASTINGS,OTH,ALP+LNP+ON,ideology prior,ALP+GRN+LNP+ON,GRN,20,185090.0,0.23828097557352748,0.706332570128735,0.6670732676414495,0.4577291655395393,0.6171905507620422,-0.08914201936669275,0.10956191658101978
10.0,SHEPPARTON,OTH,ALP+IND+LNP+ON,ideology prior,ALP+GRN+IND+LNP+ON,GRN,11,70114.0,0.1685143252196809,0.4959602430555555,0.4375,0.4012592498333499,0.4313929144402119,-0.06456732861534364,0.07015161804800686
10.0,EUROA,OTH,ALP+LNP+ON,full AEC row,ALP+GRN+LNP+ON,GRN,20,185090.0,0.23828097557352748,0.68346875,0.6363636363636364,0.4577291655395393,0.5937984403846097,-0.08967030961539024,0.0984887977913347
10.0,BENAMBRA,OTH,ALP+IND+LNP+ON,ideology prior,ALP+GRN+IND+LNP+ON,GRN,11,70114.0,0.1685143252196809,0.6505402705863422,0.6098571302365678,0.4012592498333499,0.5747053991781639,-0.07583487140817835,0.08631438145738231
10.0,MILDURA,OTH,ALP+IND+LNP+ON,full AEC row,ALP+GRN+IND+LNP+ON,GRN,11,70114.0,0.1685143252196809,0.6559445099066074,0.6109801867853714,0.4012592498333499,0.5756392046104623,-0.0803053052961451,0.053904966010508794
10.0,MURRAY PLAINS,OTH,ALP+LNP+ON,full AEC row,ALP+GRN+LNP+ON,GRN,20,185090.0,0.23828097557352748,0.6799062499999999,0.6363636363636364,0.4577291655395393,0.5937984403846096,-0.08610780961539033,0.13969958856614928
10.0,LARA,OTH,ALP+LNP+ON,ideology prior,ALP+GRN+LNP+ON,GRN,20,185090.0,0.23828097557352748,0.6593974238602006,0.6179407919736973,0.4577291655395393,0.5797654093287445,-0.07963201453145607,0.14008896404542587
10.0,WENDOUREE,OTH,ALP+LNP+ON,ideology prior,ALP+GRN+LNP+ON,GRN,20,185090.0,0.23828097557352748,0.6321574734857772,0.5841396914017606,0.4577291655395393,0.5540184679765479,-0.07813900550922936,0.1066072157306344
10.0,EUREKA,OTH,ALP+LNP+ON,ideology prior,ALP+GRN+LNP+ON,GRN,20,185090.0,0.23828097557352748,0.704336873942371,0.6650135435273103,0.4577291655395393,0.6156216197192323,-0.08871525422313864,0.1405151834665173
10.0,LOWAN,OTH,ALP+LNP+ON,ideology prior,ALP+GRN+LNP+ON,GRN,20,185090.0,0.23828097557352748,0.7111700657332027,0.6711627908706831,0.4577291655395393,0.6203056184065834,-0.09086444732661936,0.0988053883087827
10.0,SOUTH-WEST COAST,OTH,ALP+IND+LNP+ON,ideology prior,ALP+GRN+IND+LNP+ON,GRN,11,70114.0,0.1685143252196809,0.627879776541353,0.5899109783349887,0.4012592498333499,0.5581204596050087,-0.0697593169363443,0.06764469879822563
20.0,BAYSWATER,OTH,ALP+LNP+ON,ideology prior,ALP+GRN+LNP+ON,GRN,20,185090.0,0.23828097557352748,0.6135801618783039,0.5729162827535127,0.4577291655395393,0.5454693840902648,-0.06811077778803909,0.10828592517536158
20.0,CROYDON,OTH,ALP+LNP+ON,ideology prior,ALP+GRN+LNP+ON,GRN,20,185090.0,0.23828097557352748,0.6128363811563101,0.5744340398670984,0.4577291655395393,0.5466254885581416,-0.06621089259816848,0.10273866866805402
20.0,MILL PARK,OTH,ALP+LNP+ON,full AEC row,ALP+GRN+LNP+ON,GRN,20,185090.0,0.23828097557352748,0.5681430288461539,0.5192307692307693,0.4577291655395393,0.5045761071038866,-0.0635669217422673,0.14528059146698083
20.0,NORTHCOTE,OTH,ALP+GRN+ON,ideology prior,ALP+GRN+LNP+ON,LNP,20,185090.0,0.23828097557352748,0.2638262609084115,0.24383253598210286,0.443148114910322,0.29132564657612137,0.027499385667709875,0.14162351022074404
20.0,MELBOURNE,OTH,ALP+GRN+ON,ideology prior,ALP+GRN+LNP+ON,LNP,20,185090.0,0.23828097557352748,0.25253622621407246,0.2327195734202103,0.443148114910322,0.2828606915749886,0.030324465360916153,0.13462485618087414
20.0,RICHMOND,OTH,ALP+GRN+ON,ideology prior,ALP+GRN+LNP+ON,LNP,20,185090.0,0.23828097557352748,0.24733861923213532,0.22702782399902863,0.443148114910322,0.2785251777586062,0.03118655852647087,0.14378028650540248
20.0,PASCOE VALE,OTH,ALP+GRN+ON,ideology prior,ALP+GRN+LNP+ON,LNP,20,185090.0,0.23828097557352748,0.4762641600918244,0.46197057659321805,0.443148114910322,0.45748554206072223,-0.018778618031102146,0.1556326129151719
20.0,PRESTON,OTH,ALP+GRN+ON,ideology prior,ALP+GRN+LNP+ON,LNP,20,185090.0,0.23828097557352748,0.48552316502700826,0.4708558492797092,0.443148114910322,0.4642536233032395,-0.02126954172376877,0.15224753352409034
20.0,THOMASTOWN,OTH,ALP+LNP+ON,full AEC row,ALP+GRN+LNP+ON,GRN,20,185090.0,0.23828097557352748,0.5593719951923077,0.5192307692307693,0.4577291655395393,0.5045761071038866,-0.054795888088421174,0.15406337842510553
20.0,KALKALLO,OTH,ALP+LNP+ON,full AEC row,ALP+GRN+LNP+ON,GRN,20,185090.0,0.23828097557352748,0.6187470518867926,0.5754716981132076,0.4577291655395393,0.5474158925850561,-0.0713311593017365,0.14438239621607674
20.0,CLARINDA,OTH,ALP+IND+LNP+ON,ideology prior,ALP+GRN+IND+LNP+ON,GRN,11,70114.0,0.1685143252196809,0.4859955907705552,0.4469180239962352,0.4012592498333499,0.43922386647781875,-0.04677172429273646,0.06377966934262434
20.0,MULGRAVE,OTH,ALP+IND+LNP+ON,ideology prior,ALP+GRN+IND+LNP+ON,GRN,11,70114.0,0.1685143252196809,0.4894210255634981,0.4384242451997535,0.4012592498333499,0.43216141108379147,-0.05725961447970662,0.05407585948507464
20.0,CRANBOURNE,OTH,ALP+LNP+ON,full AEC row,ALP+GRN+LNP+ON,GRN,20,185090.0,0.23828097557352748,0.5638251201923077,0.5192307692307693,0.4577291655395393,0.5045761071038866,-0.05924901308842112,0.16253960868289521
20.0,DANDENONG,OTH,ALP+LNP+ON,full AEC row,ALP+GRN+LNP+ON,GRN,20,185090.0,0.23828097557352748,0.5610937500000001,0.5192307692307693,0.4577291655395393,0.5045761071038866,-0.056517642896113496,0.12767293921097395
20.0,NARRE WARREN NORTH,OTH,ALP+LNP+ON,full AEC row,ALP+GRN+LNP+ON,GRN,20,185090.0,0.23828097557352748,0.5660787259615385,0.5192307692307693,0.4577291655395393,0.5045761071038866,-0.06150261885765196,0.13751772481254326
20.0,NARRE WARREN SOUTH,OTH,ALP+LNP+ON,full AEC row,ALP+GRN+LNP+ON,GRN,20,185090.0,0.23828097557352748,0.5676832932692308,0.5192307692307693,0.4577291655395393,0.5045761071038866,-0.06310718616534428,0.1325175400441891
20.0,FRANKSTON,OTH,ALP+LNP+ON,full AEC row,ALP+GRN+LNP+ON,GRN,20,185090.0,0.23828097557352748,0.5657091346153846,0.5192307692307693,0.4577291655395393,0.5045761071038866,-0.06113302751149807,0.1305215210502619
20.0,CARRUM,OTH,ALP+LNP+ON,ideology prior,ALP+GRN+LNP+ON,GRN,20,185090.0,0.23828097557352748,0.6680983657630658,0.6269114063479294,0.4577291655395393,0.5865984969583907,-0.08149986880467508,0.08812190167314025
20.0,FOOTSCRAY,OTH,ALP+GRN+ON,ideology prior,ALP+GRN+LNP+ON,LNP,20,185090.0,0.23828097557352748,0.2587968934191429,0.23882215769614934,0.443148114910322,0.28750914611613726,0.028712252696994345,0.15497705316049679
20.0,NIDDRIE,OTH,ALP+LNP+ON,ideology prior,ALP+GRN+LNP+ON,GRN,20,185090.0,0.23828097557352748,0.5499629369437452,0.505103616430065,0.4577291655395393,0.49381518605461033,-0.05614775088913487,0.10642712261576215
20.0,ST ALBANS,OTH,ALP+LNP+ON,ideology prior,ALP+GRN+LNP+ON,GRN,20,185090.0,0.23828097557352748,0.5538294527751996,0.5085542073391178,0.4577291655395393,0.49644356679554896,-0.05738588597965061,0.16885800600324843
20.0,POINT COOK,OTH,ALP+LNP+ON,ideology prior,ALP+GRN+LNP+ON,GRN,20,185090.0,0.23828097557352748,0.6251149460477288,0.5906129622496148,0.4577291655395393,0.5589492815316237,-0.06616566451610506,0.1383807764807399
20.0,SYDENHAM,OTH,ALP+LNP+ON,full AEC row,ALP+GRN+LNP+ON,GRN,20,185090.0,0.23828097557352748,0.5599128605769231,0.5192307692307693,0.4577291655395393,0.5045761071038866,-0.05533675347303657,0.15676332504414228
20.0,TARNEIT,OTH,ALP+LNP+ON,ideology prior,ALP+GRN+LNP+ON,GRN,20,185090.0,0.23828097557352748,0.6177490654498624,0.5806596617386539,0.4577291655395393,0.5513676631765911,-0.06638140227327127,0.1366167662234565
20.0,SUNBURY,OTH,ALP+LNP+ON,ideology prior,ALP+GRN+LNP+ON,GRN,20,185090.0,0.23828097557352748,0.6610928837586204,0.6199746157758931,0.4577291655395393,0.5813146116112085,-0.07977827214741195,0.10258333102880582
20.0,WERRIBEE,OTH,ALP+LNP+ON,ideology prior,ALP+GRN+LNP+ON,GRN,20,185090.0,0.23828097557352748,0.6679178923094685,0.6313945975610367,0.4577291655395393,0.5900134289955561,-0.07790446331391243,0.12668191980942478
20.0,PAKENHAM,OTH,ALP+LNP+ON,ideology prior,ALP+GRN+LNP+ON,GRN,20,185090.0,0.23828097557352748,0.6677322805989337,0.627997268121148,0.4577291655395393,0.5874256185289488,-0.08030666206998494,0.1401758766581138
20.0,MORWELL,OTH,ALP+LNP+ON,full AEC row,ALP+GRN+LNP+ON,GRN,20,185090.0,0.23828097557352748,0.5893203125,0.5283018867924529,0.4577291655395393,0.51148574992343,-0.07783456257657007,0.14018620175364072
20.0,GIPPSLAND EAST,OTH,ALP+LNP+ON,full AEC row,ALP+GRN+LNP+ON,GRN,20,185090.0,0.23828097557352748,0.6832642045454546,0.6363636363636364,0.4577291655395393,0.5937984403846097,-0.08946576416084484,0.09725274229989461
20.0,GIPPSLAND SOUTH,OTH,ALP+LNP+ON,ideology prior,ALP+GRN+LNP+ON,GRN,20,185090.0,0.23828097557352748,0.7110797156873923,0.6728538626228844,0.4577291655395393,0.6215937399319053,-0.089485975755487,0.06536359226040467
20.0,BASS,OTH,ALP+LNP+ON,ideology prior,ALP+GRN+LNP+ON,GRN,20,185090.0,0.23828097557352748,0.6956493851930479,0.6509563112574898,0.4577291655395393,0.6049139584685284,-0.09073542672451951,0.09495649293068914
20.0,HASTINGS,OTH,ALP+LNP+ON,ideology prior,ALP+GRN+LNP+ON,GRN,20,185090.0,0.23828097557352748,0.706332570128735,0.6670732676414495,0.4577291655395393,0.6171905507620422,-0.08914201936669275,0.09358624525982256
20.0,YAN YEAN,OTH,ALP+LNP+ON,full AEC row,ALP+GRN+LNP+ON,GRN,20,185090.0,0.23828097557352748,0.6201002358490567,0.5754716981132076,0.4577291655395393,0.5474158925850561,-0.07268434326400064,0.15825353684642154
20.0,BENDIGO WEST,OTH,ALP+LNP+ON,ideology prior,ALP+GRN+LNP+ON,GRN,20,185090.0,0.23828097557352748,0.628214720976031,0.5779758337647535,0.4577291655395393,0.5493233403505832,-0.07889138062544787,0.12384840652165276
20.0,EUROA,OTH,ALP+LNP+ON,full AEC row,ALP+GRN+LNP+ON,GRN,20,185090.0,0.23828097557352748,0.68346875,0.6363636363636364,0.4577291655395393,0.5937984403846097,-0.08967030961539024,0.08182509014864939
20.0,OVENS VALLEY,OTH,ALP+LNP+ON,ideology prior,ALP+GRN+LNP+ON,GRN,20,185090.0,0.23828097557352748,0.6926120992415224,0.647236623348516,0.4577291655395393,0.602080601423334,-0.09053149781818848,0.1573949251091557
20.0,MILDURA,OTH,ALP+IND+LNP+ON,full AEC row,ALP+GRN+IND+LNP+ON,GRN,11,70114.0,0.1685143252196809,0.6559445099066074,0.6109801867853714,0.4012592498333499,0.5756392046104623,-0.0803053052961451,0.039891288915229875
20.0,LARA,OTH,ALP+LNP+ON,ideology prior,ALP+GRN+LNP+ON,GRN,20,185090.0,0.23828097557352748,0.6593974238602006,0.6179407919736973,0.4577291655395393,0.5797654093287445,-0.07963201453145607,0.11920393489162501
20.0,MELTON,OTH,ALP+IND+LNP+ON,ideology prior,ALP+GRN+IND+LNP+ON,GRN,11,70114.0,0.1685143252196809,0.5834782916505475,0.5453411115800333,0.4012592498333499,0.5210612538713956,-0.062417037779151974,0.13546927880164744
20.0,WENDOUREE,OTH,ALP+LNP+ON,ideology prior,ALP+GRN+LNP+ON,GRN,20,185090.0,0.23828097557352748,0.6321574734857772,0.5841396914017606,0.4577291655395393,0.5540184679765479,-0.07813900550922936,0.09161570088597155
20.0,SOUTH BARWON,OTH,ALP+LNP+ON,ideology prior,ALP+GRN+LNP+ON,GRN,20,185090.0,0.23828097557352748,0.6346811627978111,0.5863314886642127,0.4577291655395393,0.5556880016490435,-0.07899316114876753,0.11635700706072694
20.0,EUREKA,OTH,ALP+LNP+ON,ideology prior,ALP+GRN+LNP+ON,GRN,20,185090.0,0.23828097557352748,0.704336873942371,0.6650135435273103,0.4577291655395393,0.6156216197192323,-0.08871525422313864,0.12208014358600061
20.0,RIPON,OTH,ALP+LNP+ON,full AEC row,ALP+GRN+LNP+ON,GRN,20,185090.0,0.23828097557352748,0.6758664772727273,0.6363636363636364,0.4577291655395393,0.5937984403846097,-0.08206803688811759,0.1525527908084364
20.0,LOWAN,OTH,ALP+LNP+ON,ideology prior,ALP+GRN+LNP+ON,GRN,20,185090.0,0.23828097557352748,0.7111700657332027,0.6711627908706831,0.4577291655395393,0.6203056184065834,-0.09086444732661936,0.08322352127302096
20.0,SOUTH-WEST COAST,OTH,ALP+IND+LNP+ON,ideology prior,ALP+GRN+IND+LNP+ON,GRN,11,70114.0,0.1685143252196809,0.627879776541353,0.5899109783349887,0.4012592498333499,0.5581204596050087,-0.0697593169363443,0.056714466426658304
24.4,BAYSWATER,OTH,ALP+LNP+ON,ideology prior,ALP+GRN+LNP+ON,GRN,20,185090.0,0.23828097557352748,0.6135801618783039,0.5729162827535127,0.4577291655395393,0.5454693840902648,-0.06811077778803909,0.10297190401902892
24.4,CROYDON,OTH,ALP+LNP+ON,ideology prior,ALP+GRN+LNP+ON,GRN,20,185090.0,0.23828097557352748,0.6128363811563101,0.5744340398670984,0.4577291655395393,0.5466254885581416,-0.06621089259816848,0.09777245869774612
24.4,MILL PARK,OTH,ALP+LNP+ON,full AEC row,ALP+GRN+LNP+ON,GRN,20,185090.0,0.23828097557352748,0.5681430288461539,0.5192307692307693,0.4577291655395393,0.5045761071038866,-0.0635669217422673,0.13788613505450092
24.4,BRUNSWICK,OTH,ALP+GRN+ON,ideology prior,ALP+GRN+LNP+ON,LNP,20,185090.0,0.23828097557352748,0.2345550665575984,0.2150148426217443,0.443148114910322,0.2693746613034478,0.03481959474584939,0.14145749463411889
24.4,NORTHCOTE,OTH,ALP+GRN+ON,ideology prior,ALP+GRN+LNP+ON,LNP,20,185090.0,0.23828097557352748,0.2638262609084115,0.24383253598210286,0.443148114910322,0.29132564657612137,0.027499385667709875,0.13517380443440233
24.4,MELBOURNE,OTH,ALP+GRN+ON,ideology prior,ALP+GRN+LNP+ON,LNP,20,185090.0,0.23828097557352748,0.25253622621407246,0.2327195734202103,0.443148114910322,0.2828606915749886,0.030324465360916153,0.1291327064435908
24.4,RICHMOND,OTH,ALP+GRN+ON,ideology prior,ALP+GRN+LNP+ON,LNP,20,185090.0,0.23828097557352748,0.24733861923213532,0.22702782399902863,0.443148114910322,0.2785251777586062,0.03118655852647087,0.13798795835282976
24.4,PASCOE VALE,OTH,ALP+GRN+ON,ideology prior,ALP+GRN+LNP+ON,LNP,20,185090.0,0.23828097557352748,0.4762641600918244,0.46197057659321805,0.443148114910322,0.45748554206072223,-0.018778618031102146,0.14843816327068327
24.4,PRESTON,OTH,ALP+GRN+ON,ideology prior,ALP+GRN+LNP+ON,LNP,20,185090.0,0.23828097557352748,0.48552316502700826,0.4708558492797092,0.443148114910322,0.4642536233032395,-0.02126954172376877,0.14452695885469485
24.4,GREENVALE,OTH,ALP+LNP+ON,full AEC row,ALP+GRN+LNP+ON,GRN,20,185090.0,0.23828097557352748,0.5591646634615385,0.5192307692307693,0.4577291655395393,0.5045761071038866,-0.05458855635765192,0.18464866275712416
24.4,KALKALLO,OTH,ALP+LNP+ON,full AEC row,ALP+GRN+LNP+ON,GRN,20,185090.0,0.23828097557352748,0.6187470518867926,0.5754716981132076,0.4577291655395393,0.5474158925850561,-0.0713311593017365,0.13773702324864975
24.4,CLARINDA,OTH,ALP+IND+LNP+ON,ideology prior,ALP+GRN+IND+LNP+ON,GRN,11,70114.0,0.1685143252196809,0.4859955907705552,0.4469180239962352,0.4012592498333499,0.43922386647781875,-0.04677172429273646,0.05855440673174145
24.4,MULGRAVE,OTH,ALP+IND+LNP+ON,ideology prior,ALP+GRN+IND+LNP+ON,GRN,11,70114.0,0.1685143252196809,0.4894210255634981,0.4384242451997535,0.4012592498333499,0.43216141108379147,-0.05725961447970662,0.04887357167943103
24.4,CRANBOURNE,OTH,ALP+LNP+ON,full AEC row,ALP+GRN+LNP+ON,GRN,20,185090.0,0.23828097557352748,0.5638251201923077,0.5192307692307693,0.4577291655395393,0.5045761071038866,-0.05924901308842112,0.1535513741326514
24.4,DANDENONG,OTH,ALP+LNP+ON,full AEC row,ALP+GRN+LNP+ON,GRN,20,185090.0,0.23828097557352748,0.5610937500000001,0.5192307692307693,0.4577291655395393,0.5045761071038866,-0.056517642896113496,0.12083904801455851
24.4,NARRE WARREN NORTH,OTH,ALP+LNP+ON,full AEC row,ALP+GRN+LNP+ON,GRN,20,185090.0,0.23828097557352748,0.5660787259615385,0.5192307692307693,0.4577291655395393,0.5045761071038866,-0.06150261885765196,0.1289769049134301
24.4,NARRE WARREN SOUTH,OTH,ALP+LNP+ON,full AEC row,ALP+GRN+LNP+ON,GRN,20,185090.0,0.23828097557352748,0.5676832932692308,0.5192307692307693,0.4577291655395393,0.5045761071038866,-0.06310718616534428,0.12476206100244351
24.4,FRANKSTON,OTH,ALP+LNP+ON,full AEC row,ALP+GRN+LNP+ON,GRN,20,185090.0,0.23828097557352748,0.5657091346153846,0.5192307692307693,0.4577291655395393,0.5045761071038866,-0.06113302751149807,0.12325147862365259
24.4,CARRUM,OTH,ALP+LNP+ON,ideology prior,ALP+GRN+LNP+ON,GRN,20,185090.0,0.23828097557352748,0.6680983657630658,0.6269114063479294,0.4577291655395393,0.5865984969583907,-0.08149986880467508,0.08098834725750012
24.4,FOOTSCRAY,OTH,ALP+GRN+ON,ideology prior,ALP+GRN+LNP+ON,LNP,20,185090.0,0.23828097557352748,0.2587968934191429,0.23882215769614934,0.443148114910322,0.28750914611613726,0.028712252696994345,0.14885294398555346
24.4,NIDDRIE,OTH,ALP+LNP+ON,ideology prior,ALP+GRN+LNP+ON,GRN,20,185090.0,0.23828097557352748,0.5499629369437452,0.505103616430065,0.4577291655395393,0.49381518605461033,-0.05614775088913487,0.09985100663996975
24.4,ST ALBANS,OTH,ALP+LNP+ON,ideology prior,ALP+GRN+LNP+ON,GRN,20,185090.0,0.23828097557352748,0.5538294527751996,0.5085542073391178,0.4577291655395393,0.49644356679554896,-0.05738588597965061,0.1628442140071785
24.4,POINT COOK,OTH,ALP+LNP+ON,ideology prior,ALP+GRN+LNP+ON,GRN,20,185090.0,0.23828097557352748,0.6251149460477288,0.5906129622496148,0.4577291655395393,0.5589492815316237,-0.06616566451610506,0.1319320119759426
24.4,SYDENHAM,OTH,ALP+LNP+ON,full AEC row,ALP+GRN+LNP+ON,GRN,20,185090.0,0.23828097557352748,0.5599128605769231,0.5192307692307693,0.4577291655395393,0.5045761071038866,-0.05533675347303657,0.14922199793097915
24.4,TARNEIT,OTH,ALP+LNP+ON,ideology prior,ALP+GRN+LNP+ON,GRN,20,185090.0,0.23828097557352748,0.6177490654498624,0.5806596617386539,0.4577291655395393,0.5513676631765911,-0.06638140227327127,0.1297027486834074
24.4,SUNBURY,OTH,ALP+LNP+ON,ideology prior,ALP+GRN+LNP+ON,GRN,20,185090.0,0.23828097557352748,0.6610928837586204,0.6199746157758931,0.4577291655395393,0.5813146116112085,-0.07977827214741195,0.09549947917269073
24.4,WERRIBEE,OTH,ALP+LNP+ON,ideology prior,ALP+GRN+LNP+ON,GRN,20,185090.0,0.23828097557352748,0.6679178923094685,0.6313945975610367,0.4577291655395393,0.5900134289955561,-0.07790446331391243,0.12000332444298586
24.4,PAKENHAM,OTH,ALP+LNP+ON,ideology prior,ALP+GRN+LNP+ON,GRN,20,185090.0,0.23828097557352748,0.6677322805989337,0.627997268121148,0.4577291655395393,0.5874256185289488,-0.08030666206998494,0.13308143205860898
24.4,MORWELL,OTH,ALP+LNP+ON,full AEC row,ALP+GRN+LNP+ON,GRN,20,185090.0,0.23828097557352748,0.5893203125,0.5283018867924529,0.4577291655395393,0.51148574992343,-0.07783456257657007,0.129883297214706
24.4,GIPPSLAND SOUTH,OTH,ALP+LNP+ON,ideology prior,ALP+GRN+LNP+ON,GRN,20,185090.0,0.23828097557352748,0.7110797156873923,0.6728538626228844,0.4577291655395393,0.6215937399319053,-0.089485975755487,0.05890075760601294
24.4,BASS,OTH,ALP+LNP+ON,ideology prior,ALP+GRN+LNP+ON,GRN,20,185090.0,0.23828097557352748,0.6956493851930479,0.6509563112574898,0.4577291655395393,0.6049139584685284,-0.09073542672451951,0.08822581258490204
24.4,HASTINGS,OTH,ALP+LNP+ON,ideology prior,ALP+GRN+LNP+ON,GRN,20,185090.0,0.23828097557352748,0.706332570128735,0.6670732676414495,0.4577291655395393,0.6171905507620422,-0.08914201936669275,0.08710186452156046
24.4,YAN YEAN,OTH,ALP+LNP+ON,full AEC row,ALP+GRN+LNP+ON,GRN,20,185090.0,0.23828097557352748,0.6201002358490567,0.5754716981132076,0.4577291655395393,0.5474158925850561,-0.07268434326400064,0.15116171429714098
24.4,BENDIGO WEST,OTH,ALP+LNP+ON,ideology prior,ALP+GRN+LNP+ON,GRN,20,185090.0,0.23828097557352748,0.628214720976031,0.5779758337647535,0.4577291655395393,0.5493233403505832,-0.07889138062544787,0.11788089855611314
24.4,EUROA,OTH,ALP+LNP+ON,full AEC row,ALP+GRN+LNP+ON,GRN,20,185090.0,0.23828097557352748,0.68346875,0.6363636363636364,0.4577291655395393,0.5937984403846097,-0.08967030961539024,0.07497945720563062
24.4,LARA,OTH,ALP+LNP+ON,ideology prior,ALP+GRN+LNP+ON,GRN,20,185090.0,0.23828097557352748,0.6593974238602006,0.6179407919736973,0.4577291655395393,0.5797654093287445,-0.07963201453145607,0.11074843949337738
24.4,MELTON,OTH,ALP+IND+LNP+ON,ideology prior,ALP+GRN+IND+LNP+ON,GRN,11,70114.0,0.1685143252196809,0.5834782916505475,0.5453411115800333,0.4012592498333499,0.5210612538713956,-0.062417037779151974,0.1288298473255368
24.4,WENDOUREE,OTH,ALP+LNP+ON,ideology prior,ALP+GRN+LNP+ON,GRN,20,185090.0,0.23828097557352748,0.6321574734857772,0.5841396914017606,0.4577291655395393,0.5540184679765479,-0.07813900550922936,0.08541608847803665
24.4,SOUTH BARWON,OTH,ALP+LNP+ON,ideology prior,ALP+GRN+LNP+ON,GRN,20,185090.0,0.23828097557352748,0.6346811627978111,0.5863314886642127,0.4577291655395393,0.5556880016490435,-0.07899316114876753,0.11099848373251656
24.4,EUREKA,OTH,ALP+LNP+ON,ideology prior,ALP+GRN+LNP+ON,GRN,20,185090.0,0.23828097557352748,0.704336873942371,0.6650135435273103,0.4577291655395393,0.6156216197192323,-0.08871525422313864,0.11433479885668672
24.4,RIPON,OTH,ALP+LNP+ON,full AEC row,ALP+GRN+LNP+ON,GRN,20,185090.0,0.23828097557352748,0.6758664772727273,0.6363636363636364,0.4577291655395393,0.5937984403846097,-0.08206803688811759,0.1438512904804937
24.4,LOWAN,OTH,ALP+LNP+ON,ideology prior,ALP+GRN+LNP+ON,GRN,20,185090.0,0.23828097557352748,0.7111700657332027,0.6711627908706831,0.4577291655395393,0.6203056184065834,-0.09086444732661936,0.0766785048780629
24.4,SOUTH-WEST COAST,OTH,ALP+IND+LNP+ON,ideology prior,ALP+GRN+IND+LNP+ON,GRN,11,70114.0,0.1685143252196809,0.627879776541353,0.5899109783349887,0.4012592498333499,0.5581204596050087,-0.0697593169363443,0.05179938713331673
