ONLevel,EvidenceBacked,Basis,Eliminated,AliveSet,Rounds,Districts,SiphonRounds,MeanSiphonTVD,MaximumSiphonTVD
10.0,False,full AEC row,IND,ALP+GRN+LNP+ON+OTH,39,39,39,0.08045547140374824,0.09820212264150943
10.0,False,ideology prior,ON,ALP+LNP+OTH,20,20,0,0.0,0.0
10.0,False,ideology prior,GRN,ALP+LNP+ON+OTH,17,17,0,1.469412826709766e-17,9.020562075079397e-17
10.0,False,ideology prior,IND,ALP+GRN+LNP+ON+OTH,15,15,15,0.06289834952047625,0.07233565
10.0,False,full AEC row,GRN,ALP+LNP+ON+OTH,14,14,0,1.6851599480917553e-17,9.71445146547012e-17
10.0,False,ideology prior,OTH,ALP+LNP+ON,11,11,11,0.04133373558140252,0.04801778208401662
10.0,False,ideology prior,GRN,ALP+IND+LNP+ON+OTH,8,8,0,1.0408340855860843e-17,8.326672684688674e-17
10.0,False,full AEC row,ON,ALP+GRN+IND+LNP+OTH,6,6,0,0.0,0.0
10.0,False,ideology prior,OTH,ALP+IND+LNP+ON,5,5,5,0.04543730574995176,0.05846024305555554
10.0,False,ON special prior,ALP,LNP+ON,4,4,0,0.0,0.0
10.0,False,full AEC row,GRN,ALP+IND+LNP+ON+OTH,4,4,0,4.163336342344337e-17,9.71445146547012e-17
10.0,False,full AEC row,OTH,ALP+LNP+ON,4,4,4,0.04964168029052316,0.06101842570754716
10.0,False,full AEC row,ALP,IND+LNP+ON,3,3,3,0.049827546906016186,0.062299113175675686
10.0,False,ideology prior,IND,ALP+LNP+ON+OTH,3,3,3,0.07942123819790281,0.08989008015041075
10.0,False,ideology prior,ON,IND+LNP,3,3,0,0.0,0.0
10.0,False,ideology prior,IND,ALP+GRN+LNP+ON,2,2,2,0.05408230867014308,0.055339705882352944
10.0,False,ideology prior,ON,ALP+IND+LNP+OTH,2,2,0,0.0,0.0
10.0,False,ON special prior,LNP,ALP+ON,1,1,0,0.0,0.0
10.0,False,full AEC row,IND,ALP+LNP+ON,1,1,1,0.06878437500000002,0.06878437500000002
10.0,False,full AEC row,IND,ALP+LNP+ON+OTH,1,1,1,0.0866272110849056,0.0866272110849056
10.0,False,full AEC row,OTH,ALP+IND+LNP+ON,1,1,1,0.04518914473684211,0.04518914473684211
10.0,True,federal ON evidence trial,ON,ALP+LNP,22,22,0,0.0,0.0
10.0,True,federal ON evidence trial,OTH,ALP+GRN+LNP+ON,19,19,0,1.1686558153949016e-17,8.326672684688674e-17
10.0,True,federal ON evidence trial,ON,ALP+GRN+LNP+OTH,16,16,0,0.0,0.0
10.0,True,federal ON evidence trial,GRN,ALP+LNP+ON,11,11,0,1.5139404881252134e-17,8.326672684688674e-17
10.0,True,federal ON evidence trial,ON,ALP+GRN+LNP,10,10,0,0.0,0.0
10.0,True,federal ON evidence trial,ON,ALP+IND+LNP,4,4,0,0.0,0.0
10.0,True,federal ON evidence trial,OTH,ALP+GRN+IND+LNP+ON,4,4,0,3.469446951953614e-17,7.632783294297951e-17
10.0,True,federal ON evidence trial,GRN,ALP+IND+LNP+ON,2,2,0,0.0,0.0
20.0,False,full AEC row,IND,ALP+GRN+LNP+ON+OTH,29,29,29,0.07929883106884991,0.09792976080992995
20.0,False,ON special prior,LNP,ALP+ON,25,25,0,0.0,0.0
20.0,False,ideology prior,OTH,ALP+LNP+ON,20,20,20,0.04171514972352515,0.0502388872112776
20.0,False,ideology prior,GRN,ALP+LNP+ON+OTH,19,19,0,1.716463228861262e-17,9.020562075079397e-17
20.0,False,full AEC row,GRN,ALP+LNP+ON+OTH,14,14,0,1.6851599480917553e-17,9.71445146547012e-17
20.0,False,full AEC row,OTH,ALP+LNP+ON,14,14,14,0.04574304248228188,0.06101842570754716
20.0,False,ideology prior,IND,ALP+GRN+LNP+ON+OTH,14,14,14,0.06263960727663416,0.07233565
20.0,False,ON special prior,ALP,LNP+ON,9,9,0,0.0,0.0
20.0,False,ideology prior,GRN,ALP+IND+LNP+ON+OTH,9,9,0,1.850371707708594e-17,8.326672684688674e-17
20.0,False,ideology prior,LNP,ALP+GRN+ON+OTH,6,6,6,0.03936418181818179,0.04024506818181814
20.0,False,ideology prior,OTH,ALP+GRN+ON,6,6,6,0.01817613465369607,0.020310795233106693
20.0,False,ideology prior,IND,ALP+LNP+ON+OTH,5,5,5,0.08108408771673309,0.09668648812026914
20.0,False,full AEC row,GRN,ALP+IND+LNP+ON+OTH,4,4,0,4.163336342344337e-17,9.71445146547012e-17
20.0,False,ideology prior,ON,ALP+GRN,4,4,0,0.0,0.0
20.0,False,ideology prior,ON,IND+LNP,4,4,0,0.0,0.0
20.0,False,ideology prior,OTH,ALP+IND+LNP+ON,4,4,4,0.04154508135373576,0.05099678036374461
20.0,False,ON special prior,OTH,ALP+ON,3,3,0,0.0,0.0
20.0,False,ideology prior,LNP,ALP+ON+OTH,3,3,3,0.052606837606837674,0.05260683760683767
20.0,False,ON special prior,GRN,ALP+ON,2,2,0,0.0,0.0
20.0,False,ON special prior,IND,ALP+ON,2,2,0,0.0,0.0
20.0,False,full AEC row,ALP,IND+LNP+ON,2,2,2,0.04308156421781953,0.045989141949152545
20.0,False,full AEC row,IND,ALP+GRN+LNP+ON,2,2,2,0.044775427477153656,0.050418354954307305
20.0,False,full AEC row,IND,ALP+LNP+ON,2,2,2,0.06974423076923078,0.07070408653846155
20.0,False,ideology prior,ALP,IND+LNP+ON+OTH,2,2,2,0.06295313493710872,0.06993142877252254
20.0,False,ideology prior,IND,ALP+GRN+LNP+ON,2,2,2,0.05408230867014308,0.055339705882352944
20.0,False,ideology prior,OTH,IND+LNP+ON,2,2,2,0.05022778416077954,0.059019984003924345
20.0,False,ON special prior,IND,LNP+ON,1,1,0,0.0,0.0
20.0,False,ON special prior,OTH,LNP+ON,1,1,0,0.0,0.0
20.0,False,full AEC row,IND,ALP+LNP+ON+OTH,1,1,1,0.0866272110849056,0.0866272110849056
20.0,False,full AEC row,LNP,ALP+IND+ON,1,1,1,0.02906829545454548,0.02906829545454548
20.0,False,full AEC row,OTH,ALP+IND+LNP+ON,1,1,1,0.04518914473684211,0.04518914473684211
20.0,False,ideology prior,ALP,IND+LNP+ON,1,1,1,0.04947828389830511,0.04947828389830511
20.0,False,ideology prior,ALP,LNP+ON+OTH,1,1,1,0.07167949507389165,0.07167949507389165
20.0,False,ideology prior,IND,ALP+GRN+ON+OTH,1,1,1,0.03670396830533887,0.03670396830533887
20.0,False,ideology prior,LNP,ALP+GRN+IND+ON+OTH,1,1,1,0.03688429687500001,0.03688429687500001
20.0,False,ideology prior,LNP,ALP+IND+ON,1,1,1,0.023913461538461564,0.023913461538461564
20.0,False,ideology prior,ON,ALP+GRN+OTH,1,1,0,0.0,0.0
20.0,False,ideology prior,ON,ALP+LNP+OTH,1,1,0,0.0,0.0
20.0,True,federal ON evidence trial,OTH,ALP+GRN+LNP+ON,27,27,0,8.22387425648264e-18,8.326672684688674e-17
20.0,True,federal ON evidence trial,ON,ALP+LNP,25,25,0,0.0,0.0
20.0,True,federal ON evidence trial,GRN,ALP+LNP+ON,23,23,0,1.0559186375511e-17,8.326672684688674e-17
20.0,True,federal ON evidence trial,ON,ALP+GRN+LNP,8,8,0,0.0,0.0
20.0,True,federal ON evidence trial,OTH,ALP+GRN+IND+LNP+ON,7,7,0,3.023375200988149e-17,7.632783294297951e-17
20.0,True,federal ON evidence trial,GRN,ALP+IND+LNP+ON,3,3,0,0.0,0.0
20.0,True,federal ON evidence trial,ON,ALP+GRN+IND+LNP,1,1,0,0.0,0.0
20.0,True,federal ON evidence trial,ON,ALP+IND+LNP,1,1,0,0.0,0.0
24.4,False,ON special prior,LNP,ALP+ON,33,33,0,0.0,0.0
24.4,False,full AEC row,IND,ALP+GRN+LNP+ON+OTH,27,27,27,0.07940162102294229,0.09792976080992995
24.4,False,ideology prior,GRN,ALP+LNP+ON+OTH,19,19,0,1.716463228861262e-17,9.020562075079397e-17
24.4,False,ideology prior,OTH,ALP+LNP+ON,19,19,19,0.04152250097776297,0.0502388872112776
24.4,False,full AEC row,GRN,ALP+LNP+ON+OTH,14,14,0,1.6851599480917553e-17,9.71445146547012e-17
24.4,False,ideology prior,IND,ALP+GRN+LNP+ON+OTH,14,14,14,0.06263960727663416,0.07233565
24.4,False,full AEC row,OTH,ALP+LNP+ON,13,13,13,0.04563805344918145,0.06101842570754716
24.4,False,ON special prior,ALP,LNP+ON,11,11,0,0.0,0.0
24.4,False,ideology prior,GRN,ALP+IND+LNP+ON+OTH,9,9,0,1.850371707708594e-17,8.326672684688674e-17
24.4,False,ideology prior,OTH,ALP+GRN+ON,7,7,7,0.018371004551147214,0.020310795233106693
24.4,False,ideology prior,LNP,ALP+GRN+ON+OTH,6,6,6,0.03936418181818179,0.04024506818181814
24.4,False,ideology prior,IND,ALP+LNP+ON+OTH,5,5,5,0.08108408771673309,0.09668648812026914
24.4,False,ideology prior,ON,ALP+GRN,5,5,0,0.0,0.0
24.4,False,ON special prior,OTH,ALP+ON,4,4,0,0.0,0.0
24.4,False,ideology prior,LNP,ALP+ON+OTH,4,4,4,0.05260683760683767,0.05260683760683767
24.4,False,ideology prior,OTH,ALP+IND+LNP+ON,4,4,4,0.04154508135373576,0.05099678036374461
24.4,False,ON special prior,OTH,LNP+ON,3,3,0,0.0,0.0
24.4,False,full AEC row,GRN,ALP+IND+LNP+ON+OTH,3,3,0,5.551115123125783e-17,9.71445146547012e-17
24.4,False,ideology prior,ALP,IND+LNP+ON+OTH,3,3,3,0.06110651262756401,0.06993142877252254
24.4,False,ideology prior,ALP,LNP+ON+OTH,3,3,3,0.07167949507389165,0.07167949507389165
24.4,False,ideology prior,OTH,IND+LNP+ON,3,3,3,0.04910281535384542,0.059019984003924345
24.4,False,ON special prior,GRN,ALP+ON,2,2,0,0.0,0.0
24.4,False,ON special prior,IND,ALP+ON,2,2,0,0.0,0.0
24.4,False,ON special prior,IND,LNP+ON,2,2,0,0.0,0.0
24.4,False,full AEC row,IND,ALP+GRN+LNP+ON,2,2,2,0.044775427477153656,0.050418354954307305
24.4,False,full AEC row,IND,ALP+LNP+ON,2,2,2,0.06974423076923078,0.07070408653846155
24.4,False,ideology prior,IND,ALP+GRN+LNP+ON,2,2,2,0.05408230867014308,0.055339705882352944
24.4,False,ideology prior,ON,IND+LNP,2,2,0,0.0,0.0
24.4,False,full AEC row,ALP,IND+LNP+ON,1,1,1,0.04017398648648651,0.04017398648648651
24.4,False,full AEC row,IND,ALP+LNP+ON+OTH,1,1,1,0.0866272110849056,0.0866272110849056
24.4,False,full AEC row,LNP,ALP+IND+ON,1,1,1,0.02906829545454548,0.02906829545454548
24.4,False,ideology prior,ALP,IND+LNP+ON,1,1,1,0.04947828389830511,0.04947828389830511
24.4,False,ideology prior,IND,ALP+GRN+ON+OTH,1,1,1,0.03670396830533887,0.03670396830533887
24.4,False,ideology prior,LNP,ALP+GRN+IND+ON+OTH,1,1,1,0.03688429687500001,0.03688429687500001
24.4,False,ideology prior,LNP,ALP+IND+ON,1,1,1,0.023913461538461564,0.023913461538461564
24.4,False,ideology prior,LNP,IND+ON,1,1,1,0.019687500000000024,0.019687500000000024
24.4,True,federal ON evidence trial,GRN,ALP+LNP+ON,27,27,0,8.994862468027889e-18,8.326672684688674e-17
24.4,True,federal ON evidence trial,OTH,ALP+GRN+LNP+ON,27,27,0,8.22387425648264e-18,8.326672684688674e-17
24.4,True,federal ON evidence trial,ON,ALP+LNP,17,17,0,0.0,0.0
24.4,True,federal ON evidence trial,OTH,ALP+GRN+IND+LNP+ON,7,7,0,3.023375200988149e-17,7.632783294297951e-17
24.4,True,federal ON evidence trial,ON,ALP+GRN+LNP,4,4,0,0.0,0.0
24.4,True,federal ON evidence trial,GRN,ALP+IND+LNP+ON,3,3,0,0.0,0.0
24.4,True,federal ON evidence trial,ON,ALP+GRN+IND+LNP,1,1,0,0.0,0.0
24.4,True,federal ON evidence trial,ON,ALP+IND+LNP,1,1,0,0.0,0.0
