district,region,held_by,winner,runner_up,winner_pct,runner_up_pct,margin,matchup,elimination_order,ALP_2PP,LNP_2PP,forced_2pp_elimination_order,ALP_ON_2CP,ON_ALP_2CP,forced_alp_on_2cp_elimination_order,region_reference,held_by_reference,winner_reference,runner_up_reference,winner_pct_reference,runner_up_pct_reference,margin_reference,matchup_reference,elimination_order_reference,ALP_2PP_reference,LNP_2PP_reference,forced_2pp_elimination_order_reference,ALP_ON_2CP_reference,ON_ALP_2CP_reference,forced_alp_on_2cp_elimination_order_reference,Scenario,Variant,WinnerChanged,ALP_2PP_change_pp
Ashwood,Southern Metro,ALP,LNP,ALP,0.5153870251379621,0.48461297486203797,0.015387025137962085,LNP-ALP,OTH>IND>ON>GRN,0.48461297486203797,0.5153870251379621,OTH>IND>ON>GRN,0.618237628393637,0.38176237160636306,OTH>IND>GRN>LNP,Southern Metro,ALP,LNP,ALP,0.5153870251379621,0.48461297486203797,0.015387025137962085,LNP-ALP,OTH>IND>ON>GRN,0.48461297486203797,0.5153870251379621,OTH>IND>ON>GRN,0.618237628393637,0.38176237160636306,OTH>IND>GRN>LNP,Lower ON,Stored OTH,False,0.0
Morwell,Eastern Victoria,LNP,LNP,ON,0.5052190466433646,0.49478095335663536,0.005219046643364589,LNP-ON,GRN>OTH>IND>ALP,0.37097873215742266,0.6290212678425774,GRN>OTH>IND>ON,0.3491174190974448,0.6508825809025551,GRN>OTH>IND>LNP,Eastern Victoria,LNP,LNP,ON,0.5052190466433646,0.49478095335663536,0.005219046643364589,LNP-ON,GRN>OTH>IND>ALP,0.37097873215742266,0.6290212678425774,GRN>OTH>IND>ON,0.3491174190974448,0.6508825809025551,GRN>OTH>IND>LNP,Lower ON,Stored OTH,False,0.0
Pakenham,Eastern Victoria,ALP,LNP,ON,0.5384271445495517,0.4615728554504483,0.03842714454955165,LNP-ON,GRN>IND>OTH>ALP,0.40532858497018237,0.5946714150298176,GRN>IND>OTH>ON,0.384254065741987,0.6157459342580129,GRN>IND>OTH>LNP,Eastern Victoria,ALP,LNP,ON,0.5384271445495517,0.4615728554504483,0.03842714454955165,LNP-ON,GRN>IND>OTH>ALP,0.40532858497018237,0.5946714150298176,GRN>IND>OTH>ON,0.384254065741987,0.6157459342580129,GRN>IND>OTH>LNP,Lower ON,Stored OTH,False,0.0
Pascoe Vale,Northern Metro,ALP,ALP,GRN,0.5081433220391108,0.49185667796088917,0.008143322039110834,ALP-GRN,OTH>IND>LNP>ON,0.6288811726390314,0.3711188273609686,OTH>IND>ON>GRN,0.6778316893919472,0.32216831060805284,OTH>IND>LNP>GRN,Northern Metro,ALP,ALP,GRN,0.5081433220391108,0.49185667796088917,0.008143322039110834,ALP-GRN,OTH>IND>LNP>ON,0.6288811726390314,0.3711188273609686,OTH>IND>ON>GRN,0.6778316893919472,0.32216831060805284,OTH>IND>LNP>GRN,Lower ON,Stored OTH,False,0.0
Yan Yean,Northern Victoria,ALP,LNP,ALP,0.5250806495581728,0.4749193504418273,0.025080649558172796,LNP-ALP,IND>GRN>OTH>ON,0.4749193504418273,0.5250806495581728,IND>GRN>OTH>ON,0.46173996792438815,0.5382600320756118,IND>GRN>OTH>LNP,Northern Victoria,ALP,LNP,ALP,0.5250806495581728,0.4749193504418273,0.025080649558172796,LNP-ALP,IND>GRN>OTH>ON,0.4749193504418273,0.5250806495581728,IND>GRN>OTH>ON,0.46173996792438815,0.5382600320756118,IND>GRN>OTH>LNP,Lower ON,Stored OTH,False,0.0
Ashwood,Southern Metro,ALP,LNP,ALP,0.5153888508589349,0.4846111491410652,0.015388850858934933,LNP-ALP,OTH>IND>ON>GRN,0.4846111491410652,0.5153888508589349,OTH>IND>ON>GRN,0.6182828975728845,0.38171710242711565,OTH>IND>GRN>LNP,Southern Metro,ALP,LNP,ALP,0.5153870251379621,0.48461297486203797,0.015387025137962085,LNP-ALP,OTH>IND>ON>GRN,0.48461297486203797,0.5153870251379621,OTH>IND>ON>GRN,0.618237628393637,0.38176237160636306,OTH>IND>GRN>LNP,Lower ON,PARAMS OTH,False,-0.00018257209727923218
Morwell,Eastern Victoria,LNP,LNP,ON,0.5052190466433646,0.49478095335663536,0.005219046643364589,LNP-ON,GRN>OTH>IND>ALP,0.37097873215742266,0.6290212678425774,GRN>OTH>IND>ON,0.3491174190974448,0.6508825809025551,GRN>OTH>IND>LNP,Eastern Victoria,LNP,LNP,ON,0.5052190466433646,0.49478095335663536,0.005219046643364589,LNP-ON,GRN>OTH>IND>ALP,0.37097873215742266,0.6290212678425774,GRN>OTH>IND>ON,0.3491174190974448,0.6508825809025551,GRN>OTH>IND>LNP,Lower ON,PARAMS OTH,False,0.0
Pakenham,Eastern Victoria,ALP,LNP,ON,0.5409338391344319,0.459066160865568,0.04093383913443194,LNP-ON,GRN>IND>OTH>ALP,0.4053334749264435,0.5946665250735564,GRN>IND>OTH>ON,0.3860516607293472,0.6139483392706527,GRN>IND>OTH>LNP,Eastern Victoria,ALP,LNP,ON,0.5384271445495517,0.4615728554504483,0.03842714454955165,LNP-ON,GRN>IND>OTH>ALP,0.40532858497018237,0.5946714150298176,GRN>IND>OTH>ON,0.384254065741987,0.6157459342580129,GRN>IND>OTH>LNP,Lower ON,PARAMS OTH,False,0.0004889956261133754
Pascoe Vale,Northern Metro,ALP,ALP,GRN,0.5079106852991956,0.49208931470080436,0.007910685299195586,ALP-GRN,OTH>IND>LNP>ON,0.628844451490282,0.371155548509718,OTH>IND>ON>GRN,0.6792372019327984,0.32076279806720165,OTH>IND>LNP>GRN,Northern Metro,ALP,ALP,GRN,0.5081433220391108,0.49185667796088917,0.008143322039110834,ALP-GRN,OTH>IND>LNP>ON,0.6288811726390314,0.3711188273609686,OTH>IND>ON>GRN,0.6778316893919472,0.32216831060805284,OTH>IND>LNP>GRN,Lower ON,PARAMS OTH,False,-0.003672114874941901
Yan Yean,Northern Victoria,ALP,LNP,ALP,0.5248693474583178,0.47513065254168213,0.024869347458317814,LNP-ALP,IND>GRN>OTH>ON,0.47513065254168213,0.5248693474583178,IND>GRN>OTH>ON,0.46508889407787635,0.5349111059221238,IND>GRN>OTH>LNP,Northern Victoria,ALP,LNP,ALP,0.5250806495581728,0.4749193504418273,0.025080649558172796,LNP-ALP,IND>GRN>OTH>ON,0.4749193504418273,0.5250806495581728,IND>GRN>OTH>ON,0.46173996792438815,0.5382600320756118,IND>GRN>OTH>LNP,Lower ON,PARAMS OTH,False,0.02113020998548154
Ashwood,Southern Metro,ALP,LNP,ALP,0.520456623719556,0.479543376280444,0.020456623719556033,LNP-ALP,OTH>IND>ON>GRN,0.479543376280444,0.520456623719556,OTH>IND>ON>GRN,0.6102778904604786,0.38972210953952136,OTH>IND>GRN>LNP,Southern Metro,ALP,LNP,ALP,0.520456623719556,0.479543376280444,0.020456623719556033,LNP-ALP,OTH>IND>ON>GRN,0.479543376280444,0.520456623719556,OTH>IND>ON>GRN,0.6102778904604786,0.38972210953952136,OTH>IND>GRN>LNP,Central,Stored OTH,False,0.0
Morwell,Eastern Victoria,LNP,ON,LNP,0.5188863952055165,0.48111360479448356,0.018886395205516493,ON-LNP,GRN>OTH>IND>ALP,0.359905798616679,0.6400942013833211,GRN>OTH>IND>ON,0.3321890992543075,0.6678109007456925,GRN>OTH>IND>LNP,Eastern Victoria,LNP,ON,LNP,0.5188863952055165,0.48111360479448356,0.018886395205516493,ON-LNP,GRN>OTH>IND>ALP,0.359905798616679,0.6400942013833211,GRN>OTH>IND>ON,0.3321890992543075,0.6678109007456925,GRN>OTH>IND>LNP,Central,Stored OTH,False,0.0
Pakenham,Eastern Victoria,ALP,LNP,ON,0.52183888144792,0.47816111855208004,0.02183888144792001,LNP-ON,IND>GRN>OTH>ALP,0.39479835541413794,0.6052016445858621,IND>GRN>OTH>ON,0.37187463574252116,0.6281253642574789,IND>GRN>OTH>LNP,Eastern Victoria,ALP,LNP,ON,0.52183888144792,0.47816111855208004,0.02183888144792001,LNP-ON,IND>GRN>OTH>ALP,0.39479835541413794,0.6052016445858621,IND>GRN>OTH>ON,0.37187463574252116,0.6281253642574789,IND>GRN>OTH>LNP,Central,Stored OTH,False,0.0
Pascoe Vale,Northern Metro,ALP,ALP,GRN,0.5118990910319825,0.48810090896801756,0.0118990910319825,ALP-GRN,OTH>IND>LNP>ON,0.6207292593697057,0.37927074063029437,OTH>IND>ON>GRN,0.6627478503254811,0.33725214967451894,OTH>IND>LNP>GRN,Northern Metro,ALP,ALP,GRN,0.5118990910319825,0.48810090896801756,0.0118990910319825,ALP-GRN,OTH>IND>LNP>ON,0.6207292593697057,0.37927074063029437,OTH>IND>ON>GRN,0.6627478503254811,0.33725214967451894,OTH>IND>LNP>GRN,Central,Stored OTH,False,0.0
Yan Yean,Northern Victoria,ALP,ON,ALP,0.5489448903145236,0.45105510968547635,0.04894489031452365,ON-ALP,IND>GRN>OTH>LNP,0.46578957556366896,0.534210424436331,IND>GRN>OTH>ON,0.45105510968547635,0.5489448903145236,IND>GRN>OTH>LNP,Northern Victoria,ALP,ON,ALP,0.5489448903145236,0.45105510968547635,0.04894489031452365,ON-ALP,IND>GRN>OTH>LNP,0.46578957556366896,0.534210424436331,IND>GRN>OTH>ON,0.45105510968547635,0.5489448903145236,IND>GRN>OTH>LNP,Central,Stored OTH,False,0.0
Ashwood,Southern Metro,ALP,LNP,ALP,0.5204566237195564,0.4795433762804436,0.020456623719556366,LNP-ALP,OTH>IND>ON>GRN,0.4795433762804436,0.5204566237195564,OTH>IND>ON>GRN,0.6102778904604885,0.3897221095395115,OTH>IND>GRN>LNP,Southern Metro,ALP,LNP,ALP,0.520456623719556,0.479543376280444,0.020456623719556033,LNP-ALP,OTH>IND>ON>GRN,0.479543376280444,0.520456623719556,OTH>IND>ON>GRN,0.6102778904604786,0.38972210953952136,OTH>IND>GRN>LNP,Central,PARAMS OTH,False,-4.440892098500626e-14
Morwell,Eastern Victoria,LNP,ON,LNP,0.5188863952055165,0.48111360479448356,0.018886395205516493,ON-LNP,GRN>OTH>IND>ALP,0.359905798616679,0.6400942013833211,GRN>OTH>IND>ON,0.3321890992543075,0.6678109007456925,GRN>OTH>IND>LNP,Eastern Victoria,LNP,ON,LNP,0.5188863952055165,0.48111360479448356,0.018886395205516493,ON-LNP,GRN>OTH>IND>ALP,0.359905798616679,0.6400942013833211,GRN>OTH>IND>ON,0.3321890992543075,0.6678109007456925,GRN>OTH>IND>LNP,Central,PARAMS OTH,False,0.0
Pakenham,Eastern Victoria,ALP,LNP,ON,0.5240033838550002,0.4759966161449998,0.024003383855000227,LNP-ON,IND>GRN>OTH>ALP,0.39479834708011696,0.605201652919883,IND>GRN>OTH>ON,0.3734225340982051,0.626577465901795,IND>GRN>OTH>LNP,Eastern Victoria,ALP,LNP,ON,0.52183888144792,0.47816111855208004,0.02183888144792001,LNP-ON,IND>GRN>OTH>ALP,0.39479835541413794,0.6052016445858621,IND>GRN>OTH>ON,0.37187463574252116,0.6281253642574789,IND>GRN>OTH>LNP,Central,PARAMS OTH,False,-8.334020973332912e-07
Pascoe Vale,Northern Metro,ALP,ALP,GRN,0.5117078672534062,0.48829213274659383,0.011707867253406223,ALP-GRN,OTH>IND>LNP>ON,0.6206990548363502,0.3793009451636497,OTH>IND>ON>GRN,0.6639047518778429,0.3360952481221571,OTH>IND>LNP>GRN,Northern Metro,ALP,ALP,GRN,0.5118990910319825,0.48810090896801756,0.0118990910319825,ALP-GRN,OTH>IND>LNP>ON,0.6207292593697057,0.37927074063029437,OTH>IND>ON>GRN,0.6627478503254811,0.33725214967451894,OTH>IND>LNP>GRN,Central,PARAMS OTH,False,-0.0030204533355449037
Yan Yean,Northern Victoria,ALP,ON,ALP,0.545997956807232,0.45400204319276805,0.045997956807231954,ON-ALP,IND>GRN>OTH>LNP,0.4659678529988974,0.5340321470011026,IND>GRN>OTH>ON,0.45400204319276805,0.545997956807232,IND>GRN>OTH>LNP,Northern Victoria,ALP,ON,ALP,0.5489448903145236,0.45105510968547635,0.04894489031452365,ON-ALP,IND>GRN>OTH>LNP,0.46578957556366896,0.534210424436331,IND>GRN>OTH>ON,0.45105510968547635,0.5489448903145236,IND>GRN>OTH>LNP,Central,PARAMS OTH,False,0.017827743522846884
Ashwood,Southern Metro,ALP,LNP,ALP,0.5254587968327015,0.4745412031672986,0.02545879683270147,LNP-ALP,OTH>IND>ON>GRN,0.4745412031672986,0.5254587968327015,OTH>IND>ON>GRN,0.6011214015767379,0.3988785984232622,OTH>IND>GRN>LNP,Southern Metro,ALP,LNP,ALP,0.5254587968327015,0.4745412031672986,0.02545879683270147,LNP-ALP,OTH>IND>ON>GRN,0.4745412031672986,0.5254587968327015,OTH>IND>ON>GRN,0.6011214015767379,0.3988785984232622,OTH>IND>GRN>LNP,Higher ON,Stored OTH,False,0.0
Morwell,Eastern Victoria,LNP,ON,LNP,0.5427934360022338,0.4572065639977661,0.04279343600223384,ON-LNP,GRN>OTH>IND>ALP,0.3480584663476094,0.6519415336523906,GRN>OTH>IND>ON,0.31528158477491597,0.684718415225084,GRN>OTH>IND>LNP,Eastern Victoria,LNP,ON,LNP,0.5427934360022338,0.4572065639977661,0.04279343600223384,ON-LNP,GRN>OTH>IND>ALP,0.3480584663476094,0.6519415336523906,GRN>OTH>IND>ON,0.31528158477491597,0.684718415225084,GRN>OTH>IND>LNP,Higher ON,Stored OTH,False,0.0
Pakenham,Eastern Victoria,ALP,LNP,ON,0.5103475002353389,0.4896524997646612,0.010347500235338924,LNP-ON,IND>OTH>GRN>ALP,0.3831163413091843,0.6168836586908157,IND>OTH>GRN>ON,0.36234995208649123,0.6376500479135089,IND>OTH>GRN>LNP,Eastern Victoria,ALP,LNP,ON,0.5103475002353389,0.4896524997646612,0.010347500235338924,LNP-ON,IND>OTH>GRN>ALP,0.3831163413091843,0.6168836586908157,IND>OTH>GRN>ON,0.36234995208649123,0.6376500479135089,IND>OTH>GRN>LNP,Higher ON,Stored OTH,False,0.0
Pascoe Vale,Northern Metro,ALP,ALP,GRN,0.5157721809654792,0.4842278190345209,0.015772180965479166,ALP-GRN,OTH>IND>LNP>ON,0.6129848946107749,0.3870151053892252,OTH>IND>ON>GRN,0.6476080545528138,0.3523919454471862,OTH>IND>LNP>GRN,Northern Metro,ALP,ALP,GRN,0.5157721809654792,0.4842278190345209,0.015772180965479166,ALP-GRN,OTH>IND>LNP>ON,0.6129848946107749,0.3870151053892252,OTH>IND>ON>GRN,0.6476080545528138,0.3523919454471862,OTH>IND>LNP>GRN,Higher ON,Stored OTH,False,0.0
Yan Yean,Northern Victoria,ALP,ON,ALP,0.559504122141509,0.44049587785849104,0.05950412214150902,ON-ALP,IND>GRN>OTH>LNP,0.45768141873277185,0.5423185812672282,IND>GRN>OTH>ON,0.44049587785849104,0.559504122141509,IND>GRN>OTH>LNP,Northern Victoria,ALP,ON,ALP,0.559504122141509,0.44049587785849104,0.05950412214150902,ON-ALP,IND>GRN>OTH>LNP,0.45768141873277185,0.5423185812672282,IND>GRN>OTH>ON,0.44049587785849104,0.559504122141509,IND>GRN>OTH>LNP,Higher ON,Stored OTH,False,0.0
Ashwood,Southern Metro,ALP,LNP,ALP,0.5254587968327019,0.47454120316729814,0.025458796832701913,LNP-ALP,OTH>IND>ON>GRN,0.47454120316729814,0.5254587968327019,OTH>IND>ON>GRN,0.6011214015767479,0.39887859842325224,OTH>IND>GRN>LNP,Southern Metro,ALP,LNP,ALP,0.5254587968327015,0.4745412031672986,0.02545879683270147,LNP-ALP,OTH>IND>ON>GRN,0.4745412031672986,0.5254587968327015,OTH>IND>ON>GRN,0.6011214015767379,0.3988785984232622,OTH>IND>GRN>LNP,Higher ON,PARAMS OTH,False,-4.440892098500626e-14
Morwell,Eastern Victoria,LNP,ON,LNP,0.5427934360022338,0.4572065639977661,0.04279343600223384,ON-LNP,GRN>OTH>IND>ALP,0.3480584663476094,0.6519415336523906,GRN>OTH>IND>ON,0.31528158477491597,0.684718415225084,GRN>OTH>IND>LNP,Eastern Victoria,LNP,ON,LNP,0.5427934360022338,0.4572065639977661,0.04279343600223384,ON-LNP,GRN>OTH>IND>ALP,0.3480584663476094,0.6519415336523906,GRN>OTH>IND>ON,0.31528158477491597,0.684718415225084,GRN>OTH>IND>LNP,Higher ON,PARAMS OTH,False,0.0
Pakenham,Eastern Victoria,ALP,LNP,ON,0.5117059491905496,0.4882940508094505,0.01170594919054957,LNP-ON,IND>OTH>GRN>ALP,0.383007856180667,0.6169921438193331,IND>OTH>GRN>ON,0.36321104563776496,0.636788954362235,IND>OTH>GRN>LNP,Eastern Victoria,ALP,LNP,ON,0.5103475002353389,0.4896524997646612,0.010347500235338924,LNP-ON,IND>OTH>GRN>ALP,0.3831163413091843,0.6168836586908157,IND>OTH>GRN>ON,0.36234995208649123,0.6376500479135089,IND>OTH>GRN>LNP,Higher ON,PARAMS OTH,False,-0.010848512851729941
Pascoe Vale,Northern Metro,ALP,ALP,GRN,0.5156251765641797,0.48437482343582033,0.01562517656417972,ALP-GRN,OTH>IND>LNP>ON,0.6129616621861008,0.38703833781389924,OTH>IND>ON>GRN,0.648498409757582,0.35150159024241795,OTH>IND>LNP>GRN,Northern Metro,ALP,ALP,GRN,0.5157721809654792,0.4842278190345209,0.015772180965479166,ALP-GRN,OTH>IND>LNP>ON,0.6129848946107749,0.3870151053892252,OTH>IND>ON>GRN,0.6476080545528138,0.3523919454471862,OTH>IND>LNP>GRN,Higher ON,PARAMS OTH,False,-0.002323242467405784
Yan Yean,Northern Victoria,ALP,ON,ALP,0.5570542165556353,0.4429457834443648,0.05705421655563525,ON-ALP,IND>GRN>OTH>LNP,0.457824573137612,0.5421754268623881,IND>GRN>OTH>ON,0.4429457834443648,0.5570542165556353,IND>GRN>OTH>LNP,Northern Victoria,ALP,ON,ALP,0.559504122141509,0.44049587785849104,0.05950412214150902,ON-ALP,IND>GRN>OTH>LNP,0.45768141873277185,0.5423185812672282,IND>GRN>OTH>ON,0.44049587785849104,0.559504122141509,IND>GRN>OTH>LNP,Higher ON,PARAMS OTH,False,0.014315440484014008
