Seat,Round,Excluded holder,Primary origin,Continuing parties,Parcel (% of seat),Source,Origin retention,Federal evidence seats,Federal blend weight,Evidence limitation,ALP flow (%),LNP flow (%),GRN flow (%),ON flow (%),IND flow (%),OTH flow (%)
Bellarine,1,OTH,OTH,ALP+LNP+GRN+ON+IND,2.8895829087661937,federal ON evidence trial,1.0,11.0,0.3370286504376045,"Federal field-specific reconstruction, not state ballot evidence",7.1969453106517545,18.007920291409064,7.273477508157073,51.04614433681436,16.475512552967746,
Bellarine,2,IND,IND,ALP+LNP+GRN+ON,3.698610879230815,full AEC row,1.0,,,Historical non-ON evidence with synthetic ON allocation / generic fallback,17.61897983673065,24.003395628740094,23.583013075956714,34.79461145857255,,
Bellarine,2,IND,OTH,ALP+LNP+GRN+ON,0.4760735948621848,federal ON evidence trial,1.0,20.0,0.476561951146933,"Federal field-specific reconstruction, not state ballot evidence",14.409750865011334,20.2425956496015,17.387060986517294,47.960592498869865,,
Bellarine,3,GRN,GRN,ALP+LNP+ON,13.348901531148913,federal ON evidence trial,1.0,3.0,0.1259445026996503,"Federal field-specific reconstruction, not state ballot evidence",64.47921541295565,21.266373005629752,,14.254411581414605,,
Bellarine,3,GRN,IND,ALP+LNP+ON,0.8722438872777608,ideology prior,1.0,,,Historical non-ON evidence with synthetic ON allocation / generic fallback,29.366910262390284,32.78108051033754,,37.852009227272184,,
Bellarine,3,GRN,OTH,ALP+LNP+ON,0.29294836922805334,ideology prior,1.0,,,Historical non-ON evidence with synthetic ON allocation / generic fallback,14.025684148789505,20.815752039669018,,65.15856381154148,,
Bellarine,4,ON,GRN,ALP+LNP,1.9028073658477225,full AEC row,1.0,,,Historical non-ON evidence with synthetic ON allocation / generic fallback,75.71475420696966,24.28524579303034,,,,
Bellarine,4,ON,ON,ALP+LNP,17.0460292571918,federal ON evidence trial,1.0,3.0,0.12786809700267798,"Federal field-specific reconstruction, not state ballot evidence",19.304221533550557,80.69577846644944,,,,
Bellarine,4,ON,IND,ALP+LNP,1.6170791214895515,posterior scenario,1.0,,,Historical non-ON evidence with synthetic ON allocation / generic fallback,48.522499999999994,51.4775,,,,
Bellarine,4,ON,OTH,ALP+LNP,1.894229329265614,posterior scenario,1.0,,,Historical non-ON evidence with synthetic ON allocation / generic fallback,46.6985,53.301500000000004,,,,
Frankston,1,IND,IND,ALP+LNP+GRN+ON+OTH,2.6035549180099435,full AEC row,1.0,,,Historical non-ON evidence with synthetic ON allocation / generic fallback,8.99594986462561,2.6507328464129483,8.017102420957631,28.100688091492376,,52.23552677651144
Frankston,2,OTH,IND,ALP+LNP+GRN+ON,1.3599806263382646,ideology prior,1.0,,,Historical non-ON evidence with synthetic ON allocation / generic fallback,29.454767214942844,21.936785614719824,23.398348201839976,25.210098968497352,,
Frankston,2,OTH,OTH,ALP+LNP+GRN+ON,7.821317486455158,federal ON evidence trial,1.0,20.0,0.476561951146933,"Federal field-specific reconstruction, not state ballot evidence",14.314688589017265,20.951338509600927,21.386004856999786,43.34796804438203,,
Frankston,3,GRN,GRN,ALP+LNP+ON,13.062052623927423,federal ON evidence trial,1.0,3.0,0.1259445026996503,"Federal field-specific reconstruction, not state ballot evidence",73.67642307048946,17.69851406982352,,8.625062859687025,,
Frankston,3,GRN,IND,ALP+LNP+ON,0.5269426667909279,ideology prior,1.0,,,Historical non-ON evidence with synthetic ON allocation / generic fallback,38.22235576923077,29.878051035502963,,31.899593195266274,,
Frankston,3,GRN,OTH,ALP+LNP+ON,1.6726673375346737,full AEC row,1.0,,,Historical non-ON evidence with synthetic ON allocation / generic fallback,21.02089462543054,24.45131763059701,,54.527787743972446,,
Frankston,4,LNP,LNP,ALP+ON,24.34465372108582,ON special prior,1.0,,,Configured hypothetical final-pair prior,37.0,,,63.0,,
Frankston,4,LNP,GRN,ALP+ON,2.311789221453547,ON special prior,1.0,,,Configured hypothetical final-pair prior,37.0,,,63.0,,
Frankston,4,LNP,IND,ALP+ON,0.5247895186992719,ON special prior,1.0,,,Configured hypothetical final-pair prior,37.0,,,63.0,,
Frankston,4,LNP,OTH,ALP+ON,2.0476599061016842,ON special prior,1.0,,,Configured hypothetical final-pair prior,37.0,,,63.0,,
Narre Warren North,1,IND,IND,ALP+LNP+GRN+ON+OTH,1.2984933245030614,full AEC row,1.0,,,Historical non-ON evidence with synthetic ON allocation / generic fallback,12.80177209973212,18.65369072967466,8.465442338072664,27.127655860063655,,32.951438972456906
Narre Warren North,2,GRN,GRN,ALP+LNP+ON+OTH,8.003348341820521,full AEC row,1.0,,,Historical non-ON evidence with synthetic ON allocation / generic fallback,58.27120709721337,12.21370693251938,,8.653846153846155,,20.86123981642109
Narre Warren North,2,GRN,IND,ALP+LNP+ON+OTH,0.10992320364952946,ideology prior,1.0,,,Historical non-ON evidence with synthetic ON allocation / generic fallback,18.2616569556179,21.457094181951263,,29.331770259131755,,30.949478603299085
Narre Warren North,3,OTH,GRN,ALP+LNP+ON,1.6695976909307395,federal ON evidence trial,1.0,3.0,0.1259445026996503,"Federal field-specific reconstruction, not state ballot evidence",78.31954251632499,11.944332497401017,,9.736124986274008,,
Narre Warren North,3,OTH,IND,ALP+LNP+ON,0.4618928937786252,ideology prior,1.0,,,Historical non-ON evidence with synthetic ON allocation / generic fallback,37.7697832196631,30.144735693740778,,32.08548108659613,,
Narre Warren North,3,OTH,OTH,ALP+LNP+ON,8.936365968399967,full AEC row,1.0,,,Historical non-ON evidence with synthetic ON allocation / generic fallback,20.95915731381751,24.50978888694577,,54.531053799236716,,
Narre Warren North,4,LNP,LNP,ALP+ON,21.72242249666964,ON special prior,1.0,,,Configured hypothetical final-pair prior,37.0,,,63.0,,
Narre Warren North,4,LNP,GRN,ALP+ON,1.176927810832305,ON special prior,1.0,,,Configured hypothetical final-pair prior,37.0,,,63.0,,
Narre Warren North,4,LNP,IND,ALP+ON,0.40503964625090694,ON special prior,1.0,,,Configured hypothetical final-pair prior,37.0,,,63.0,,
Narre Warren North,4,LNP,OTH,ALP+ON,2.1902844330196993,ON special prior,1.0,,,Configured hypothetical final-pair prior,37.0,,,63.0,,
Narre Warren South,1,IND,IND,ALP+LNP+GRN+ON+OTH,0.5232492671401803,full AEC row,1.0,,,Historical non-ON evidence with synthetic ON allocation / generic fallback,12.581733126327832,7.976323745710083,7.430319496649776,27.615480470665148,,44.39614316064716
Narre Warren South,2,GRN,GRN,ALP+LNP+ON+OTH,8.017563264586123,full AEC row,1.0,,,Historical non-ON evidence with synthetic ON allocation / generic fallback,57.0611250553669,9.463521123789837,,8.653846153846155,,24.821507666997107
Narre Warren South,2,GRN,IND,ALP+LNP+ON+OTH,0.03887909231239388,ideology prior,1.0,,,Historical non-ON evidence with synthetic ON allocation / generic fallback,17.980221320758496,12.566714006682659,,29.51413030573099,,39.93893436682786
Narre Warren South,3,OTH,GRN,ALP+LNP+ON,1.990080080425588,federal ON evidence trial,1.0,3.0,0.1259445026996503,"Federal field-specific reconstruction, not state ballot evidence",79.81404906868673,10.145396915430444,,10.040554015882822,,
Narre Warren South,3,OTH,IND,ALP+LNP+ON,0.24783038888765693,ideology prior,1.0,,,Historical non-ON evidence with synthetic ON allocation / generic fallback,38.22235576923077,29.878051035502963,,31.899593195266274,,
Narre Warren South,3,OTH,OTH,ALP+LNP+ON,8.573793813684738,full AEC row,1.0,,,Historical non-ON evidence with synthetic ON allocation / generic fallback,19.10757892373976,26.263414237117555,,54.62900683914269,,
Narre Warren South,4,LNP,LNP,ALP+ON,23.13875261044755,ON special prior,1.0,,,Configured hypothetical final-pair prior,37.0,,,63.0,,
Narre Warren South,4,LNP,GRN,ALP+ON,0.9606453162514149,ON special prior,1.0,,,Configured hypothetical final-pair prior,37.0,,,63.0,,
Narre Warren South,4,LNP,IND,ALP+ON,0.12066876995678846,ON special prior,1.0,,,Configured hypothetical final-pair prior,37.0,,,63.0,,
Narre Warren South,4,LNP,OTH,ALP+ON,2.2517709851243817,ON special prior,1.0,,,Configured hypothetical final-pair prior,37.0,,,63.0,,
Pascoe Vale,1,OTH,OTH,ALP+LNP+GRN+ON+IND,7.1909966298964125,federal ON evidence trial,1.0,11.0,0.3370286504376045,"Federal field-specific reconstruction, not state ballot evidence",13.978256141255152,14.911262247390816,19.459880704839648,34.99180153342636,16.658799373088023,
Pascoe Vale,2,IND,IND,ALP+LNP+GRN+ON,9.38124950513393,ideology prior,1.0,,,Historical non-ON evidence with synthetic ON allocation / generic fallback,28.125991061348486,19.016050342299646,26.729076466264257,26.128882130087618,,
Pascoe Vale,2,IND,OTH,ALP+LNP+GRN+ON,1.1979337014999643,federal ON evidence trial,1.0,20.0,0.476561951146933,"Federal field-specific reconstruction, not state ballot evidence",16.726794266163374,16.518054789295462,28.36868099355314,38.38646995098802,,
Pascoe Vale,3,LNP,LNP,ALP+GRN+ON,14.145322001130294,full AEC row,1.0,,,Historical non-ON evidence with synthetic ON allocation / generic fallback,26.186896624637225,,40.85990608716013,32.95319728820265,,
Pascoe Vale,3,LNP,IND,ALP+GRN+ON,1.7839431286330045,ideology prior,1.0,,,Historical non-ON evidence with synthetic ON allocation / generic fallback,38.50961134344904,,32.46923067013473,29.02115798641623,,
Pascoe Vale,3,LNP,OTH,ALP+GRN+ON,1.2701437108380889,ideology prior,1.0,,,Historical non-ON evidence with synthetic ON allocation / generic fallback,17.708362257291995,,34.68696531153846,47.604672431169554,,
Pascoe Vale,4,ON,LNP,ALP+GRN,4.661335866084001,full AEC row,1.0,,,Historical non-ON evidence with synthetic ON allocation / generic fallback,39.20354432574328,,60.79645567425672,,,
Pascoe Vale,4,ON,ON,ALP+GRN,19.31421932182386,ideology prior,1.0,,,Historical non-ON evidence with synthetic ON allocation / generic fallback,60.28708133971292,,39.71291866028709,,,
Pascoe Vale,4,ON,IND,ALP+GRN,2.9689365792742732,ideology prior,1.0,,,Historical non-ON evidence with synthetic ON allocation / generic fallback,56.03402445507708,,43.96597554492291,,,
Pascoe Vale,4,ON,OTH,ALP+GRN,3.5807514823173467,ideology prior,1.0,,,Historical non-ON evidence with synthetic ON allocation / generic fallback,43.882433356117566,,56.117566643882434,,,
Point Cook,1,OTH,OTH,ALP+LNP+GRN+ON+IND,8.379517037609405,federal ON evidence trial,1.0,11.0,0.3370286504376045,"Federal field-specific reconstruction, not state ballot evidence",12.465906427957938,12.23074667822753,15.46332234296326,45.524991199370966,14.315033351480306,
Point Cook,2,GRN,GRN,ALP+LNP+ON+IND,8.603685045020272,federal ON evidence trial,1.0,3.0,0.12865796972544408,"Federal field-specific reconstruction, not state ballot evidence",64.40617347583543,11.980736186986066,,8.867989255206846,14.74510108197167,
Point Cook,2,GRN,OTH,ALP+LNP+ON+IND,1.2957517303090682,ideology prior,1.0,,,Historical non-ON evidence with synthetic ON allocation / generic fallback,20.00925510734407,13.399974580310737,,49.200087470629605,17.390682841715595,
Point Cook,3,IND,GRN,ALP+LNP+ON,1.2686220566627189,federal ON evidence trial,1.0,3.0,0.1259445026996503,"Federal field-specific reconstruction, not state ballot evidence",55.44546612497281,35.92947101534017,,8.625062859687027,,
Point Cook,3,IND,IND,ALP+LNP+ON,12.20728361485602,ideology prior,1.0,,,Historical non-ON evidence with synthetic ON allocation / generic fallback,36.48154084686636,31.77491026488366,,31.743548888249983,,
Point Cook,3,IND,OTH,ALP+LNP+ON,1.424870732460853,ideology prior,1.0,,,Historical non-ON evidence with synthetic ON allocation / generic fallback,23.035094636861565,15.95730138459905,,61.00760397853938,,
Point Cook,4,LNP,LNP,ALP+ON,18.183439737958533,ON special prior,1.0,,,Configured hypothetical final-pair prior,37.0,,,63.0,,
Point Cook,4,LNP,GRN,ALP+ON,1.4865940017458963,ON special prior,1.0,,,Configured hypothetical final-pair prior,37.0,,,63.0,,
Point Cook,4,LNP,IND,ALP+ON,3.878853414400347,ON special prior,1.0,,,Configured hypothetical final-pair prior,37.0,,,63.0,,
Point Cook,4,LNP,OTH,ALP+ON,1.4258788213339961,ON special prior,1.0,,,Configured hypothetical final-pair prior,37.0,,,63.0,,
Sydenham,1,IND,IND,ALP+LNP+GRN+ON+OTH,0.8049684467052496,ideology prior,1.0,,,Historical non-ON evidence with synthetic ON allocation / generic fallback,25.445497630331754,18.27251184834123,20.098933649289105,24.09774881516588,,12.085308056872037
Sydenham,2,GRN,GRN,ALP+LNP+ON+OTH,7.850019162785079,full AEC row,1.0,,,Historical non-ON evidence with synthetic ON allocation / generic fallback,53.89146772767464,14.040671971706448,,8.653846153846157,,23.414014146772764
Sydenham,2,GRN,IND,ALP+LNP+ON+OTH,0.16179007400100123,ideology prior,1.0,,,Historical non-ON evidence with synthetic ON allocation / generic fallback,31.574218750000004,23.801983173076923,,29.299278846153847,,15.324519230769232
Sydenham,3,OTH,GRN,ALP+LNP+ON,1.8380045972988714,federal ON evidence trial,1.0,3.0,0.1259445026996503,"Federal field-specific reconstruction, not state ballot evidence",77.5120445089881,12.667082277778984,,9.820873213232925,,
Sydenham,3,OTH,IND,ALP+LNP+ON,0.12207646754870644,ideology prior,1.0,,,Historical non-ON evidence with synthetic ON allocation / generic fallback,38.222355769230774,29.878051035502956,,31.89959319526628,,
Sydenham,3,OTH,OTH,ALP+LNP+ON,11.207494163878957,full AEC row,1.0,,,Historical non-ON evidence with synthetic ON allocation / generic fallback,27.28342386088134,18.52009155757221,,54.19648458154644,,
Sydenham,4,LNP,LNP,ALP+ON,23.09063008442479,ON special prior,1.0,,,Configured hypothetical final-pair prior,37.0,,,63.0,,
Sydenham,4,LNP,GRN,ALP+ON,1.3350169949719584,ON special prior,1.0,,,Configured hypothetical final-pair prior,37.0,,,63.0,,
Sydenham,4,LNP,IND,ALP+ON,0.22207127026559378,ON special prior,1.0,,,Configured hypothetical final-pair prior,37.0,,,63.0,,
Sydenham,4,LNP,OTH,ALP+ON,2.0756381804599453,ON special prior,1.0,,,Configured hypothetical final-pair prior,37.0,,,63.0,,
Wendouree,1,IND,IND,ALP+LNP+GRN+ON+OTH,0.7765124416558417,full AEC row,1.0,,,Historical non-ON evidence with synthetic ON allocation / generic fallback,6.349734174749451,14.607810694806417,2.7368657473333506,39.58241036164325,,36.72317902146753
Wendouree,2,OTH,IND,ALP+LNP+GRN+ON,0.2851600540732433,ideology prior,1.0,,,Historical non-ON evidence with synthetic ON allocation / generic fallback,22.823053690197643,25.913883071547456,18.022042213959807,33.2410210242951,,
Wendouree,2,OTH,OTH,ALP+LNP+GRN+ON,4.975674847353235,federal ON evidence trial,1.0,20.0,0.476561951146933,"Federal field-specific reconstruction, not state ballot evidence",14.88514493442212,22.402069313220412,17.489395690276876,45.22339006208059,,
Wendouree,3,GRN,GRN,ALP+LNP+ON,11.602230281786367,federal ON evidence trial,1.0,3.0,0.1259445026996503,"Federal field-specific reconstruction, not state ballot evidence",64.90989485265686,20.835693565928537,,14.254411581414605,,
Wendouree,3,GRN,IND,ALP+LNP+ON,0.07264376836189111,ideology prior,1.0,,,Historical non-ON evidence with synthetic ON allocation / generic fallback,32.54127698657474,32.94129966436865,,34.5174233490566,,
Wendouree,3,GRN,OTH,ALP+LNP+ON,0.8702154623151872,ideology prior,1.0,,,Historical non-ON evidence with synthetic ON allocation / generic fallback,15.18873728721421,23.62781464003489,,61.1834480727509,,
Wendouree,4,LNP,LNP,ALP+ON,24.48593545820313,ON special prior,1.0,,,Configured hypothetical final-pair prior,31.0,,,69.0,,
Wendouree,4,LNP,GRN,ALP+ON,2.4174051483263743,ON special prior,1.0,,,Configured hypothetical final-pair prior,31.0,,,69.0,,
Wendouree,4,LNP,IND,ALP+ON,0.21125731190158661,ON special prior,1.0,,,Configured hypothetical final-pair prior,31.0,,,69.0,,
Wendouree,4,LNP,OTH,ALP+ON,1.320267024509301,ON special prior,1.0,,,Configured hypothetical final-pair prior,31.0,,,69.0,,
