ALP,LNP,GRN,ON,IND,OTH
26.534417325627572,30.54788833688108,13.554034468591306,20.701014011343428,4.462453135779923,4.200192721776673
28.768325943361454,30.522364559261106,14.222076866878256,17.01674446682236,3.9313990370344785,5.539089126642345
22.88210147628435,28.814836228797734,16.622676683098437,18.93113540410592,5.947809076598023,6.801441131115532
24.82353347488495,30.205635624595065,15.575329742154262,20.067083425137906,4.524540174437712,4.8038775587901155
25.937152888983977,29.30863696685191,11.665160264007527,23.46054446659354,6.335603975432986,3.2929014381300687
26.449992230136026,30.46724982031313,10.752272499722954,21.41968032446995,5.514756563459221,5.39604856189871
23.468872982031233,29.28490922275023,13.991198088775514,22.142628967133344,4.489716679571288,6.622674059738389
24.133655499506897,28.905946719546414,15.08513698022036,17.88993003727821,6.959039191243025,7.026291572205091
23.501676681036102,28.323073046114086,11.914284354381838,23.61136648238727,6.237359768062711,6.412239668017997
23.00725266363439,30.660029963339962,12.437322270865902,21.37058466206051,6.049355227479971,6.475455212619256
23.092353137664954,27.239720243017956,14.309987925794214,26.83999084002356,3.5744089853647028,4.943538868134624
23.06199562962622,30.77033032682885,14.324203492588843,21.05534039562198,5.197850428575986,5.590279726758121
26.558044707302134,29.386233674489638,12.525245582761459,20.622072971241202,6.291672443406493,4.616730620799082
23.433651339338546,29.896401317686294,11.673390711097818,25.47677473029327,4.3995312256495955,5.120250675934481
23.937127585414807,29.25565912214227,12.495564959580525,25.699555963107517,4.311698406384735,4.300393963370152
23.869574438224877,33.31495955518046,10.919613306523035,21.85656793719187,4.520093225162689,5.519191537717065
25.489167093513064,29.190023156874854,12.844278364746684,21.877871887706906,6.730046266152652,3.868613231005835
24.170225832874323,28.749071710444237,12.869870567080843,22.156724619774867,5.975145226516043,6.078962043309684
25.89332293943032,29.53044629980916,13.552725057531283,19.255833827928612,6.698905887568028,5.068765987732606
27.495732590282774,29.721550168686463,13.400051897333505,21.85526963210375,3.753748865780934,3.7736468458125874
20.00705464315267,28.162233483254987,14.250913597144637,24.673753510231222,6.4973949382148275,6.40864982800166
27.771666570420827,29.26235477407641,12.121483980063037,20.012701869910675,5.378329447056102,5.453463358472956
23.09520391650673,30.707733798653035,15.451214709773593,18.12737818973516,6.332766085074853,6.285703300256639
21.947962975044188,30.199470045219197,12.979077313840374,23.335845452155553,5.1250376439041565,6.412606569836538
25.46051801044009,28.11817438651194,11.883124984062286,22.379239945415545,6.202292269316081,5.956650404254068
25.13665933914432,29.127878246046354,14.817374121222338,17.829369249694118,6.342174213994603,6.746544829898262
27.58019188011069,28.357267068513366,11.587802838259751,21.63380169411923,5.3458479306203595,5.4950885883766
25.424370797180785,31.157088992178352,11.745754129705835,23.281112781978752,4.054805221917919,4.336868077038357
22.85825614254767,27.980283029654135,15.281100230445173,20.695497891428836,7.0163591010001,6.168503604924079
23.93684372447827,27.141649719089827,14.325436190921506,23.03293966174029,5.634801012066308,5.928329691703802
25.131606971358966,28.223105520404776,12.102477647903214,19.547853619335996,6.889462768224554,8.10549347277248
21.849015480901066,28.5593210555354,11.936789940723258,28.038412923493013,4.450811157355733,5.165649441991511
25.400736907261813,26.89939321900369,14.337181563548414,22.6591434037036,5.741199392727155,4.962345513755314
23.779355620702198,32.56312144509215,14.742472856353533,20.223335114445756,4.805406660020477,3.8863083033858827
25.080726264692004,26.689902374593533,14.192573750581237,20.631293608450175,6.959018009147366,6.4464859925356786
24.420480067190738,26.954404515490918,12.40032950865057,25.095244629518515,5.2551186692249745,5.874422609924297
26.802489899758225,29.79132591478403,11.54937530004331,22.99709007851957,4.009337003937174,4.850381802957688
26.537286248210386,28.46472598992939,12.282417535821821,21.93185892099164,5.41184208919277,5.371869215854
24.966459453370113,28.151103976893523,14.07634901607824,21.034813719489065,5.764923601008638,6.0063502331604095
23.267193722464626,29.832211661361992,11.741976440196817,23.627086916468755,5.14815297244094,6.383378287066854
26.635837256688244,28.995179456228932,11.886320964131935,22.05652599434622,6.213509480318142,4.212626848286519
25.24867385276753,30.03428964644406,12.63112513215181,19.275469715844167,6.419038124516972,6.3914035282754575
25.11744470022878,25.11962821622125,11.631247977350947,26.31044697338422,5.214649835125147,6.606582297689646
21.396925117858654,31.915834036184897,12.162746269308546,23.345764163797977,5.737572294968288,5.441158117881639
22.051563216308097,31.672006536191407,13.093098468448485,24.207482987832613,4.7245350974980775,4.251313693721345
23.327153920592192,29.722254634076712,12.544882272634764,24.876989712467356,3.4922629043316413,6.036456555897341
24.78495826072091,28.578311138625917,14.342250430578883,23.66233705662783,5.061010397787511,3.5711327156589383
28.488279947648817,26.932312742824966,15.275002360158396,19.72886981953465,5.620522349003626,3.9550127808295548
25.823561915192176,33.172519503448,13.49903906688362,19.021329415308,4.924312066422847,3.5592380327453546
24.56501452652071,29.094247842734614,15.152535738108494,16.659008823933195,6.185273423310362,8.343919645392615
22.276174644263794,29.91064444836791,13.391372608066968,24.455257056051032,5.716068375110271,4.250482868140037
24.54563470942134,31.855279322884794,12.70388296912075,19.277375492089412,6.487462420107227,5.130365086376479
23.097930067889884,28.70004829276941,12.69502826640041,22.12515513872871,5.815062432536547,7.566775801675034
24.301800236169736,27.9364696370418,14.059807316942514,22.99377866946928,5.314755511941407,5.393388628435267
25.881743184675646,27.310837424354908,13.886360492202055,20.859550461458003,6.293080327691576,5.76842810961782
24.084349061579736,29.709138855200468,11.93281702232808,23.002484923657473,5.7905827633314,5.4806273739028475
25.934001706588326,30.829917878234376,13.997506224292671,19.076122709402302,4.865878999932617,5.2965724815497035
24.962901353844874,29.559400180908437,13.338977887129287,22.26017616648015,4.796616109873395,5.081928301763861
23.12614333781187,29.10300644105363,14.705991308804268,23.250750767033548,5.779272265412946,4.034835879883746
25.033514507628464,26.76718332967473,11.808405343369781,21.501616818762006,7.048879679863478,7.840400320701543
23.92835516957906,29.894173054886117,12.230280683077737,25.688579131717844,4.540319124156653,3.7182928365825862
28.318982429129555,28.060998398878052,12.73958279029335,20.027909985740962,4.654980957151905,6.197545438806181
21.904496582276046,29.539018791433072,13.085646776849691,25.821519389815105,4.746815834243374,4.902502625382712
25.21515852870462,27.87590798078056,12.836823407168877,20.60051060262964,6.338358098504806,7.133241382211493
27.64268352379705,32.14881838622928,12.792393414622817,18.073146435798016,5.4654935159089355,3.8774647236439086
24.377819003650238,31.983474979970076,13.795277238233114,20.830742971520557,3.4689262171367985,5.543759589489217
23.646095048596084,28.632108608741614,12.56797310281423,22.557616610224784,7.372975370760786,5.2232312588625005
25.593057969268063,29.573271370007,14.139778018420603,20.54911182633805,5.5721936152371265,4.572587200729155
22.00013193711588,29.474174760747463,14.648432779294703,18.868672415680578,8.176700554113598,6.831887553047781
25.940741073032413,28.275529913918824,14.558438265091338,19.611888212057877,6.167600685167037,5.445801850732519
26.757076924245904,25.96875829622535,13.519511590115854,21.828206658947185,5.872356443733555,6.0540900867321605
27.585283594474603,26.54123499268566,13.940502332503664,21.339034155681123,5.189294554590584,5.404650370064378
25.948826170340464,29.208407870953497,14.083632491879284,18.813297734736157,4.8762797941692435,7.069555937921355
27.207527419060266,27.72900783141344,13.109674233619433,20.408684376471452,6.433323448996429,5.111782690438971
21.55293493245927,28.55826528615871,14.081141172231938,25.394367175450963,5.517996334229043,4.895295099470064
22.739226636581904,28.645222530400897,13.94627095284737,22.996408231184873,5.27091330878978,6.401958340195184
26.164623912104478,30.00343354175245,11.028595074963338,21.683899580690913,5.54278763398686,5.576660256501966
23.58543116974657,30.331199489545412,13.014616624150182,23.873085615025865,3.9120358698683644,5.2836312316636
22.581027416247103,29.427692255268262,13.571803405631261,20.92229240261035,6.313975159265653,7.183209360977369
22.36017348911472,26.728477210276154,12.802245937256782,26.618219197088127,7.228485221440178,4.2623989448240245
23.381510716297342,26.392889967282127,13.909735286108281,26.06487921223601,7.189922729120309,3.0610620889559215
24.454011021650523,26.684952545042798,13.90922477025362,22.754649170357638,6.9763305471163095,5.220831945579122
24.12350488737486,28.05909856086502,14.733026744607082,19.883360553261756,6.113374811525699,7.0876344423655615
23.262914720582263,31.140068234130215,12.096103640422099,23.785483556452565,4.387914914634382,5.3275149337784855
23.313925255929693,29.92329967832903,14.050917277828777,23.76285270590619,5.069793039225969,3.8792120427803436
24.961652007640016,28.252176874865754,12.641674978855152,24.10665136703903,4.920645698363683,5.117199073236357
27.209302320068037,30.034870767134723,12.847487088145977,20.485177304392334,4.62965321906022,4.793509301198703
26.92741268210019,28.927257143399128,12.955044239201527,21.30747184440267,4.780989179399644,5.101824911496836
22.85619678839051,29.82035339015437,10.816518648065019,26.708500068820836,4.783107767647177,5.015323336922094
22.462569726848123,27.689614440837445,13.903592169737541,23.939251092486153,6.207014536991911,5.797958033098812
24.63600768974375,29.00409353285851,13.22569850870388,19.28607601057735,8.760908970890275,5.087215287226234
22.503508230560836,31.66338204797469,13.27904495423106,20.443864321527215,5.463893660651626,6.646306785054573
23.902146013835562,30.45698754958918,14.52213181720408,19.191866137710683,6.097778707725529,5.829089773934963
27.37473928830961,27.587079701768882,14.032229208663429,22.896374052516038,4.603144524905804,3.5064332238362357
27.157780407819004,29.118809530822507,14.696854556768569,18.218671679713708,5.54114629236737,5.266737532508832
24.851581213988716,27.97467034234943,12.807572323231911,23.62882081767848,6.790605107783831,3.946750194967641
22.16762562124952,30.192601451465595,13.97324002327911,21.482528812079142,6.826996487163021,5.357007604763607
27.859173818931623,28.67711225279532,13.951447038891118,17.68778616425933,5.359421290450566,6.465059434672033
24.419203989373543,25.697507446201676,15.33273588229719,21.79475022155696,6.2920233358487545,6.4637791247218805
23.972500775204487,28.969288751200214,13.811259524837668,21.328827450941482,4.521781147740286,7.396342350075874
25.20989226483815,28.378372785503156,12.330183939318935,22.447937072558705,5.758401266172438,5.875212671608606
22.388187882338904,30.08859223999818,13.260885832698841,24.385460987227844,5.23454027714724,4.642332780589
23.897378210586773,32.66854048071369,11.512194060616128,24.094736212734563,3.6961530167225085,4.13099801862634
27.411665559645222,26.84278712813571,13.516465217503544,22.39612648037528,5.078843420701021,4.7541121936392265
25.335110809073402,27.712917652788644,15.005486420258686,20.6580329410489,5.068873266211486,6.21957891061889
26.732789718874397,32.141509268766086,14.076851286303448,12.864215516318863,6.134621470985981,8.050012738751217
26.93128347589258,28.735767534809007,12.78151830370379,21.20404592223157,5.569276629101331,4.778108134261708
23.10345243102382,30.434772180206277,13.745832356111055,23.30878377552399,3.436435835920276,5.970723421214576
23.624143687920274,31.882836410754415,12.385242706570839,19.910985580008205,5.8297559810786,6.367035633667658
29.097469204740662,28.53576715757774,13.358822212774541,19.538938718094048,5.093383562250688,4.375619144562325
24.297483720247108,32.571028547177924,11.491479750724666,22.691749268618203,5.091934748292535,3.8563239649395555
23.06443516621499,28.91555935667054,12.900181175355156,24.1966469490983,5.807533972543861,5.115643380117153
25.553350054610576,29.43116363215422,11.949853396032763,22.324912154543846,4.922506268976907,5.81821449368168
25.49590438632961,30.67542132661786,12.955243736742881,21.965441149183516,4.249912389832597,4.658077011293522
24.279783991487914,29.9288939952841,13.428008562049133,21.577345300564776,5.19443641737352,5.5915317332405685
26.508042097264845,27.809172688892414,12.930695912221617,22.462878896256363,4.9021508105767575,5.387059594788003
22.151860332964173,32.10882326771748,13.723666789179378,24.039183329243944,3.544353096503227,4.432113184391796
25.941263386636987,30.89964465460067,11.981578242651535,22.382356306640126,5.306894759770293,3.4882626497003852
21.425938826466993,29.21320338385143,13.80932301011431,22.32284284965063,7.5924473167079976,5.636244613208658
25.726884589653217,29.746028446631033,13.989008520108632,19.694402283316844,5.252289322601976,5.591386837688294
23.262872659736715,29.721535590726695,11.621482856445946,24.022094834268263,5.455082355943822,5.916931702878557
26.07510126794704,30.943952048628006,12.968182591560629,18.336374125931847,5.196818121959573,6.479571843972906
27.62259988709182,27.199944634001714,12.986540210624076,20.393527264963648,6.730395853871708,5.066992149447055
21.87190206809973,32.74454162609975,14.069966210027111,20.930938566800243,5.09702857940334,5.285622949569841
25.49147888161586,29.534333225253167,14.135996362767846,19.502369390272047,5.874107282677873,5.461714857413219
23.395251630779523,29.093060939952167,12.40180162875527,22.633855729174037,6.603199058687169,5.872831012651819
27.07616512842559,26.981978366854655,12.55012488685129,23.15089443454371,4.928217853466132,5.312619329858618
27.33892241601685,28.047229806888293,11.174974035876746,23.31206305428253,5.891448793095378,4.235361893840199
23.25882244924646,30.458724884361708,13.482144246356178,22.162832824541667,5.401083216446021,5.236392379047991
24.557649980709563,25.724922611486956,14.502101360419086,23.923531824545492,5.960580169303847,5.331214053535062
23.1756064213763,31.044439860717738,14.801036743965222,19.62270271343103,5.365099818664017,5.991114441845706
23.16459385800216,29.71781987784208,13.876751590627077,23.798249370592337,5.676291696467804,3.766293606468534
26.13992911407417,27.021337418118833,13.838249505247699,20.29359978764757,7.232160988495657,5.4747231864160755
23.91557954547126,29.31365363736833,13.672428873212082,21.55001172770982,5.1476974103563995,6.40062880588211
22.73464145469288,28.808616131241436,14.084811936358768,26.519732262223165,4.254029279663755,3.598168935819995
26.871162176566838,30.560219445676378,12.500297290715853,20.900740047969126,5.189776212663967,3.9778048264078563
24.6224191438685,28.51349645829186,12.053868298875406,22.44642494130772,4.938774317803913,7.425016839852621
22.136053568295456,31.842684158053974,15.519710975318718,17.63940153269929,5.491534158625624,7.370615607006946
23.23004095201478,31.10380908671053,12.941433176975025,23.577124323956873,4.5791657228433085,4.568426737499494
25.528827588414988,30.55872482689167,12.478681716983978,21.86424539951474,3.911044278302633,5.658476189892021
25.891767742263365,30.38342573403701,11.103337705254999,20.335314356404503,6.32044760955206,5.965706852488055
25.31143815501856,29.096090372669813,13.918541785148793,19.734406045013184,6.213706618812965,5.725817023336687
26.253283693809333,29.47872793274052,12.128793315682227,22.129306245393796,4.750364422091066,5.259524390283054
27.119273954601315,29.20155677541946,15.293017124741823,16.545424451472613,6.518040829089962,5.322686864674825
23.32393404246091,26.53788570294471,10.970467716631248,28.5264163820486,5.026824667065826,5.614471488848717
21.441398174330896,26.359084644059692,13.186874249145419,28.091880475460815,6.483779173033222,4.436983283969946
27.050116953877097,32.36550616999151,11.236159589907349,20.861283763579262,2.251502904077798,6.235430618566985
24.865528865040744,26.65879436318324,12.08207319475139,25.8989216969038,5.46690506947254,5.027776810648274
22.166197038873705,29.660898957210424,13.514972024654387,24.334479675818137,4.870543940537258,5.452908362906095
23.628644766309414,27.414984057046187,15.098338923325901,22.39861747463904,6.335462505122806,5.123952273556652
23.615600873399714,26.255385487383176,13.461012102398142,26.43991305222456,5.521905840137026,4.706182644457373
26.05220458949716,28.66780231490366,12.86204913162303,20.457349971562106,6.452826339344693,5.507767653069342
25.89611380260674,29.634275390054817,13.897001135806622,22.299499031763677,3.987204068568112,4.285906571200036
25.552199702935678,29.283419347941898,13.265966176729336,21.974582644299208,5.771370377569372,4.1524617505245045
24.256294038210786,31.40743987492011,12.983257403746725,22.50301373750167,4.874124802706878,3.975870142913842
20.049696541488903,30.36660393614287,15.000236806694916,21.807429985153068,6.86739959844108,5.908633132079159
21.263783868714018,29.657714316729386,13.289959607153854,26.21990950779516,3.5148589993579806,6.0537737002495975
24.44555266271595,30.889438627415476,13.934663570544618,18.10464673111235,6.696167898351458,5.929530509860152
24.158103197038226,28.661560176571026,13.711001870862118,22.764850150814894,4.87303066746001,5.831453937253733
22.838479811610867,30.329120607296964,11.613105231048905,25.19792946112431,4.822809395692099,5.198555493226845
24.87751464058458,28.816568844041118,13.260357796720243,20.531434869403455,5.628804474893534,6.885319374357067
24.418614940807696,31.68573120987957,12.218362427501791,21.095045882889156,5.3982123444627925,5.184033194459004
28.10914440487191,26.205889078301627,13.56630619455997,21.695098853443888,5.018546161079753,5.405015307742851
25.33099343205171,27.18087463504537,12.54976622483313,22.27479908146876,5.9267001952465455,6.736866431354481
25.603120850993474,30.02886217339613,14.141041277915948,18.220899912653955,5.67850258869245,6.3275731963480375
27.363734345081983,27.684253135945657,11.23985863209472,23.905624407029364,4.977537628796062,4.828991851052213
22.17405308332364,27.665529529006555,13.108504835881197,26.49918606541122,5.116771084577244,5.435955401800136
26.100352027751686,30.313087575750497,11.478206135397267,21.568007260053776,4.8010884425512685,5.739258558495516
24.32775705436475,31.06333519513972,12.935528603204343,21.459975858999634,4.471009412858099,5.74239387543346
22.82619892094412,27.287191501817098,14.807364313939832,23.329369019501765,5.6441125934576535,6.105763650339543
24.738443262488122,26.418956200178254,13.586184931218972,24.118834804468495,4.48814495304382,6.649435848602344
25.28823796069233,30.840683435284316,11.96641689781714,21.739906954224892,4.506823468203731,5.657931283777585
24.840997259021037,31.206223369478536,12.42224904922232,19.83426635995202,6.071853156623654,5.624410805702425
25.913568060197566,27.60669669475816,12.61985190067025,23.137785147745856,6.499299504007073,4.222798692621099
23.84518424989075,29.020705825394913,13.305498229877115,23.993900997439,6.214385488153423,3.6203252092448004
24.082857050942902,28.988232062535683,13.166791546787428,21.39107606957705,6.176388005364271,6.194655264792677
24.487096040614887,27.594907315696272,14.055873174317233,24.556026973304,4.633692739030484,4.6724037570371255
22.614017965824164,28.168664443340205,14.49760560275281,22.6925138416767,5.992667062269507,6.034531084136606
27.422119560796492,30.14394010917457,12.930789785949022,21.461050847703262,4.5556967485567945,3.486402947819875
24.950349751360115,29.62162781893976,13.662749298807926,19.937528828940327,4.903170272089745,6.92457402986212
26.680744844347274,29.039736218761444,13.475618648791682,19.817716323716827,6.065969569435151,4.920214394947609
27.534673194443414,25.12087217996918,12.836198880284515,21.462456754152562,6.792108943144912,6.253690048005428
24.55097704323787,28.898349495425318,13.376436831178912,22.208959756815297,4.218158918037063,6.747117955305538
23.364907449701043,28.249616256907547,12.03241150093187,24.537191252520454,5.560941985682507,6.254931554256595
27.29190621958534,29.507324277106605,13.797762141884228,20.10112960491362,4.237148970819264,5.064728785690937
21.791746995598682,30.78313671945501,13.851196415386013,22.415811766018898,6.456999824515485,4.701108279025904
26.060773185262907,28.801330308234977,13.530387727546056,21.727152683500034,4.609938208083902,5.2704178873721155
24.48028035221666,27.5540612762828,13.919725127807984,21.951467556185726,6.289383880065634,5.805081807441194
24.250100234773832,27.11333716929481,14.63643026243299,23.008905031315162,6.232457143946808,4.7587701582363975
26.715385147096903,30.306865167775182,14.219871860694024,18.95217594982331,4.3795957699423225,5.426106104668274
21.17466685846476,29.961670627115737,12.915543124416859,24.569968046771866,4.712971738674039,6.665179604556733
25.28633182977115,27.90358566076012,13.478452834781738,23.819547013292123,4.66491457388766,4.84716808750722
24.63791912902793,30.2628930865355,14.056082441135752,16.579615888999175,7.716699367993415,6.7467900863082395
23.396318947325287,31.38509144568645,13.033751365679981,21.564083942747203,5.125896386910656,5.4948579116504215
27.238330371309722,30.227974378210686,12.339699045569672,20.574078690763372,3.5662580973706,6.053659416775962
21.93416215988159,30.18351185017791,14.730682249276887,22.09610710352737,5.530218487436157,5.525318149700098
24.896748605284603,27.14222973836571,13.9320007470242,22.821827261870563,5.434741723941069,5.772451923513869
25.748771496278973,29.221269611057657,12.449126409227992,20.627441018943628,5.5911670151328705,6.362224449358871
25.86052496098627,27.37780324782729,14.620789361970665,20.465109178852035,4.574564675888041,7.101208574475701
26.761980428448055,28.836057669149326,14.823349010314924,15.058090331100333,7.3621025708214525,7.15841999016591
