Seat,ALP win (%),LNP win (%),GRN win (%),ON win (%),IND win (%),OTH win (%),Median winner margin (pp above 50),Median forced ALP–LNP 2PP (%),Largest MC standard error (pp)
Box Hill,35.5,64.5,0.0,0.0,0.0,0.0,1.5551383248630812,49.193320428523435,3.3836001536824645
Bulleen,0.0,100.0,0.0,0.0,0.0,0.0,13.880663416108979,36.119336583891034,0.0
Glen Waverley,0.5,99.5,0.0,0.0,0.0,0.0,4.964963184749155,45.03503681525085,0.4987484335815003
Ivanhoe,99.5,0.5,0.0,0.0,0.0,0.0,4.8847261715686265,54.86711467258145,0.4987484335815003
Bundoora,99.5,0.5,0.0,0.0,0.0,0.0,5.450807011228004,55.410079377941926,0.4987484335815003
Bayswater,0.5,99.5,0.0,0.0,0.0,0.0,6.4993673219509605,43.500632678049044,0.4987484335815003
Croydon,0.0,100.0,0.0,0.0,0.0,0.0,10.146006755714332,39.85399324428566,0.0
Ringwood,25.5,74.5,0.0,0.0,0.0,0.0,1.5952473036163262,48.742380168541764,3.0820042180373473
Warrandyte,0.0,100.0,0.0,0.0,0.0,0.0,13.071230543114215,36.92876945688578,0.0
Eltham,66.0,34.0,0.0,0.0,0.0,0.0,1.5485386386440647,50.82324937754469,3.349626844888845
Mill Park,86.5,0.0,0.0,13.5,0.0,0.0,3.7367400407663673,55.07854844958984,2.4163505540380514
Brunswick,0.0,0.0,100.0,0.0,0.0,0.0,16.195819451018558,77.51255125731247,0.0
Northcote,3.0,0.0,97.0,0.0,0.0,0.0,4.126989487755461,73.99535820041206,1.2062338081814825
Melbourne,0.0,0.0,100.0,0.0,0.0,0.0,13.843626261721493,70.06952125185978,0.0
Richmond,0.0,0.0,100.0,0.0,0.0,0.0,9.457626486307197,73.71703302141715,0.0
Essendon,82.0,15.0,0.0,3.0,0.0,0.0,2.7555603240116247,51.85839967822812,2.716615541441225
Pascoe Vale,62.0,0.0,38.0,0.0,0.0,0.0,2.703872380015931,62.000147189260154,3.432200460346103
Preston,94.0,0.0,6.0,0.0,0.0,0.0,10.07864076134592,60.342795405570925,1.6792855623746672
Broadmeadows,98.5,0.0,0.0,1.5,0.0,0.0,6.43123632128455,58.85944282790434,0.8595056718835545
Greenvale,97.5,1.5,0.0,1.0,0.0,0.0,5.090023584316988,55.3110560319667,1.1039701082909814
Thomastown,98.5,0.0,0.0,1.5,0.0,0.0,7.231528655468194,59.64451847332205,0.8595056718835545
Kalkallo,94.5,0.5,0.0,5.0,0.0,0.0,4.75670777580271,56.85632881064624,1.6120638945153514
Clarinda,92.0,8.0,0.0,0.0,0.0,0.0,3.7172827300019193,53.24305923853875,1.918332609325088
Mordialloc,53.5,46.0,0.0,0.5,0.0,0.0,1.84912924931247,50.08636365186242,3.5268612107651753
Mulgrave,100.0,0.0,0.0,0.0,0.0,0.0,13.03423716960766,60.522037407246586,0.0
Rowville,0.0,100.0,0.0,0.0,0.0,0.0,10.819498398931499,39.1805016010685,0.0
Cranbourne,34.0,0.5,0.0,65.5,0.0,0.0,2.462848494741804,49.5660193462296,3.3613613313656114
Dandenong,100.0,0.0,0.0,0.0,0.0,0.0,8.992912691810528,60.90732695889899,0.0
Narre Warren North,54.50000000000001,2.0,0.0,43.5,0.0,0.0,2.4117140953754,50.892660665918555,3.5211858797853886
Narre Warren South,59.5,4.0,0.0,36.5,0.0,0.0,2.076246482448385,50.78664707781548,3.47113093962184
Frankston,44.5,22.0,0.0,33.5,0.0,0.0,2.162969209530985,49.60882476026595,3.514078826662828
Berwick,0.0,100.0,0.0,0.0,0.0,0.0,12.87816291703746,34.932665410236766,0.0
Carrum,15.5,28.999999999999996,0.0,55.50000000000001,0.0,0.0,2.603652112679594,47.80011742214509,3.514078826662828
Albert Park,88.5,0.5,11.0,0.0,0.0,0.0,6.17802632710196,56.32145111555285,2.255825791146116
Brighton,0.0,100.0,0.0,0.0,0.0,0.0,9.870848323630282,39.41808306419301,0.0
Caulfield,0.0,100.0,0.0,0.0,0.0,0.0,8.394770921761719,41.56147963434983,0.0
Prahran,0.0,0.0,100.0,0.0,0.0,0.0,6.410543822383397,56.768299416123845,0.0
Hawthorn,0.0,100.0,0.0,0.0,0.0,0.0,11.04401820344043,45.33502736093568,0.0
Kew,0.0,100.0,0.0,0.0,0.0,0.0,12.008648201253486,41.82290934134528,0.0
Malvern,0.0,100.0,0.0,0.0,0.0,0.0,14.200076135996149,35.60666321931816,0.0
Bentleigh,55.00000000000001,45.0,0.0,0.0,0.0,0.0,1.7214800572692812,50.45948572091774,3.517811819867572
Sandringham,0.0,100.0,0.0,0.0,0.0,0.0,12.870752802678947,37.33057532577405,0.0
Ashwood,18.5,81.5,0.0,0.0,0.0,0.0,2.463018787441895,47.71661794015969,2.7456784225396826
Oakleigh,98.5,1.5,0.0,0.0,0.0,0.0,5.217885314204018,55.11024971137495,0.8595056718835545
Footscray,87.0,0.0,13.0,0.0,0.0,0.0,2.6296480926284502,68.54578178736739,2.378024390118823
Williamstown,99.5,0.0,0.5,0.0,0.0,0.0,9.09768886121064,57.727161223623405,0.4987484335815003
Laverton,100.0,0.0,0.0,0.0,0.0,0.0,8.592210333875016,58.908922899501846,0.0
Niddrie,34.0,42.5,0.0,23.5,0.0,0.0,2.141542168844884,47.78236993048506,3.4955328635273903
St Albans,93.5,0.5,0.0,6.0,0.0,0.0,4.548643910404909,54.04491333689414,1.743201078476031
Kororoit,97.5,0.0,0.0,2.5,0.0,0.0,6.420449167729658,58.87038992053788,1.1039701082909814
Point Cook,51.5,1.0,0.0,47.5,0.0,0.0,2.253264640852187,51.8082699101406,3.533942557541082
Sydenham,59.0,3.0,0.0,38.0,0.0,0.0,2.0636150317838,51.317362103549826,3.47778665245584
Tarneit,94.5,0.0,0.0,5.5,0.0,0.0,4.121114195195225,54.90216968980902,1.6120638945153514
Sunbury,1.0,20.0,0.0,79.0,0.0,0.0,6.654026323796513,44.817458019493515,2.8801041647829333
Werribee,15.5,0.5,0.0,84.0,0.0,0.0,4.6214866005239,49.72770409567103,2.5922962793631443
Evelyn,0.0,100.0,0.0,0.0,0.0,0.0,14.230461856716254,34.35559058800463,0.0
Monbulk,1.5,78.0,0.0,20.5,0.0,0.0,4.22483396884778,46.10121453228244,2.9291637031753615
Pakenham,0.0,71.0,0.0,28.999999999999996,0.0,0.0,3.416974936619072,39.43807385350203,3.208582241426889
Mornington,0.0,100.0,0.0,0.0,0.0,0.0,11.89330066587626,31.005603036795303,0.0
Nepean,0.0,100.0,0.0,0.0,0.0,0.0,14.184415588646077,33.650856428349805,0.0
Morwell,0.0,28.000000000000004,0.0,72.0,0.0,0.0,3.0244203009994974,35.8134821423556,3.1749015732775088
Gippsland East,0.0,100.0,0.0,0.0,0.0,0.0,9.977209731898368,18.541779629983743,0.0
Gippsland South,0.0,100.0,0.0,0.0,0.0,0.0,9.397574983319117,24.45490527748441,0.0
Bass,0.0,98.0,0.0,2.0,0.0,0.0,6.390681599078479,36.512331968066015,0.9899494936611668
Hastings,0.0,94.5,0.0,5.5,0.0,0.0,8.300914100844686,39.39038687017018,1.6120638945153514
Narracan,0.0,100.0,0.0,0.0,0.0,0.0,11.564135595343478,35.555244192078725,0.0
Yan Yean,6.5,36.5,0.0,56.99999999999999,0.0,0.0,3.7610221370444172,46.94084588021805,3.500714212842859
Shepparton,0.0,87.5,0.0,12.0,0.5,0.0,8.328795024866299,24.734871779605015,2.3385358667337135
Bendigo East,53.0,45.0,0.0,2.0,0.0,0.0,1.868769678462312,50.02411794911266,3.529164207004259
Bendigo West,88.0,2.5,0.0,9.5,0.0,0.0,3.545747465248411,53.948893239832564,2.2978250586152114
Eildon,0.0,100.0,0.0,0.0,0.0,0.0,10.892359189973549,33.05183475195979,0.0
Euroa,0.0,100.0,0.0,0.0,0.0,0.0,9.471695902658366,28.933953376840716,0.0
Macedon,14.000000000000002,28.000000000000004,0.0,57.99999999999999,0.0,0.0,3.2462559309781702,47.692242279487765,3.4899856733230297
Benambra,0.0,89.0,0.0,11.0,0.0,0.0,7.569049838564068,25.671326211826972,2.2124646889837587
Ovens Valley,0.0,100.0,0.0,0.0,0.0,0.0,9.972211031236993,24.948491276105216,0.0
Mildura,0.0,49.0,0.0,31.0,20.0,0.0,2.9988095535386283,26.30717360053397,3.534826728426727
Murray Plains,0.0,100.0,0.0,0.0,0.0,0.0,9.793143965030016,17.453709826180308,0.0
Lara,22.5,0.0,0.0,77.5,0.0,0.0,3.3624125583838147,51.95227930024875,2.9527529527544294
Melton,2.5,0.5,0.0,94.5,2.5,0.0,6.164189881731097,41.60625777258432,1.6120638945153514
Bellarine,27.0,73.0,0.0,0.0,0.0,0.0,1.9604519464992365,48.73629417746391,3.1392674304684522
Wendouree,37.0,19.0,0.0,44.0,0.0,0.0,2.0416347800835064,48.430101118893084,3.5099857549568494
Geelong,38.5,0.0,0.0,61.5,0.0,0.0,2.2474221014614715,50.33146341530153,3.4407484650872115
South Barwon,6.5,90.0,0.0,3.5000000000000004,0.0,0.0,3.5145120627624813,46.461009987027055,2.1213203435596424
Eureka,0.0,6.0,0.0,94.0,0.0,0.0,8.196353374306547,44.70522637542339,1.6792855623746672
Ripon,0.0,29.5,0.0,70.5,0.0,0.0,8.11270508308446,41.586464691426514,3.224709289222828
Lowan,0.0,100.0,0.0,0.0,0.0,0.0,12.68081772521561,20.19829902855726,0.0
Polwarth,0.0,100.0,0.0,0.0,0.0,0.0,13.859223175087292,36.96427460869436,0.0
South-West Coast,0.0,100.0,0.0,0.0,0.0,0.0,9.717683833129719,34.684621969041046,0.0
