Electorate,OriginCategory,DestinationCategory,Share,FrontierRound,CandidateSubtypeMix,Enabled,Strength,ManualOverrideShare,Source
Bass,LNP,ALP,0.0954221183825818,8,LIB:12482|NAT:5506,True,1.0,,VEC 2022 candidate-origin pass-through
Bass,LNP,LNP,0.9045778816174183,8,LIB:12482|NAT:5506,True,1.0,,VEC 2022 candidate-origin pass-through
Euroa,LNP,ALP,0.05283248890756843,5,NAT:13496|LIB:9227,True,1.0,,VEC 2022 candidate-origin pass-through
Euroa,LNP,LNP,0.9471675110924316,5,NAT:13496|LIB:9227,True,1.0,,VEC 2022 candidate-origin pass-through
Mildura,LNP,IND,0.09735378598137107,9,NAT:9868|LIB:7291,True,1.0,,VEC 2022 candidate-origin pass-through
Mildura,LNP,LNP,0.9026462140186289,9,NAT:9868|LIB:7291,True,1.0,,VEC 2022 candidate-origin pass-through
Morwell,LNP,ALP,0.045466137107605074,10,NAT:9902|LIB:6710,True,1.0,,VEC 2022 candidate-origin pass-through
Morwell,LNP,LNP,0.9545338628923948,10,NAT:9902|LIB:6710,True,1.0,,VEC 2022 candidate-origin pass-through
Shepparton,LNP,IND,0.0916188865665304,7,NAT:13242|LIB:8491,True,1.0,,VEC 2022 candidate-origin pass-through
Shepparton,LNP,LNP,0.9083811134334696,7,NAT:13242|LIB:8491,True,1.0,,VEC 2022 candidate-origin pass-through
