Region,Party,uh_2022_vote,lh_2022_vote
North-Eastern Metropolitan,ALP,33.73%,40.44%
North-Eastern Metropolitan,LNP,30.32%,36.93%
North-Eastern Metropolitan,GRN,10.38%,12.12%
North-Eastern Metropolitan,ON,1.27%,
North-Eastern Metropolitan,OTH LEFT,6.13%,
North-Eastern Metropolitan,OTH RIGHT,18.17%,
Northern Metropolitan,ALP,33.39%,39.99%
Northern Metropolitan,LNP,18.87%,20.07%
Northern Metropolitan,GRN,18.59%,21.03%
Northern Metropolitan,ON,0.94%,
Northern Metropolitan,OTH LEFT,12.78%,
Northern Metropolitan,OTH RIGHT,15.43%,
South-Eastern Metropolitan,ALP,39.34%,44.96%
South-Eastern Metropolitan,LNP,26.77%,30.07%
South-Eastern Metropolitan,GRN,6.72%,7.97%
South-Eastern Metropolitan,ON,1.77%,
South-Eastern Metropolitan,OTH LEFT,7.48%,
South-Eastern Metropolitan,OTH RIGHT,17.92%,
Southern Metropolitan,ALP,29.74%,31.39%
Southern Metropolitan,LNP,36.11%,39.91%
Southern Metropolitan,GRN,15.41%,16.02%
Southern Metropolitan,ON,0.65%,
Southern Metropolitan,OTH LEFT,6.90%,
Southern Metropolitan,OTH RIGHT,11.19%,
Western Metropolitan,ALP,37.04%,43.50%
Western Metropolitan,LNP,24.47%,26.34%
Western Metropolitan,GRN,8.07%,9.22%
Western Metropolitan,ON,1.71%,
Western Metropolitan,OTH LEFT,10.07%,
Western Metropolitan,OTH RIGHT,18.64%,
Eastern Victoria,ALP,26.51%,29.84%
Eastern Victoria,LNP,36.38%,43.86%
Eastern Victoria,GRN,7.99%,8.30%
Eastern Victoria,ON,3.58%,
Eastern Victoria,OTH LEFT,7.16%,
Eastern Victoria,OTH RIGHT,18.38%,
Northern Victoria,ALP,28.84%,27.94%
Northern Victoria,LNP,35.04%,42.78%
Northern Victoria,GRN,6.97%,7.08%
Northern Victoria,ON,3.72%,
Northern Victoria,OTH LEFT,7.54%,
Northern Victoria,OTH RIGHT,17.89%,
Western Victoria,ALP,35.56%,37.86%
Western Victoria,LNP,27.07%,34.81%
Western Victoria,GRN,8.68%,10.19%
Western Victoria,ON,2.65%,
Western Victoria,OTH LEFT,8.24%,
Western Victoria,OTH RIGHT,17.80%,
