Region,Party,Seats
Eastern Victoria,LNP,2
Eastern Victoria,ALP,2
Eastern Victoria,OTH RIGHT,1
North-Eastern Metropolitan,ALP,2
North-Eastern Metropolitan,LNP,2
North-Eastern Metropolitan,GRN,1
Northern Metropolitan,ALP,2
Northern Metropolitan,LNP,1
Northern Metropolitan,GRN,1
Northern Metropolitan,OTH RIGHT,1
Northern Victoria,LNP,2
Northern Victoria,ALP,1
Northern Victoria,OTH LEFT,1
Northern Victoria,ON,1
South-Eastern Metropolitan,ALP,2
South-Eastern Metropolitan,LNP,1
South-Eastern Metropolitan,OTH LEFT,1
South-Eastern Metropolitan,OTH RIGHT,1
Southern Metropolitan,LNP,2
Southern Metropolitan,ALP,2
Southern Metropolitan,GRN,1
Western Metropolitan,ALP,2
Western Metropolitan,LNP,2
Western Metropolitan,OTH LEFT,1
Western Victoria,ALP,2
Western Victoria,LNP,2
Western Victoria,GRN,1
