ScopeType,ScopeKey,ATL1OnlyPct,ATL2To4Pct,ATL5Pct,ATL6PlusPct,BTLPct,EvidenceBallots,Enabled,SourceURL,Notes
PARTY,AJP,1.4050252501781455,1.3043343557331846,1.0874616600055766,91.00907767140689,5.194101062676209,64554,True,https://results.aec.gov.au/31496/Website/SenateDownloadsMenu-31496-Csv.htm,2025 Victorian Senate empirical completion; ATL5 is directly compatible with Victoria's proposed five-group instruction.
PARTY,ALP,1.923492695472962,0.5313787207039751,0.8971666353127483,94.27711435382382,2.3708475946864938,1424596,True,https://results.aec.gov.au/31496/Website/SenateDownloadsMenu-31496-Csv.htm,2025 Victorian Senate empirical completion; ATL5 is directly compatible with Victoria's proposed five-group instruction.
PARTY,FFV,1.7378894579598805,0.9749786598378147,1.059005548442168,90.0328104993598,6.195315834400342,74976,True,https://results.aec.gov.au/31496/Website/SenateDownloadsMenu-31496-Csv.htm,2025 Victorian Senate empirical completion; ATL5 is directly compatible with Victoria's proposed five-group instruction.
PARTY,GRN,0.5987087593652084,0.3133301146792129,0.6164960584518012,91.95584058670721,6.515624480796559,511601,True,https://results.aec.gov.au/31496/Website/SenateDownloadsMenu-31496-Csv.htm,2025 Victorian Senate empirical completion; ATL5 is directly compatible with Victoria's proposed five-group instruction.
PARTY,LCV,1.836437659715748,1.4943692862843998,1.1402279114378273,88.04839932122903,7.480565821332993,149093,True,https://results.aec.gov.au/31496/Website/SenateDownloadsMenu-31496-Csv.htm,2025 Victorian Senate empirical completion; ATL5 is directly compatible with Victoria's proposed five-group instruction.
PARTY,LDP,1.8853599898772617,0.8056012484710446,1.2653422750854106,88.92403728541905,7.119659201147243,23709,True,https://results.aec.gov.au/31496/Website/SenateDownloadsMenu-31496-Csv.htm,2025 Victorian Senate empirical completion; ATL5 is directly compatible with Victoria's proposed five-group instruction.
PARTY,LIB,1.4755825936121036,0.5499142798967318,1.1942527895948385,94.88811311634153,1.8921372205547948,1286746,True,https://results.aec.gov.au/31496/Website/SenateDownloadsMenu-31496-Csv.htm,2025 Victorian Senate empirical completion; ATL5 is directly compatible with Victoria's proposed five-group instruction.
PARTY,ON,1.478493887101812,0.7765106886668895,0.954609470471222,93.2245743439115,3.565811609848589,182483,True,https://results.aec.gov.au/31496/Website/SenateDownloadsMenu-31496-Csv.htm,2025 Victorian Senate empirical completion; ATL5 is directly compatible with Victoria's proposed five-group instruction.
PARTY,RIGHT_POPULIST,1.3299402372911182,0.7052405736678601,0.8358657471015425,92.53406068317642,4.594892758763054,147751,True,https://results.aec.gov.au/31496/Website/SenateDownloadsMenu-31496-Csv.htm,2025 Victorian Senate empirical completion; ATL5 is directly compatible with Victoria's proposed five-group instruction.
PARTY,SAP,1.278513612950699,0.6254598969830758,0.6806475349521707,86.38704930095659,11.028329654157469,10872,True,https://results.aec.gov.au/31496/Website/SenateDownloadsMenu-31496-Csv.htm,2025 Victorian Senate empirical completion; ATL5 is directly compatible with Victoria's proposed five-group instruction.
PARTY,SFF,2.0590535784122017,1.589753617520532,0.919045756746187,90.5377395385217,4.894407508799374,51140,True,https://results.aec.gov.au/31496/Website/SenateDownloadsMenu-31496-Csv.htm,2025 Victorian Senate empirical completion; ATL5 is directly compatible with Victoria's proposed five-group instruction.
PARTY,VS,0.5950967823623443,0.2120823639270057,0.47322855831473654,78.38817403415476,20.331418261241158,63183,True,https://results.aec.gov.au/31496/Website/SenateDownloadsMenu-31496-Csv.htm,2025 Victorian Senate empirical completion; ATL5 is directly compatible with Victoria's proposed five-group instruction.
