Seat,Origin,LegacyRowNonempty,ExtractedFieldAvailable,ExtractedAliveSet,LegacyPositiveOutsideExtractedField,LegacyZerosInsideExtractedField
BOX HILL,ALP,False,False,,,
BOX HILL,LNP,False,False,,,
BOX HILL,GRN,True,True,ALP+LNP,,
BOX HILL,IND,True,True,ALP+GRN+LNP+OTH,,
BOX HILL,OTH,True,True,ALP+GRN+LNP,,
BULLEEN,ALP,False,False,,,
BULLEEN,LNP,False,False,,,
BULLEEN,GRN,True,True,ALP+LNP,,
BULLEEN,IND,True,True,ALP+GRN+LNP+OTH,,
BULLEEN,OTH,True,True,ALP+GRN+LNP,,
GLEN WAVERLEY,ALP,False,False,,,
GLEN WAVERLEY,LNP,False,False,,,
GLEN WAVERLEY,GRN,True,True,ALP+LNP,,
GLEN WAVERLEY,IND,False,False,,,
GLEN WAVERLEY,OTH,True,True,ALP+GRN+LNP,,
IVANHOE,ALP,False,False,,,
IVANHOE,LNP,False,False,,,
IVANHOE,GRN,True,True,ALP+LNP,,
IVANHOE,IND,True,True,ALP+GRN+LNP+OTH,,
IVANHOE,OTH,True,True,ALP+GRN+LNP,,
BUNDOORA,ALP,False,False,,,
BUNDOORA,LNP,False,False,,,
BUNDOORA,GRN,True,True,ALP+LNP,,
BUNDOORA,IND,True,True,ALP+GRN+LNP+OTH,,
BUNDOORA,OTH,True,True,ALP+GRN+LNP,,
BAYSWATER,ALP,False,False,,,
BAYSWATER,LNP,False,False,,,
BAYSWATER,GRN,True,True,ALP+LNP,,
BAYSWATER,IND,True,True,ALP+GRN+LNP+OTH,,
BAYSWATER,OTH,True,True,ALP+GRN+LNP,,
CROYDON,ALP,False,False,,,
CROYDON,LNP,False,False,,,
CROYDON,GRN,True,True,ALP+LNP,,
CROYDON,IND,False,False,,,
CROYDON,OTH,True,True,ALP+GRN+LNP,,
RINGWOOD,ALP,False,False,,,
RINGWOOD,LNP,False,False,,,
RINGWOOD,GRN,True,True,ALP+LNP,,
RINGWOOD,IND,False,False,,,
RINGWOOD,OTH,True,True,ALP+GRN+LNP,,
WARRANDYTE,ALP,False,False,,,
WARRANDYTE,LNP,False,False,,,
WARRANDYTE,GRN,True,True,ALP+LNP,,
WARRANDYTE,IND,True,True,ALP+GRN+LNP+OTH,,
WARRANDYTE,OTH,True,True,ALP+GRN+LNP,,
ELTHAM,ALP,False,False,,,
ELTHAM,LNP,False,False,,,
ELTHAM,GRN,True,True,ALP+LNP,,
ELTHAM,IND,False,False,,,
ELTHAM,OTH,True,True,ALP+GRN+LNP,,
MILL PARK,ALP,False,False,,,
MILL PARK,LNP,False,False,,,
MILL PARK,GRN,True,True,ALP+LNP+OTH,,
MILL PARK,IND,False,False,,,
MILL PARK,OTH,True,True,ALP+LNP,,
BRUNSWICK,ALP,False,False,,,
BRUNSWICK,LNP,True,True,ALP+GRN,,
BRUNSWICK,GRN,False,False,,,
BRUNSWICK,IND,True,True,ALP+GRN+LNP+OTH,,
BRUNSWICK,OTH,True,True,ALP+GRN+LNP,,
NORTHCOTE,ALP,False,False,,,
NORTHCOTE,LNP,True,True,ALP+GRN,,
NORTHCOTE,GRN,False,False,,,
NORTHCOTE,IND,True,True,ALP+GRN+LNP+OTH,,
NORTHCOTE,OTH,True,True,ALP+GRN+LNP,,
MELBOURNE,ALP,False,False,,,
MELBOURNE,LNP,True,True,ALP+GRN,,
MELBOURNE,GRN,False,False,,,
MELBOURNE,IND,True,True,ALP+GRN+LNP+OTH,,
MELBOURNE,OTH,True,True,ALP+GRN+LNP,,
RICHMOND,ALP,False,False,,,
RICHMOND,LNP,True,True,ALP+GRN,,
RICHMOND,GRN,False,False,,,
RICHMOND,IND,True,True,ALP+GRN+LNP+OTH,,
RICHMOND,OTH,True,True,ALP+GRN+LNP,,
ESSENDON,ALP,False,False,,,
ESSENDON,LNP,False,False,,,
ESSENDON,GRN,True,True,ALP+LNP,,
ESSENDON,IND,False,False,,,
ESSENDON,OTH,True,True,ALP+GRN+LNP,,
PASCOE VALE,ALP,False,False,,,
PASCOE VALE,LNP,True,True,ALP+GRN,,
PASCOE VALE,GRN,False,False,,,
PASCOE VALE,IND,True,True,ALP+GRN+LNP+OTH,,
PASCOE VALE,OTH,True,True,ALP+GRN+LNP,,
PRESTON,ALP,False,False,,,
PRESTON,LNP,True,True,ALP+GRN,,
PRESTON,GRN,False,False,,,
PRESTON,IND,True,True,ALP+GRN+LNP,,
PRESTON,OTH,True,True,ALP+GRN+IND+LNP,,IND
BROADMEADOWS,ALP,False,False,,,
BROADMEADOWS,LNP,False,False,,,
BROADMEADOWS,GRN,True,True,ALP+LNP,,
BROADMEADOWS,IND,True,True,ALP+GRN+LNP+OTH,,
BROADMEADOWS,OTH,True,True,ALP+GRN+LNP,,
GREENVALE,ALP,False,False,,,
GREENVALE,LNP,False,False,,,
GREENVALE,GRN,True,True,ALP+LNP+OTH,,
GREENVALE,IND,True,True,ALP+GRN+LNP+OTH,,
GREENVALE,OTH,True,True,ALP+LNP,,
THOMASTOWN,ALP,False,False,,,
THOMASTOWN,LNP,False,False,,,
THOMASTOWN,GRN,True,True,ALP+LNP+OTH,,
THOMASTOWN,IND,False,False,,,
THOMASTOWN,OTH,True,True,ALP+LNP,,
KALKALLO,ALP,False,False,,,
KALKALLO,LNP,False,False,,,
KALKALLO,GRN,True,True,ALP+LNP+OTH,,
KALKALLO,IND,True,True,ALP+GRN+LNP+OTH,,
KALKALLO,OTH,True,True,ALP+LNP,,
CLARINDA,ALP,False,False,,,
CLARINDA,LNP,False,False,,,
CLARINDA,GRN,True,True,ALP+IND+LNP,,
CLARINDA,IND,True,True,ALP+LNP,,
CLARINDA,OTH,True,True,ALP+GRN+IND+LNP,,
MORDIALLOC,ALP,False,False,,,
MORDIALLOC,LNP,False,False,,,
MORDIALLOC,GRN,True,True,ALP+LNP,,
MORDIALLOC,IND,True,True,ALP+GRN+LNP,,
MORDIALLOC,OTH,True,True,ALP+GRN+IND+LNP,,
MULGRAVE,ALP,False,False,,,
MULGRAVE,LNP,True,True,ALP+IND,,
MULGRAVE,GRN,True,True,ALP+IND+LNP,,
MULGRAVE,IND,False,False,,,
MULGRAVE,OTH,True,True,ALP+GRN+IND+LNP,,
ROWVILLE,ALP,False,False,,,
ROWVILLE,LNP,False,False,,,
ROWVILLE,GRN,True,True,ALP+IND+LNP,,
ROWVILLE,IND,True,True,ALP+LNP,,
ROWVILLE,OTH,True,True,ALP+GRN+IND+LNP,,
CRANBOURNE,ALP,False,False,,,
CRANBOURNE,LNP,False,False,,,
CRANBOURNE,GRN,True,True,ALP+LNP+OTH,,
CRANBOURNE,IND,True,True,ALP+GRN+LNP+OTH,,
CRANBOURNE,OTH,True,True,ALP+LNP,,
DANDENONG,ALP,False,False,,,
DANDENONG,LNP,False,False,,,
DANDENONG,GRN,True,True,ALP+LNP+OTH,,
DANDENONG,IND,True,False,,,
DANDENONG,OTH,True,True,ALP+LNP,,
NARRE WARREN NORTH,ALP,False,False,,,
NARRE WARREN NORTH,LNP,False,False,,,
NARRE WARREN NORTH,GRN,True,True,ALP+LNP+OTH,,
NARRE WARREN NORTH,IND,True,True,ALP+GRN+LNP+OTH,,
NARRE WARREN NORTH,OTH,True,True,ALP+LNP,,
NARRE WARREN SOUTH,ALP,False,False,,,
NARRE WARREN SOUTH,LNP,False,False,,,
NARRE WARREN SOUTH,GRN,True,True,ALP+LNP+OTH,,
NARRE WARREN SOUTH,IND,True,True,ALP+GRN+LNP+OTH,,
NARRE WARREN SOUTH,OTH,True,True,ALP+LNP,,
FRANKSTON,ALP,False,False,,,
FRANKSTON,LNP,False,False,,,
FRANKSTON,GRN,True,True,ALP+LNP,,
FRANKSTON,IND,True,True,ALP+GRN+LNP+OTH,,
FRANKSTON,OTH,True,True,ALP+GRN+LNP,,GRN
BERWICK,ALP,False,False,,,
BERWICK,LNP,False,False,,,
BERWICK,GRN,True,True,ALP+LNP,,
BERWICK,IND,False,False,,,
BERWICK,OTH,True,True,ALP+GRN+LNP,,
CARRUM,ALP,False,False,,,
CARRUM,LNP,False,False,,,
CARRUM,GRN,True,True,ALP+LNP,,
CARRUM,IND,True,True,ALP+GRN+LNP+OTH,,
CARRUM,OTH,True,True,ALP+GRN+LNP,,
ALBERT PARK,ALP,False,False,,,
ALBERT PARK,LNP,False,False,,,
ALBERT PARK,GRN,True,True,ALP+LNP,,
ALBERT PARK,IND,True,True,ALP+GRN+LNP,,
ALBERT PARK,OTH,True,True,ALP+GRN+IND+LNP,,
BRIGHTON,ALP,False,False,,,
BRIGHTON,LNP,False,False,,,
BRIGHTON,GRN,True,True,ALP+LNP,,
BRIGHTON,IND,True,True,ALP+GRN+LNP,,
BRIGHTON,OTH,True,True,ALP+GRN+IND+LNP,,
CAULFIELD,ALP,False,False,,,
CAULFIELD,LNP,False,False,,,
CAULFIELD,GRN,True,True,ALP+LNP,,
CAULFIELD,IND,True,True,ALP+GRN+LNP,,
CAULFIELD,OTH,True,True,ALP+GRN+IND+LNP,,
PRAHRAN,ALP,True,True,GRN+LNP,,
PRAHRAN,LNP,False,False,,,
PRAHRAN,GRN,False,False,,,
PRAHRAN,IND,True,True,ALP+GRN+LNP+OTH,,
PRAHRAN,OTH,True,True,ALP+GRN+LNP,,
HAWTHORN,ALP,False,False,,,
HAWTHORN,LNP,False,False,,,
HAWTHORN,GRN,True,True,ALP+IND+LNP,,
HAWTHORN,IND,True,True,ALP+LNP,,
HAWTHORN,OTH,True,True,ALP+GRN+IND+LNP,,
KEW,ALP,False,False,,,
KEW,LNP,False,False,,,
KEW,GRN,True,True,ALP+IND+LNP,,
KEW,IND,True,True,ALP+LNP,,
KEW,OTH,True,True,ALP+GRN+IND+LNP,,
MALVERN,ALP,False,False,,,
MALVERN,LNP,False,False,,,
MALVERN,GRN,True,True,ALP+LNP,,
MALVERN,IND,True,True,ALP+GRN+LNP+OTH,,
MALVERN,OTH,True,True,ALP+GRN+LNP,,
BENTLEIGH,ALP,False,False,,,
BENTLEIGH,LNP,False,False,,,
BENTLEIGH,GRN,True,True,ALP+LNP,,
BENTLEIGH,IND,True,True,ALP+GRN+LNP+OTH,,
BENTLEIGH,OTH,True,True,ALP+GRN+LNP,,
SANDRINGHAM,ALP,False,False,,,
SANDRINGHAM,LNP,False,False,,,
SANDRINGHAM,GRN,True,True,ALP+LNP,,
SANDRINGHAM,IND,True,True,ALP+GRN+LNP,,
SANDRINGHAM,OTH,True,True,ALP+GRN+IND+LNP,,
ASHWOOD,ALP,False,False,,,
ASHWOOD,LNP,False,False,,,
ASHWOOD,GRN,True,True,ALP+LNP,,
ASHWOOD,IND,True,True,ALP+GRN+LNP+OTH,,
ASHWOOD,OTH,True,True,ALP+GRN+LNP,,
OAKLEIGH,ALP,False,False,,,
OAKLEIGH,LNP,False,False,,,
OAKLEIGH,GRN,True,True,ALP+LNP,,
OAKLEIGH,IND,True,True,ALP+GRN+LNP,,
OAKLEIGH,OTH,True,True,ALP+GRN+IND+LNP,,
FOOTSCRAY,ALP,False,False,,,
FOOTSCRAY,LNP,True,True,ALP+GRN,,
FOOTSCRAY,GRN,False,False,,,
FOOTSCRAY,IND,False,False,,,
FOOTSCRAY,OTH,True,True,ALP+GRN+LNP,,
WILLIAMSTOWN,ALP,False,False,,,
WILLIAMSTOWN,LNP,False,False,,,
WILLIAMSTOWN,GRN,True,True,ALP+LNP,,
WILLIAMSTOWN,IND,False,False,,,
WILLIAMSTOWN,OTH,True,True,ALP+GRN+LNP,,
LAVERTON,ALP,False,False,,,
LAVERTON,LNP,False,False,,,
LAVERTON,GRN,True,True,ALP+LNP,,
LAVERTON,IND,True,True,ALP+GRN+LNP+OTH,,
LAVERTON,OTH,True,True,ALP+GRN+LNP,,
NIDDRIE,ALP,False,False,,,
NIDDRIE,LNP,False,False,,,
NIDDRIE,GRN,True,True,ALP+LNP,,
NIDDRIE,IND,False,False,,,
NIDDRIE,OTH,True,True,ALP+GRN+LNP,,
ST ALBANS,ALP,False,False,,,
ST ALBANS,LNP,False,False,,,
ST ALBANS,GRN,True,True,ALP+LNP,,
ST ALBANS,IND,True,True,ALP+GRN+LNP+OTH,,
ST ALBANS,OTH,True,True,ALP+GRN+LNP,,
KOROROIT,ALP,False,False,,,
KOROROIT,LNP,False,False,,,
KOROROIT,GRN,True,True,ALP+LNP+OTH,,
KOROROIT,IND,True,True,ALP+GRN+LNP+OTH,,
KOROROIT,OTH,True,True,ALP+LNP,,
POINT COOK,ALP,False,False,,,
POINT COOK,LNP,False,False,,,
POINT COOK,GRN,True,True,ALP+LNP,,
POINT COOK,IND,True,True,ALP+GRN+LNP,,
POINT COOK,OTH,True,True,ALP+GRN+IND+LNP,,IND
SYDENHAM,ALP,False,False,,,
SYDENHAM,LNP,False,False,,,
SYDENHAM,GRN,True,True,ALP+LNP+OTH,,
SYDENHAM,IND,False,False,,,
SYDENHAM,OTH,True,True,ALP+LNP,,
TARNEIT,ALP,False,False,,,
TARNEIT,LNP,False,False,,,
TARNEIT,GRN,True,True,ALP+LNP,,
TARNEIT,IND,True,True,ALP+GRN+LNP+OTH,,
TARNEIT,OTH,True,True,ALP+GRN+LNP,,
SUNBURY,ALP,False,False,,,
SUNBURY,LNP,False,False,,,
SUNBURY,GRN,True,True,ALP+LNP,,
SUNBURY,IND,True,True,ALP+GRN+LNP+OTH,,
SUNBURY,OTH,True,True,ALP+GRN+LNP,,
WERRIBEE,ALP,False,False,,,
WERRIBEE,LNP,False,False,,,
WERRIBEE,GRN,True,True,ALP+LNP,,
WERRIBEE,IND,True,True,ALP+GRN+LNP,,
WERRIBEE,OTH,True,True,ALP+GRN+IND+LNP,,
EVELYN,ALP,False,False,,,
EVELYN,LNP,False,False,,,
EVELYN,GRN,True,True,ALP+LNP,,
EVELYN,IND,True,True,ALP+GRN+LNP+OTH,,
EVELYN,OTH,True,True,ALP+GRN+LNP,,
MONBULK,ALP,False,False,,,
MONBULK,LNP,False,False,,,
MONBULK,GRN,True,True,ALP+LNP,,
MONBULK,IND,True,True,ALP+GRN+LNP,,
MONBULK,OTH,True,True,ALP+GRN+IND+LNP,,
PAKENHAM,ALP,False,False,,,
PAKENHAM,LNP,False,False,,,
PAKENHAM,GRN,True,True,ALP+IND+LNP,,
PAKENHAM,IND,True,True,ALP+LNP,,
PAKENHAM,OTH,True,True,ALP+GRN+IND+LNP,,
MORNINGTON,ALP,True,True,IND+LNP,,
MORNINGTON,LNP,False,False,,,
MORNINGTON,GRN,True,True,ALP+IND+LNP,,
MORNINGTON,IND,False,False,,,
MORNINGTON,OTH,True,True,ALP+GRN+IND+LNP,,
NEPEAN,ALP,False,False,,,
NEPEAN,LNP,False,False,,,
NEPEAN,GRN,True,True,ALP+LNP,,
NEPEAN,IND,True,True,ALP+GRN+LNP+OTH,,
NEPEAN,OTH,True,True,ALP+GRN+LNP,,
MORWELL,ALP,False,False,,,
MORWELL,LNP,False,False,,,
MORWELL,GRN,True,True,ALP+IND+LNP+ON+OTH,,ON
MORWELL,IND,True,True,ALP+LNP+ON,OTH,ON
MORWELL,OTH,True,True,ALP+IND+LNP+ON,,IND+ON
GIPPSLAND EAST,ALP,False,False,,,
GIPPSLAND EAST,LNP,False,False,,,
GIPPSLAND EAST,GRN,True,True,ALP+LNP+OTH,,
GIPPSLAND EAST,IND,False,False,,,
GIPPSLAND EAST,OTH,True,True,ALP+LNP,,
GIPPSLAND SOUTH,ALP,False,False,,,
GIPPSLAND SOUTH,LNP,False,False,,,
GIPPSLAND SOUTH,GRN,True,True,ALP+LNP,,
GIPPSLAND SOUTH,IND,True,True,ALP+GRN+LNP,,
GIPPSLAND SOUTH,OTH,True,True,ALP+GRN+IND+LNP,,
BASS,ALP,False,False,,,
BASS,LNP,False,False,,,
BASS,GRN,True,True,ALP+LNP,,
BASS,IND,True,True,ALP+GRN+LNP+OTH,,
BASS,OTH,True,True,ALP+GRN+LNP,,
HASTINGS,ALP,False,False,,,
HASTINGS,LNP,False,False,,,
HASTINGS,GRN,True,True,ALP+LNP,,
HASTINGS,IND,True,True,ALP+GRN+LNP+OTH,,
HASTINGS,OTH,True,True,ALP+GRN+LNP,,
NARRACAN,ALP,False,False,,,
NARRACAN,LNP,False,False,,,
NARRACAN,GRN,False,True,IND+LNP,,IND+LNP
NARRACAN,IND,False,False,,,
NARRACAN,OTH,False,True,GRN+IND+LNP,,GRN+IND+LNP
YAN YEAN,ALP,False,False,,,
YAN YEAN,LNP,False,False,,,
YAN YEAN,GRN,True,True,ALP+LNP+OTH,,
YAN YEAN,IND,False,False,,,
YAN YEAN,OTH,True,True,ALP+LNP,,
SHEPPARTON,ALP,True,True,IND+LNP,,
SHEPPARTON,LNP,False,False,,,
SHEPPARTON,GRN,True,True,ALP+IND+LNP+OTH,,
SHEPPARTON,IND,False,False,,,
SHEPPARTON,OTH,True,True,ALP+IND+LNP,,IND
BENDIGO EAST,ALP,False,False,,,
BENDIGO EAST,LNP,False,False,,,
BENDIGO EAST,GRN,True,True,ALP+LNP,,
BENDIGO EAST,IND,True,True,ALP+GRN+LNP+ON,OTH,ON
BENDIGO EAST,OTH,True,True,ALP+GRN+IND+LNP+ON,,IND+ON
BENDIGO WEST,ALP,False,False,,,
BENDIGO WEST,LNP,False,False,,,
BENDIGO WEST,GRN,True,True,ALP+LNP,,
BENDIGO WEST,IND,True,True,ALP+GRN+LNP+OTH,,
BENDIGO WEST,OTH,True,True,ALP+GRN+LNP,,
EILDON,ALP,False,False,,,
EILDON,LNP,False,False,,,
EILDON,GRN,True,True,ALP+LNP,,
EILDON,IND,True,True,ALP+GRN+LNP+OTH,,
EILDON,OTH,True,True,ALP+GRN+LNP,,
EUROA,ALP,False,False,,,
EUROA,LNP,False,False,,,
EUROA,GRN,True,True,ALP+LNP+OTH,,
EUROA,IND,False,False,,,
EUROA,OTH,True,True,ALP+LNP,,
MACEDON,ALP,False,False,,,
MACEDON,LNP,False,False,,,
MACEDON,GRN,True,True,ALP+LNP,,
MACEDON,IND,True,True,ALP+GRN+LNP+ON,OTH,ON
MACEDON,OTH,True,True,ALP+GRN+IND+LNP+ON,,IND+ON
BENAMBRA,ALP,True,True,IND+LNP,,
BENAMBRA,LNP,False,False,,,
BENAMBRA,GRN,True,True,ALP+IND+LNP,,
BENAMBRA,IND,False,False,,,
BENAMBRA,OTH,True,True,ALP+GRN+IND+LNP,,
OVENS VALLEY,ALP,False,False,,,
OVENS VALLEY,LNP,False,False,,,
OVENS VALLEY,GRN,True,True,ALP+LNP,,
OVENS VALLEY,IND,False,False,,,
OVENS VALLEY,OTH,True,True,ALP+GRN+LNP,,
MILDURA,ALP,True,True,IND+LNP,,
MILDURA,LNP,False,False,,,
MILDURA,GRN,True,True,ALP+IND+LNP+OTH,,
MILDURA,IND,False,False,,,
MILDURA,OTH,True,True,ALP+IND+LNP,,
MURRAY PLAINS,ALP,False,False,,,
MURRAY PLAINS,LNP,False,False,,,
MURRAY PLAINS,GRN,True,True,ALP+LNP+OTH,,
MURRAY PLAINS,IND,True,True,ALP+GRN+LNP+OTH,,
MURRAY PLAINS,OTH,True,True,ALP+LNP,,
LARA,ALP,False,False,,,
LARA,LNP,False,False,,,
LARA,GRN,True,True,ALP+LNP,,
LARA,IND,True,True,ALP+GRN+LNP+OTH,,
LARA,OTH,True,True,ALP+GRN+LNP,,
MELTON,ALP,False,False,,,
MELTON,LNP,False,False,,,
MELTON,GRN,True,True,ALP+IND+LNP+OTH,,
MELTON,IND,True,True,ALP+LNP,,
MELTON,OTH,True,True,ALP+IND+LNP,GRN,
BELLARINE,ALP,False,False,,,
BELLARINE,LNP,False,False,,,
BELLARINE,GRN,True,True,ALP+LNP,,
BELLARINE,IND,True,True,ALP+GRN+LNP,,
BELLARINE,OTH,True,True,ALP+GRN+IND+LNP,,
WENDOUREE,ALP,False,False,,,
WENDOUREE,LNP,False,False,,,
WENDOUREE,GRN,True,True,ALP+LNP,,
WENDOUREE,IND,True,True,ALP+GRN+LNP+OTH,,
WENDOUREE,OTH,True,True,ALP+GRN+LNP,,
GEELONG,ALP,False,False,,,
GEELONG,LNP,False,False,,,
GEELONG,GRN,True,True,ALP+LNP,,
GEELONG,IND,True,True,ALP+GRN+LNP+OTH,,
GEELONG,OTH,True,True,ALP+GRN+LNP,,
SOUTH BARWON,ALP,False,False,,,
SOUTH BARWON,LNP,False,False,,,
SOUTH BARWON,GRN,True,True,ALP+LNP,,
SOUTH BARWON,IND,False,False,,,
SOUTH BARWON,OTH,True,True,ALP+GRN+LNP,,
EUREKA,ALP,False,False,,,
EUREKA,LNP,False,False,,,
EUREKA,GRN,True,True,ALP+LNP,,
EUREKA,IND,True,True,ALP+GRN+LNP+OTH,,
EUREKA,OTH,True,True,ALP+GRN+LNP,,
RIPON,ALP,False,False,,,
RIPON,LNP,False,False,,,
RIPON,GRN,True,True,ALP+LNP+OTH,,
RIPON,IND,True,True,ALP+GRN+LNP+OTH,,
RIPON,OTH,True,True,ALP+LNP,,
LOWAN,ALP,False,False,,,
LOWAN,LNP,False,False,,,
LOWAN,GRN,True,True,ALP+IND+LNP,,
LOWAN,IND,True,True,ALP+LNP,,
LOWAN,OTH,True,True,ALP+GRN+IND+LNP,,
POLWARTH,ALP,False,False,,,
POLWARTH,LNP,False,False,,,
POLWARTH,GRN,True,True,ALP+LNP,,
POLWARTH,IND,True,True,ALP+GRN+LNP,,
POLWARTH,OTH,True,True,ALP+GRN+IND+LNP,,
SOUTH-WEST COAST,ALP,False,False,,,
SOUTH-WEST COAST,LNP,False,False,,,
SOUTH-WEST COAST,GRN,True,True,ALP+IND+LNP+OTH,,OTH
SOUTH-WEST COAST,IND,True,True,ALP+LNP,,
SOUTH-WEST COAST,OTH,True,True,ALP+IND+LNP,GRN,
