Scenario,Variant,ChangedWinners,ONFinalTwo,ALP,LNP,GRN,IND,ON
2022,reference,0,0,56,27,4,1.0,0.0
2022,no_siphon,0,0,56,27,4,1.0,0.0
2022,no_geography,1,0,55,28,4,1.0,0.0
2022,no_constraints,0,0,56,27,4,1.0,0.0
2022,no_synthetic_priority,0,0,56,27,4,1.0,0.0
2022,simplified,1,0,55,28,4,1.0,0.0
2022,seat_reliability_5,3,0,53,30,4,1.0,0.0
2022,seat_reliability_10,3,0,53,30,4,1.0,0.0
2022,seat_reliability_20,2,0,54,29,4,1.0,0.0
ON18,reference,0,22,38,42,5,0.0,3.0
ON18,no_siphon,1,20,38,43,5,0.0,2.0
ON18,no_geography,5,20,39,42,5,0.0,2.0
ON18,no_constraints,0,22,38,42,5,0.0,3.0
ON18,no_synthetic_priority,1,22,39,41,5,0.0,3.0
ON18,simplified,6,18,39,43,5,0.0,1.0
ON18,seat_reliability_5,1,22,37,43,5,0.0,3.0
ON18,seat_reliability_10,1,22,37,43,5,0.0,3.0
ON18,seat_reliability_20,1,22,37,43,5,0.0,3.0
ON20,reference,0,34,31,44,5,0.0,8.0
ON20,no_siphon,0,34,31,44,5,0.0,8.0
ON20,no_geography,6,34,31,45,5,0.0,7.0
ON20,no_constraints,0,34,31,44,5,0.0,8.0
ON20,no_synthetic_priority,1,34,32,43,5,0.0,8.0
ON20,simplified,5,30,32,44,5,0.0,7.0
ON20,seat_reliability_5,0,34,31,44,5,0.0,8.0
ON20,seat_reliability_10,0,34,31,44,5,0.0,8.0
ON20,seat_reliability_20,0,34,31,44,5,0.0,8.0
ON24,reference,0,49,26,38,5,0.0,19.0
ON24,no_siphon,1,48,26,38,5,1.0,18.0
ON24,no_geography,5,48,24,40,5,1.0,18.0
ON24,no_constraints,0,49,26,38,5,0.0,19.0
ON24,no_synthetic_priority,1,50,27,37,5,0.0,19.0
ON24,simplified,6,47,25,40,5,1.0,17.0
ON24,seat_reliability_5,0,49,26,38,5,0.0,19.0
ON24,seat_reliability_10,0,49,26,38,5,0.0,19.0
ON24,seat_reliability_20,0,49,26,38,5,0.0,19.0
