Seat,ALP win (%),LNP win (%),GRN win (%),ON win (%),IND win (%),OTH win (%),Median winner margin (pp above 50),Median forced ALP–LNP 2PP (%),Largest MC standard error (pp),Assumptions
Box Hill,25.5,74.5,0.0,0.0,0.0,0.0,0.9613810887512175,49.19401060444754,3.0820042180373473,Narrower
Bulleen,0.0,100.0,0.0,0.0,0.0,0.0,13.853455124733644,36.146544875266365,0.0,Narrower
Glen Waverley,0.0,100.0,0.0,0.0,0.0,0.0,4.896534415481329,45.103465584518666,0.0,Narrower
Ivanhoe,100.0,0.0,0.0,0.0,0.0,0.0,4.862444670001093,54.862444670001096,0.0,Narrower
Bundoora,100.0,0.0,0.0,0.0,0.0,0.0,5.499329751177939,55.49932975117794,0.0,Narrower
Bayswater,0.0,100.0,0.0,0.0,0.0,0.0,6.547835799944418,43.45216420005558,0.0,Narrower
Croydon,0.0,100.0,0.0,0.0,0.0,0.0,10.24473729699557,39.755262703004426,0.0,Narrower
Ringwood,8.0,92.0,0.0,0.0,0.0,0.0,1.3266099997564673,48.68053039813177,1.918332609325088,Narrower
Warrandyte,0.0,100.0,0.0,0.0,0.0,0.0,13.130055457008705,36.8699445429913,0.0,Narrower
Eltham,73.0,27.0,0.0,0.0,0.0,0.0,0.8929947464164867,50.71382791986927,3.1392674304684522,Narrower
Mill Park,100.0,0.0,0.0,0.0,0.0,0.0,3.5367983166554486,54.88015488426639,0.0,Narrower
Brunswick,0.0,0.0,100.0,0.0,0.0,0.0,15.868996360538207,77.53565259730834,0.0,Narrower
Northcote,0.0,0.0,100.0,0.0,0.0,0.0,4.166802854747692,73.94221926050464,0.0,Narrower
Melbourne,0.0,0.0,100.0,0.0,0.0,0.0,13.514173295867282,70.14974519942062,0.0,Narrower
Richmond,0.0,0.0,100.0,0.0,0.0,0.0,9.454410387897628,73.6594252380664,0.0,Narrower
Essendon,93.5,6.5,0.0,0.0,0.0,0.0,2.3732333868360325,51.88026646648323,1.7432010784760317,Narrower
Pascoe Vale,82.5,0.0,17.5,0.0,0.0,0.0,1.243956384870254,62.02968821500856,2.686773157525585,Narrower
Preston,99.5,0.0,0.5,0.0,0.0,0.0,10.718120859817548,60.216396461624065,0.4987484335815003,Narrower
Broadmeadows,100.0,0.0,0.0,0.0,0.0,0.0,5.723214507505042,59.15057849512452,0.0,Narrower
Greenvale,100.0,0.0,0.0,0.0,0.0,0.0,5.158255699841669,55.29455395938414,0.0,Narrower
Thomastown,100.0,0.0,0.0,0.0,0.0,0.0,6.945026940315802,59.69587336280164,0.0,Narrower
Kalkallo,100.0,0.0,0.0,0.0,0.0,0.0,4.443796232339786,56.807444106069525,0.0,Narrower
Clarinda,100.0,0.0,0.0,0.0,0.0,0.0,3.4097988019701986,53.24994719873698,0.0,Narrower
Mordialloc,49.5,50.5,0.0,0.0,0.0,0.0,0.8690163582041555,49.98707930948897,3.5353571248178026,Narrower
Mulgrave,100.0,0.0,0.0,0.0,0.0,0.0,16.313831964935222,60.4302689250681,0.0,Narrower
Rowville,0.0,100.0,0.0,0.0,0.0,0.0,10.912810533172845,39.087189466827155,0.0,Narrower
Cranbourne,14.000000000000002,0.0,0.0,86.0,0.0,0.0,1.688354569664785,49.5985922572189,2.4535688292770597,Narrower
Dandenong,100.0,0.0,0.0,0.0,0.0,0.0,9.045760857013608,60.909325341556006,0.0,Narrower
Narre Warren North,56.99999999999999,0.0,0.0,43.0,0.0,0.0,1.3225878636727584,50.840438924276164,3.500714212842859,Narrower
Narre Warren South,71.0,0.0,0.0,28.999999999999996,0.0,0.0,1.2316966581306599,50.66742986140629,3.208582241426889,Narrower
Frankston,50.5,16.0,0.0,33.5,0.0,0.0,1.1484900090613093,49.387698989026596,3.5353571248178026,Narrower
Berwick,0.0,100.0,0.0,0.0,0.0,0.0,13.884825236934311,34.826034422595534,0.0,Narrower
Carrum,1.0,27.500000000000004,0.0,71.5,0.0,0.0,2.793733970026752,47.62235186798031,3.1919821428071935,Narrower
Albert Park,97.5,0.0,2.5,0.0,0.0,0.0,6.11306572144823,56.12652660743176,1.1039701082909814,Narrower
Brighton,0.0,100.0,0.0,0.0,0.0,0.0,9.608672879470165,39.54544990810025,0.0,Narrower
Caulfield,0.0,100.0,0.0,0.0,0.0,0.0,8.716108515855508,41.65358320761212,0.0,Narrower
Prahran,0.0,0.0,100.0,0.0,0.0,0.0,6.3639405236492195,56.87682038836353,0.0,Narrower
Hawthorn,0.0,100.0,0.0,0.0,0.0,0.0,12.667974149514471,45.78122796433253,0.0,Narrower
Kew,0.0,100.0,0.0,0.0,0.0,0.0,11.394204003367857,41.95117471163066,0.0,Narrower
Malvern,0.0,100.0,0.0,0.0,0.0,0.0,14.438359773024972,35.605244450227644,0.0,Narrower
Bentleigh,62.0,38.0,0.0,0.0,0.0,0.0,0.8665051956210701,50.39082994539805,3.432200460346103,Narrower
Sandringham,0.0,100.0,0.0,0.0,0.0,0.0,13.090486350187986,37.24989464306473,0.0,Narrower
Ashwood,2.5,97.5,0.0,0.0,0.0,0.0,2.177653997912027,47.82234600208797,1.1039701082909814,Narrower
Oakleigh,100.0,0.0,0.0,0.0,0.0,0.0,5.032060663818017,55.032060663818015,0.0,Narrower
Footscray,100.0,0.0,0.0,0.0,0.0,0.0,2.6502235192421733,68.53984573547396,0.0,Narrower
Williamstown,100.0,0.0,0.0,0.0,0.0,0.0,9.456875807968318,57.62907516341483,0.0,Narrower
Laverton,100.0,0.0,0.0,0.0,0.0,0.0,7.859433353130385,59.11671886927876,0.0,Narrower
Niddrie,43.0,46.5,0.0,10.5,0.0,0.0,1.8621637226013066,47.520652554288944,3.5268612107651753,Narrower
St Albans,100.0,0.0,0.0,0.0,0.0,0.0,5.015607113361408,54.39110050127507,0.0,Narrower
Kororoit,100.0,0.0,0.0,0.0,0.0,0.0,5.998510642592053,58.964655944772026,0.0,Narrower
Point Cook,47.5,0.0,0.0,52.5,0.0,0.0,1.079486524942419,52.20496698532171,3.5311117229563838,Narrower
Sydenham,66.5,0.0,0.0,33.5,0.0,0.0,1.1670855560196591,51.26846940363401,3.33747659167821,Narrower
Tarneit,99.5,0.0,0.0,0.5,0.0,0.0,4.281406830067757,54.866689622262975,0.4987484335815003,Narrower
Sunbury,0.0,2.5,0.0,97.5,0.0,0.0,6.9775814771229125,44.73042304029562,1.1039701082909814,Narrower
Werribee,0.5,0.0,0.0,99.5,0.0,0.0,4.643645694890025,49.643028392453935,0.4987484335815003,Narrower
Evelyn,0.0,100.0,0.0,0.0,0.0,0.0,15.267565556429952,34.2931734321013,0.0,Narrower
Monbulk,0.0,93.0,0.0,7.000000000000001,0.0,0.0,4.201021672266464,45.83210222737115,1.804161855266872,Narrower
Pakenham,0.0,93.5,0.0,6.5,0.0,0.0,2.374303122934107,39.46288826760542,1.7432010784760317,Narrower
Mornington,0.0,100.0,0.0,0.0,0.0,0.0,12.228933821142002,31.05155332504679,0.0,Narrower
Nepean,0.0,100.0,0.0,0.0,0.0,0.0,15.246616702621662,33.572689390549826,0.0,Narrower
Morwell,0.0,18.0,0.0,82.0,0.0,0.0,2.0065666256559034,35.936684236271724,2.716615541441225,Narrower
Gippsland East,0.0,100.0,0.0,0.0,0.0,0.0,10.120478366318226,18.616652218835476,0.0,Narrower
Gippsland South,0.0,100.0,0.0,0.0,0.0,0.0,9.274153565472986,24.282345205424022,0.0,Narrower
Bass,0.0,100.0,0.0,0.0,0.0,0.0,6.020021408031317,36.29311465290465,0.0,Narrower
Hastings,0.0,100.0,0.0,0.0,0.0,0.0,9.341568408768941,39.47879564443519,0.0,Narrower
Narracan,0.0,100.0,0.0,0.0,0.0,0.0,12.227850196050639,35.5536032332566,0.0,Narrower
Yan Yean,0.0,31.0,0.0,69.0,0.0,0.0,4.210255000531382,46.77245944472732,3.2703210851535665,Narrower
Shepparton,0.0,94.0,0.0,6.0,0.0,0.0,9.360943826042778,24.529383754078204,1.6792855623746672,Narrower
Bendigo East,51.0,49.0,0.0,0.0,0.0,0.0,0.9306850348252349,50.041664268983574,3.534826728426727,Narrower
Bendigo West,99.0,0.0,0.0,1.0,0.0,0.0,3.5026932484068407,53.8825544951296,0.7035623639735147,Narrower
Eildon,0.0,100.0,0.0,0.0,0.0,0.0,10.29666701304417,33.0715747684009,0.0,Narrower
Euroa,0.0,100.0,0.0,0.0,0.0,0.0,9.458855728189103,28.88584444898097,0.0,Narrower
Macedon,0.5,24.0,0.0,75.5,0.0,0.0,3.428655207364267,47.665743052481076,3.0411757594719844,Narrower
Benambra,0.0,97.5,0.0,2.5,0.0,0.0,8.262990844012252,25.44653086195166,1.1039701082909814,Narrower
Ovens Valley,0.0,100.0,0.0,0.0,0.0,0.0,10.034912914980998,25.190533546953986,0.0,Narrower
Mildura,0.0,50.5,0.0,21.5,28.000000000000004,0.0,2.461464138755498,26.182632118453565,3.5353571248178026,Narrower
Murray Plains,0.0,100.0,0.0,0.0,0.0,0.0,9.645826091570475,17.040820529215384,0.0,Narrower
Lara,4.5,0.0,0.0,95.5,0.0,0.0,3.6936495165833696,51.54286189283983,1.4658615214269053,Narrower
Melton,0.0,0.0,0.0,100.0,0.0,0.0,6.207437707267404,41.36213615407276,0.0,Narrower
Bellarine,12.5,87.5,0.0,0.0,0.0,0.0,1.3530314315060576,48.693417166395484,2.3385358667337135,Narrower
Wendouree,31.0,12.5,0.0,56.49999999999999,0.0,0.0,1.1108960125283396,48.51089462413159,3.5055313434627853,Narrower
Geelong,10.5,0.0,0.0,89.5,0.0,0.0,1.8540140143839812,50.22145822816525,2.1676600286945367,Narrower
South Barwon,0.5,99.5,0.0,0.0,0.0,0.0,3.6730973657781885,46.3269026342218,0.4987484335815003,Narrower
Eureka,0.0,0.0,0.0,100.0,0.0,0.0,8.39797522433441,44.5327701323565,0.0,Narrower
Ripon,0.0,14.000000000000002,0.0,86.0,0.0,0.0,10.43904263687847,41.60741189176018,2.4535688292770597,Narrower
Lowan,0.0,100.0,0.0,0.0,0.0,0.0,12.657597689398076,20.098951184507314,0.0,Narrower
Polwarth,0.0,100.0,0.0,0.0,0.0,0.0,14.734047145997481,37.06855251774259,0.0,Narrower
South-West Coast,0.0,100.0,0.0,0.0,0.0,0.0,8.975581850961762,34.95178517587489,0.0,Narrower
Box Hill,35.5,64.5,0.0,0.0,0.0,0.0,1.5551383248630812,49.193320428523435,3.3836001536824645,Current
Bulleen,0.0,100.0,0.0,0.0,0.0,0.0,13.880663416108979,36.11933658389103,0.0,Current
Glen Waverley,0.5,99.5,0.0,0.0,0.0,0.0,4.964963184749155,45.03503681525085,0.4987484335815003,Current
Ivanhoe,99.5,0.5,0.0,0.0,0.0,0.0,4.884726171568632,54.86711467258145,0.4987484335815003,Current
Bundoora,99.5,0.5,0.0,0.0,0.0,0.0,5.450807011228004,55.41007937794191,0.4987484335815003,Current
Bayswater,0.5,99.5,0.0,0.0,0.0,0.0,6.499367321950967,43.50063267804904,0.4987484335815003,Current
Croydon,0.0,100.0,0.0,0.0,0.0,0.0,10.146006755714348,39.853993244285654,0.0,Current
Ringwood,25.5,74.5,0.0,0.0,0.0,0.0,1.5952473036163262,48.74238016854176,3.0820042180373473,Current
Warrandyte,0.0,100.0,0.0,0.0,0.0,0.0,13.071230543114225,36.928769456885775,0.0,Current
Eltham,66.0,34.0,0.0,0.0,0.0,0.0,1.5485386386440647,50.8232493775447,3.349626844888845,Current
Mill Park,86.5,0.0,0.0,13.5,0.0,0.0,3.736740040766373,55.07854844958984,2.4163505540380514,Current
Brunswick,0.0,0.0,100.0,0.0,0.0,0.0,16.195819451018558,77.51255125731247,0.0,Current
Northcote,3.0,0.0,97.0,0.0,0.0,0.0,4.126989487755461,73.99535820041206,1.2062338081814825,Current
Melbourne,0.0,0.0,100.0,0.0,0.0,0.0,13.843626261721493,70.06952125185981,0.0,Current
Richmond,0.0,0.0,100.0,0.0,0.0,0.0,9.457626486307202,73.71703302141717,0.0,Current
Essendon,82.0,15.0,0.0,3.0,0.0,0.0,2.7555603240116353,51.85839967822812,2.716615541441225,Current
Pascoe Vale,62.0,0.0,38.0,0.0,0.0,0.0,2.703872380015931,62.00014718926017,3.432200460346103,Current
Preston,94.0,0.0,6.0,0.0,0.0,0.0,10.078640761345914,60.342795405570925,1.6792855623746672,Current
Broadmeadows,98.5,0.0,0.0,1.5,0.0,0.0,6.431236321284556,58.85944282790434,0.8595056718835545,Current
Greenvale,97.5,1.5,0.0,1.0,0.0,0.0,5.090023584316983,55.31105603196671,1.1039701082909814,Current
Thomastown,98.5,0.0,0.0,1.5,0.0,0.0,7.231528655468194,59.64451847332204,0.8595056718835545,Current
Kalkallo,94.5,0.5,0.0,5.0,0.0,0.0,4.756707775802715,56.85632881064624,1.6120638945153514,Current
Clarinda,92.0,8.0,0.0,0.0,0.0,0.0,3.7172827300019193,53.243059238538734,1.918332609325088,Current
Mordialloc,53.5,46.0,0.0,0.5,0.0,0.0,1.8491292493124645,50.08636365186243,3.5268612107651753,Current
Mulgrave,100.0,0.0,0.0,0.0,0.0,0.0,13.03423716960766,60.5220374072466,0.0,Current
Rowville,0.0,100.0,0.0,0.0,0.0,0.0,10.819498398931499,39.1805016010685,0.0,Current
Cranbourne,34.0,0.5,0.0,65.5,0.0,0.0,2.462848494741804,49.56601934622961,3.3613613313656114,Current
Dandenong,100.0,0.0,0.0,0.0,0.0,0.0,8.992912691810522,60.90732695889899,0.0,Current
Narre Warren North,54.50000000000001,2.0,0.0,43.5,0.0,0.0,2.4117140953754057,50.89266066591854,3.5211858797853886,Current
Narre Warren South,59.5,4.0,0.0,36.5,0.0,0.0,2.0762464824483793,50.78664707781548,3.47113093962184,Current
Frankston,44.5,22.0,0.0,33.5,0.0,0.0,2.1629692095309796,49.60882476026596,3.514078826662828,Current
Berwick,0.0,100.0,0.0,0.0,0.0,0.0,12.878162917037484,34.932665410236766,0.0,Current
Carrum,15.5,28.999999999999996,0.0,55.50000000000001,0.0,0.0,2.6036521126796055,47.80011742214511,3.514078826662828,Current
Albert Park,88.5,0.5,11.0,0.0,0.0,0.0,6.178026327101965,56.32145111555283,2.255825791146116,Current
Brighton,0.0,100.0,0.0,0.0,0.0,0.0,9.870848323630288,39.418083064193034,0.0,Current
Caulfield,0.0,100.0,0.0,0.0,0.0,0.0,8.394770921761713,41.56147963434983,0.0,Current
Prahran,0.0,0.0,100.0,0.0,0.0,0.0,6.410543822383402,56.768299416123845,0.0,Current
Hawthorn,0.0,100.0,0.0,0.0,0.0,0.0,11.044018203440437,45.335027360935676,0.0,Current
Kew,0.0,100.0,0.0,0.0,0.0,0.0,12.008648201253497,41.82290934134528,0.0,Current
Malvern,0.0,100.0,0.0,0.0,0.0,0.0,14.200076135996136,35.60666321931816,0.0,Current
Bentleigh,55.00000000000001,45.0,0.0,0.0,0.0,0.0,1.7214800572692812,50.459485720917755,3.517811819867572,Current
Sandringham,0.0,100.0,0.0,0.0,0.0,0.0,12.870752802678947,37.330575325774056,0.0,Current
Ashwood,18.5,81.5,0.0,0.0,0.0,0.0,2.463018787441901,47.7166179401597,2.7456784225396826,Current
Oakleigh,98.5,1.5,0.0,0.0,0.0,0.0,5.217885314204024,55.11024971137495,0.8595056718835545,Current
Footscray,87.0,0.0,13.0,0.0,0.0,0.0,2.6296480926284502,68.54578178736737,2.378024390118823,Current
Williamstown,99.5,0.0,0.5,0.0,0.0,0.0,9.097688861210651,57.727161223623405,0.4987484335815003,Current
Laverton,100.0,0.0,0.0,0.0,0.0,0.0,8.592210333875016,58.908922899501846,0.0,Current
Niddrie,34.0,42.5,0.0,23.5,0.0,0.0,2.14154216884489,47.78236993048505,3.4955328635273903,Current
St Albans,93.5,0.5,0.0,6.0,0.0,0.0,4.548643910404914,54.044913336894155,1.743201078476031,Current
Kororoit,97.5,0.0,0.0,2.5,0.0,0.0,6.420449167729653,58.87038992053788,1.1039701082909814,Current
Point Cook,51.5,1.0,0.0,47.5,0.0,0.0,2.2532646408521817,51.8082699101406,3.533942557541082,Current
Sydenham,59.0,3.0,0.0,38.0,0.0,0.0,2.0636150317838053,51.31736210354985,3.47778665245584,Current
Tarneit,94.5,0.0,0.0,5.5,0.0,0.0,4.121114195195213,54.90216968980902,1.6120638945153514,Current
Sunbury,1.0,20.0,0.0,79.0,0.0,0.0,6.654026323796519,44.81745801949353,2.8801041647829333,Current
Werribee,15.5,0.5,0.0,84.0,0.0,0.0,4.621486600523895,49.72770409567102,2.5922962793631443,Current
Evelyn,0.0,100.0,0.0,0.0,0.0,0.0,14.230461856716259,34.355590588004624,0.0,Current
Monbulk,1.5,78.0,0.0,20.5,0.0,0.0,4.22483396884778,46.101214532282434,2.9291637031753615,Current
Pakenham,0.0,71.0,0.0,28.999999999999996,0.0,0.0,3.4169749366190603,39.43807385350204,3.208582241426889,Current
Mornington,0.0,100.0,0.0,0.0,0.0,0.0,11.893300665876266,31.005603036795303,0.0,Current
Nepean,0.0,100.0,0.0,0.0,0.0,0.0,14.184415588646083,33.650856428349805,0.0,Current
Morwell,0.0,28.000000000000004,0.0,72.0,0.0,0.0,3.024420300999492,35.81348214235561,3.1749015732775088,Current
Gippsland East,0.0,100.0,0.0,0.0,0.0,0.0,9.977209731898368,18.54177962998374,0.0,Current
Gippsland South,0.0,100.0,0.0,0.0,0.0,0.0,9.397574983319112,24.45490527748441,0.0,Current
Bass,0.0,98.0,0.0,2.0,0.0,0.0,6.390681599078485,36.512331968066015,0.9899494936611668,Current
Hastings,0.0,94.5,0.0,5.5,0.0,0.0,8.300914100844686,39.39038687017018,1.6120638945153514,Current
Narracan,0.0,100.0,0.0,0.0,0.0,0.0,11.564135595343483,35.555244192078725,0.0,Current
Yan Yean,6.5,36.5,0.0,56.99999999999999,0.0,0.0,3.761022137044412,46.94084588021805,3.500714212842859,Current
Shepparton,0.0,87.5,0.0,12.0,0.5,0.0,8.328795024866299,24.73487177960501,2.3385358667337135,Current
Bendigo East,53.0,45.0,0.0,2.0,0.0,0.0,1.8687696784623065,50.024117949112664,3.529164207004259,Current
Bendigo West,88.0,2.5,0.0,9.5,0.0,0.0,3.5457474652484056,53.94889323983257,2.2978250586152114,Current
Eildon,0.0,100.0,0.0,0.0,0.0,0.0,10.892359189973538,33.05183475195979,0.0,Current
Euroa,0.0,100.0,0.0,0.0,0.0,0.0,9.471695902658372,28.933953376840716,0.0,Current
Macedon,14.000000000000002,28.000000000000004,0.0,57.99999999999999,0.0,0.0,3.2462559309781813,47.692242279487765,3.4899856733230297,Current
Benambra,0.0,89.0,0.0,11.0,0.0,0.0,7.569049838564068,25.671326211826972,2.2124646889837587,Current
Ovens Valley,0.0,100.0,0.0,0.0,0.0,0.0,9.972211031236993,24.948491276105216,0.0,Current
Mildura,0.0,49.0,0.0,31.0,20.0,0.0,2.9988095535386283,26.30717360053397,3.534826728426727,Current
Murray Plains,0.0,100.0,0.0,0.0,0.0,0.0,9.793143965030026,17.453709826180308,0.0,Current
Lara,22.5,0.0,0.0,77.5,0.0,0.0,3.3624125583838205,51.95227930024875,2.9527529527544294,Current
Melton,2.5,0.5,0.0,94.5,2.5,0.0,6.164189881731103,41.606257772584314,1.6120638945153514,Current
Bellarine,27.0,73.0,0.0,0.0,0.0,0.0,1.9604519464992476,48.736294177463904,3.1392674304684522,Current
Wendouree,37.0,19.0,0.0,44.0,0.0,0.0,2.0416347800835064,48.43010111889308,3.5099857549568494,Current
Geelong,38.5,0.0,0.0,61.5,0.0,0.0,2.2474221014614715,50.33146341530151,3.4407484650872115,Current
South Barwon,6.5,90.0,0.0,3.5000000000000004,0.0,0.0,3.5145120627624813,46.461009987027055,2.1213203435596424,Current
Eureka,0.0,6.0,0.0,94.0,0.0,0.0,8.196353374306554,44.70522637542339,1.6792855623746672,Current
Ripon,0.0,29.5,0.0,70.5,0.0,0.0,8.11270508308446,41.58646469142651,3.224709289222828,Current
Lowan,0.0,100.0,0.0,0.0,0.0,0.0,12.680817725215615,20.198299028557265,0.0,Current
Polwarth,0.0,100.0,0.0,0.0,0.0,0.0,13.859223175087287,36.964274608694346,0.0,Current
South-West Coast,0.0,100.0,0.0,0.0,0.0,0.0,9.717683833129719,34.68462196904104,0.0,Current
Box Hill,38.0,62.0,0.0,0.0,0.0,0.0,2.3562682854217476,49.185062374995574,3.432200460346103,Wider
Bulleen,0.0,100.0,0.0,0.0,0.0,0.0,13.80892337499326,36.16925487524058,0.0,Wider
Glen Waverley,6.5,93.5,0.0,0.0,0.0,0.0,4.972161099386302,45.0278389006137,1.7432010784760317,Wider
Ivanhoe,90.5,7.000000000000001,2.5,0.0,0.0,0.0,4.967153160405963,54.880770704892726,2.073342711661533,Wider
Bundoora,96.5,3.5000000000000004,0.0,0.0,0.0,0.0,5.365253490471888,55.28299779668791,1.2995191418367031,Wider
Bayswater,2.5,97.5,0.0,0.0,0.0,0.0,6.36376385173778,43.63623614826222,1.1039701082909814,Wider
Croydon,0.0,100.0,0.0,0.0,0.0,0.0,10.154693633263223,39.96444990353909,0.0,Wider
Ringwood,32.5,67.0,0.5,0.0,0.0,0.0,2.0886511594931934,48.78559903526738,3.32490601370926,Wider
Warrandyte,0.0,100.0,0.0,0.0,0.0,0.0,13.020725526826288,36.97927447317371,0.0,Wider
Eltham,64.0,35.5,0.0,0.5,0.0,0.0,2.328117760436527,50.99333869474349,3.394112549695428,Wider
Mill Park,78.5,0.0,0.0,21.5,0.0,0.0,4.314663674643882,55.25638979839938,2.9049526674285073,Wider
Brunswick,0.0,0.0,100.0,0.0,0.0,0.0,16.383164158695102,77.41518721115405,0.0,Wider
Northcote,9.5,0.0,90.5,0.0,0.0,0.0,4.300364238896948,74.13210750778188,2.0733427116615335,Wider
Melbourne,0.0,0.0,100.0,0.0,0.0,0.0,13.92228563751784,70.04904636505889,0.0,Wider
Richmond,0.5,0.0,99.5,0.0,0.0,0.0,9.626228903590128,73.80015223463391,0.4987484335815003,Wider
Essendon,73.5,16.0,2.0,8.5,0.0,0.0,3.3840740326337992,51.81953653415099,3.1206970375222265,Wider
Pascoe Vale,56.49999999999999,0.0,42.5,1.0,0.0,0.0,3.6770578630173576,61.788816572770266,3.5055313434627853,Wider
Preston,85.5,0.0,11.0,3.5000000000000004,0.0,0.0,8.55792764048271,60.42065139617897,2.489728900904675,Wider
Broadmeadows,95.0,0.0,0.0,5.0,0.0,0.0,7.335227767664204,58.774916501105714,1.541103500742245,Wider
Greenvale,91.5,4.0,0.0,4.5,0.0,0.0,5.168756593135354,55.37178022811665,1.9719913792915014,Wider
Thomastown,94.0,0.0,0.0,6.0,0.0,0.0,7.6360408103790025,59.60639333009561,1.6792855623746672,Wider
Kalkallo,86.0,1.0,0.0,13.0,0.0,0.0,5.467862851172595,56.968695093585396,2.4535688292770597,Wider
Clarinda,82.0,15.0,0.0,3.0,0.0,0.0,3.953761677700335,53.44522259526126,2.716615541441225,Wider
Mordialloc,56.99999999999999,41.5,0.0,1.5,0.0,0.0,2.788499343480061,50.26908494917889,3.500714212842859,Wider
Mulgrave,100.0,0.0,0.0,0.0,0.0,0.0,11.972117988220376,60.58944614091904,0.0,Wider
Rowville,0.0,100.0,0.0,0.0,0.0,0.0,10.832133241894459,39.102262342032695,0.0,Wider
Cranbourne,41.5,4.5,0.0,54.0,0.0,0.0,3.5059513183178237,49.64330562763644,3.5242020373412197,Wider
Dandenong,99.5,0.0,0.0,0.5,0.0,0.0,9.236966253706841,60.82117361885122,0.4987484335815003,Wider
Narre Warren North,53.0,5.5,0.0,41.5,0.0,0.0,3.5632191494743335,50.98081779292048,3.529164207004259,Wider
Narre Warren South,55.00000000000001,7.5,0.0,37.5,0.0,0.0,3.041373748384424,50.92159222964128,3.517811819867572,Wider
Frankston,47.5,21.5,0.0,31.0,0.0,0.0,3.281290969526945,49.467644687490264,3.5311117229563838,Wider
Berwick,0.0,100.0,0.0,0.0,0.0,0.0,11.720288771631381,35.08910395599247,0.0,Wider
Carrum,24.0,31.0,0.0,45.0,0.0,0.0,3.1390870608908106,47.91157060534837,3.517811819867572,Wider
Albert Park,79.0,6.5,14.499999999999998,0.0,0.0,0.0,6.144213430254214,56.55340459101448,2.8801041647829333,Wider
Brighton,0.0,99.5,0.5,0.0,0.0,0.0,10.11952981956495,39.29094699352317,0.4987484335815003,Wider
Caulfield,0.5,99.5,0.0,0.0,0.0,0.0,8.24832597734073,41.647686779011075,0.4987484335815003,Wider
Prahran,0.0,3.5000000000000004,96.5,0.0,0.0,0.0,6.438234603285081,56.67284874201022,1.2995191418367031,Wider
Hawthorn,2.5,97.5,0.0,0.0,0.0,0.0,10.044977409325284,44.81181894541636,1.1039701082909814,Wider
Kew,0.0,99.5,0.0,0.0,0.5,0.0,12.129584075058064,41.40481372941388,0.4987484335815003,Wider
Malvern,0.0,100.0,0.0,0.0,0.0,0.0,13.851010405804665,35.72525086881626,0.0,Wider
Bentleigh,52.5,47.5,0.0,0.0,0.0,0.0,2.5416048812774648,50.57932185970675,3.5311117229563838,Wider
Sandringham,0.0,100.0,0.0,0.0,0.0,0.0,12.630841761783145,37.42552094764101,0.0,Wider
Ashwood,25.0,75.0,0.0,0.0,0.0,0.0,3.056438181784654,47.58601775298267,3.0618621784789726,Wider
Oakleigh,91.5,8.5,0.0,0.0,0.0,0.0,5.284247497346273,55.154646939101816,1.971991379291502,Wider
Footscray,76.0,0.0,24.0,0.0,0.0,0.0,3.3689309589751417,68.56056780851175,3.0199337741083,Wider
Williamstown,98.0,0.5,1.5,0.0,0.0,0.0,8.562600736920434,57.793293176248774,0.9899494936611668,Wider
Laverton,96.0,0.5,0.0,3.5000000000000004,0.0,0.0,8.281878338474725,58.76169229023047,1.3856406460551025,Wider
Niddrie,37.0,38.5,0.0,24.5,0.0,0.0,2.654316808500229,47.88347967014899,3.4407484650872115,Wider
St Albans,81.5,5.5,0.0,13.0,0.0,0.0,4.43687841620215,53.98400718496843,2.7456784225396826,Wider
Kororoit,91.0,0.0,0.0,9.0,0.0,0.0,6.479335071194525,58.988024237915816,2.023610634484806,Wider
Point Cook,52.0,5.0,0.0,43.0,0.0,0.0,3.401538904206242,51.513806369649686,3.5327043465311387,Wider
Sydenham,56.99999999999999,9.0,0.0,34.0,0.0,0.0,2.852343660737483,51.28469679310338,3.500714212842859,Wider
Tarneit,83.0,3.0,0.0,14.000000000000002,0.0,0.0,4.361203966210963,54.9353540362258,2.6561249970586855,Wider
Sunbury,6.5,27.500000000000004,0.0,66.0,0.0,0.0,6.182400880154409,44.93260704359665,3.349626844888845,Wider
Werribee,27.500000000000004,3.0,0.0,69.5,0.0,0.0,4.645723462930462,49.68340186591714,3.2555721463361857,Wider
Evelyn,0.0,100.0,0.0,0.0,0.0,0.0,13.455583620951323,34.42367835657006,0.0,Wider
Monbulk,12.5,62.0,0.0,25.5,0.0,0.0,3.931774161640261,46.450797671565,3.432200460346103,Wider
Pakenham,0.0,60.5,0.0,39.5,0.0,0.0,5.065248956086688,39.390634184906645,3.4566963997435467,Wider
Mornington,0.0,100.0,0.0,0.0,0.0,0.0,11.28529442764033,30.88936732770906,0.0,Wider
Nepean,0.0,100.0,0.0,0.0,0.0,0.0,13.173588978713092,33.815312510915874,0.0,Wider
Morwell,0.0,30.0,0.0,70.0,0.0,0.0,4.750350321653202,35.74849695440658,3.24037034920393,Wider
Gippsland East,0.0,98.5,0.0,1.5,0.0,0.0,9.887467926799237,18.676289931138456,0.8595056718835545,Wider
Gippsland South,0.0,98.0,0.0,2.0,0.0,0.0,9.45683237433273,24.5705847114129,0.9899494936611668,Wider
Bass,0.0,86.0,0.0,14.000000000000002,0.0,0.0,7.303857979580491,36.57414436787702,2.4535688292770597,Wider
Hastings,0.0,87.5,0.0,12.5,0.0,0.0,7.936175304920207,39.63663539833958,2.3385358667337135,Wider
Narracan,0.0,99.5,0.0,0.5,0.0,0.0,11.328131985742274,35.639624841635985,0.4987484335815003,Wider
Yan Yean,18.5,38.5,0.0,43.0,0.0,0.0,3.6615350546033767,47.07799125064886,3.500714212842859,Wider
Shepparton,0.0,82.0,0.0,17.0,1.0,0.0,7.442008862423427,24.837865424973703,2.716615541441225,Wider
Bendigo East,51.5,41.5,0.0,7.000000000000001,0.0,0.0,2.727795599970423,49.959554996985936,3.533942557541082,Wider
Bendigo West,79.5,6.5,0.0,14.000000000000002,0.0,0.0,3.9227695312036124,54.057155759815025,2.8546015483776364,Wider
Eildon,0.0,98.5,0.0,1.5,0.0,0.0,11.277739961334015,33.12200962732339,0.8595056718835545,Wider
Euroa,0.0,98.0,0.0,2.0,0.0,0.0,9.559985584821629,28.89855064853683,0.9899494936611668,Wider
Macedon,25.0,27.0,0.0,48.0,0.0,0.0,3.506766078550161,47.750193105216205,3.5327043465311387,Wider
Benambra,0.0,76.5,0.0,21.0,2.5,0.0,6.203593480617631,25.975665735809816,2.9981244136960026,Wider
Ovens Valley,0.0,99.0,0.0,1.0,0.0,0.0,10.227055124529372,24.594886089433594,0.7035623639735147,Wider
Mildura,0.0,45.0,0.0,35.5,19.5,0.0,3.3973041156459605,26.485804827932995,3.517811819867572,Wider
Murray Plains,0.0,98.5,0.0,1.5,0.0,0.0,9.998712599141784,17.849133062426514,0.8595056718835545,Wider
Lara,35.5,0.0,0.0,64.5,0.0,0.0,3.8064963556431075,52.29159788620752,3.3836001536824645,Wider
Melton,6.0,4.5,0.0,84.0,5.5,0.0,5.958617406594979,41.7694338118929,2.5922962793631443,Wider
Bellarine,33.0,66.0,0.0,1.0,0.0,0.0,2.7489062754557203,48.81670270142453,3.349626844888845,Wider
Wendouree,37.0,22.0,0.0,41.0,0.0,0.0,2.783482148862082,48.400189388521916,3.47778665245584,Wider
Geelong,46.0,1.0,0.0,53.0,0.0,0.0,3.3661439385056005,50.54328840590359,3.529164207004259,Wider
South Barwon,16.0,77.5,0.0,6.5,0.0,0.0,3.7301200895624387,46.45083011940192,2.952752952754429,Wider
Eureka,6.0,15.0,0.0,79.0,0.0,0.0,7.325843094447953,44.898735018400274,2.8801041647829333,Wider
Ripon,0.0,38.5,0.0,61.5,0.0,0.0,7.797930120527763,41.634687262487766,3.4407484650872115,Wider
Lowan,0.0,99.5,0.0,0.5,0.0,0.0,12.647816339570827,20.153203767490094,0.4987484335815003,Wider
Polwarth,0.0,100.0,0.0,0.0,0.0,0.0,13.118367094806588,36.827143520000845,0.0,Wider
South-West Coast,0.0,98.0,0.0,0.5,1.5,0.0,9.999079054105342,34.36641970486634,0.9899494936611668,Wider
