Draw,ALP,LNP,GRN,ON,IND,OTH
1,32,39,4,13,0,0
2,49,32,5,2,0,0
3,27,46,11,4,0,0
4,32,44,6,6,0,0
5,25,40,5,16,2,0
6,29,38,5,15,1,0
7,36,42,5,5,0,0
8,35,40,7,6,0,0
9,16,42,8,22,0,0
10,27,49,6,6,0,0
11,17,35,6,30,0,0
12,29,48,7,4,0,0
13,39,40,5,3,1,0
14,24,38,4,22,0,0
15,15,36,5,32,0,0
16,9,65,5,9,0,0
17,36,36,4,12,0,0
18,22,40,8,17,1,0
19,34,42,4,6,2,0
20,41,32,5,10,0,0
21,14,37,10,27,0,0
22,46,36,4,2,0,0
23,35,42,7,2,2,0
24,11,52,5,20,0,0
25,42,34,4,8,0,0
26,44,39,5,0,0,0
27,39,38,5,6,0,0
28,26,49,5,8,0,0
29,25,39,9,14,1,0
30,40,34,4,9,1,0
31,33,40,5,8,2,0
32,29,36,5,18,0,0
33,33,28,7,20,0,0
34,24,48,7,9,0,0
35,45,32,4,6,1,0
36,28,32,5,23,0,0
37,33,38,5,12,0,0
38,38,36,5,8,1,0
39,26,36,6,20,0,0
40,18,43,5,22,0,0
41,26,41,5,15,1,0
42,30,48,6,4,0,0
43,28,25,5,30,0,0
44,6,55,6,21,0,0
45,17,49,7,15,0,0
46,14,41,6,27,0,0
47,25,36,8,19,0,0
48,51,30,5,2,0,0
49,31,51,5,1,0,0
50,41,37,7,1,2,0
51,18,45,6,19,0,0
52,26,54,5,3,0,0
53,28,45,5,10,0,0
54,31,38,5,14,0,0
55,43,30,5,9,1,0
56,17,40,5,26,0,0
57,31,47,6,4,0,0
58,36,43,5,4,0,0
59,27,45,6,10,0,0
60,39,31,3,15,0,0
61,22,39,6,20,1,0
62,48,32,5,2,1,0
63,13,36,6,33,0,0
64,28,35,5,19,1,0
65,43,36,4,5,0,0
66,31,44,6,7,0,0
67,35,42,7,4,0,0
68,35,41,6,5,1,0
69,30,45,9,2,2,0
70,43,37,5,1,2,0
71,39,29,5,14,1,0
72,33,30,6,19,0,0
73,35,47,6,0,0,0
74,39,31,5,12,1,0
75,21,40,8,18,1,0
76,19,50,8,11,0,0
77,28,48,5,7,0,0
78,25,37,4,22,0,0
79,20,48,6,14,0,0
80,18,28,6,36,0,0
81,22,31,7,28,0,0
82,34,28,5,21,0,0
83,31,41,6,10,0,0
84,12,48,7,21,0,0
85,27,40,7,14,0,0
86,21,39,6,21,1,0
87,43,35,4,6,0,0
88,36,34,4,14,0,0
89,8,37,6,37,0,0
90,25,35,9,18,1,0
91,29,39,5,15,0,0
92,14,53,7,14,0,0
93,29,48,6,5,0,0
94,44,33,5,6,0,0
95,47,34,5,2,0,0
96,28,33,5,22,0,0
97,14,52,8,14,0,0
98,45,31,6,6,0,0
99,40,32,6,10,0,0
100,32,37,6,13,0,0
101,26,37,6,17,2,0
102,18,37,6,27,0,0
103,12,47,5,24,0,0
104,39,33,4,11,1,0
105,34,35,6,13,0,0
106,41,40,6,0,1,0
107,34,44,5,5,0,0
108,14,42,6,26,0,0
109,15,55,5,13,0,0
110,42,39,7,0,0,0
111,19,48,6,15,0,0
112,23,39,6,20,0,0
113,35,38,5,10,0,0
114,24,46,7,11,0,0
115,22,47,7,12,0,0
116,28,35,5,20,0,0
117,9,53,7,19,0,0
118,20,47,5,16,0,0
119,18,45,9,16,0,0
120,34,41,6,7,0,0
121,32,42,4,10,0,0
122,37,43,7,1,0,0
123,41,34,5,8,0,0
124,11,66,6,5,0,0
125,37,43,6,2,0,0
126,29,45,5,8,1,0
127,36,32,5,15,0,0
128,39,31,5,13,0,0
129,21,48,7,11,1,0
130,35,32,5,16,0,0
131,27,49,6,6,0,0
132,18,42,7,21,0,0
133,49,28,5,6,0,0
134,37,35,5,10,1,0
135,24,38,5,21,0,0
136,37,41,5,5,0,0
137,20,44,5,19,0,0
138,18,54,10,6,0,0
139,27,47,5,9,0,0
140,30,44,5,9,0,0
141,28,46,5,9,0,0
142,41,38,5,3,1,0
143,30,39,7,12,0,0
144,43,35,6,3,1,0
145,26,28,5,29,0,0
146,8,33,9,38,0,0
147,28,51,4,5,0,0
148,23,32,5,28,0,0
149,12,43,6,27,0,0
150,31,34,7,14,2,0
151,27,26,7,28,0,0
152,41,39,5,3,0,0
153,32,39,4,13,0,0
154,33,44,7,4,0,0
155,29,47,5,7,0,0
156,5,61,10,12,0,0
157,9,46,6,27,0,0
158,34,43,7,3,1,0
159,18,39,7,23,1,0
160,12,42,7,27,0,0
161,30,40,7,11,0,0
162,24,51,5,8,0,0
163,43,26,5,14,0,0
164,39,34,5,9,1,0
165,29,48,7,4,0,0
166,25,36,5,22,0,0
167,18,35,7,27,1,0
168,31,46,5,6,0,0
169,21,55,6,6,0,0
170,24,34,6,24,0,0
171,29,26,6,27,0,0
172,22,45,5,16,0,0
173,29,48,5,6,0,0
174,25,32,5,25,1,0
175,27,35,6,20,0,0
176,34,40,5,8,1,0
177,35,36,5,11,1,0
178,27,32,8,20,1,0
179,34,40,5,8,1,0
180,37,40,7,4,0,0
181,34,33,5,16,0,0
182,45,28,5,10,0,0
183,25,36,5,22,0,0
184,15,36,7,30,0,0
185,42,36,5,5,0,0
186,20,45,8,15,0,0
187,30,35,7,16,0,0
188,30,37,4,17,0,0
189,24,34,7,22,1,0
190,42,40,5,1,0,0
191,18,42,5,22,1,0
192,32,34,6,16,0,0
193,31,49,7,0,1,0
194,23,51,6,8,0,0
195,43,37,5,3,0,0
196,16,57,9,6,0,0
197,24,37,6,20,1,0
198,31,40,6,11,0,0
199,38,32,7,11,0,0
200,45,28,9,1,5,0
